<?xml version="1.0" encoding="UTF-8"?><CapabilityStatement xmlns="http://hl7.org/fhir"><id value="MindfulnessCapabilityStatement"/><text><status value="extensions"/><div xmlns="http://www.w3.org/1999/xhtml"><p class="res-header-id"><b>Narrativa gerada: CapabilityStatement MindfulnessCapabilityStatement</b></p><a name="MindfulnessCapabilityStatement"> </a><a name="hcMindfulnessCapabilityStatement"> </a><h2 id="title">Mindfulness Module Capabilities</h2><ul><li>Guia de implementação Versão: 0.1.0 </li><li>Versão FHIR: 4.0.1 </li><li>Formatos suportados: <code>json</code>, <code>xml</code></li><li>Formatos de patch suportados: </li><li>Publicado em: 2024-03-19 </li><li>Publicado por: Ricardo Lourenço dos Santos </li></ul><blockquote class="impl-note"><p><strong>Nota para os implementadores: Capacidades FHIR</strong></p><p>Qualquer capacidade FHIR pode ser &quot;permitida&quot; pelo sistema, exceto se for explicitamente assinalada como &quot;NÃO DEVE&quot;. Alguns itens são marcados como MAY no Guia de Implementação para destacar a sua potencial relevância para o caso de utilização.</p></blockquote><h2 id="rest">Capacidades FHIR RESTful</h2><div class="panel panel-default"><div class="panel-heading"><h3 id="mode1" class="panel-title">Mode: <code>server</code></h3></div><div class="panel-body"><div><p>RESTful server capabilities for mindfulness data</p>
</div><div class="lead"><em>Resumo das interações a nível do sistema</em></div></div></div><h3 id="resourcesCap1">Capacidades por recurso/perfil</h3><h4 id="resourcesSummary1">Resumo</h4><p>A tabela de resumo enumera os recursos que fazem parte desta configuração e, para cada recurso, enumera-os:</p><ul><li>Os perfis relevantes (se existirem)</li><li>As interações suportadas por cada recurso (<b><span class="bg-info">R</span></b>ead, <b><span class="bg-info">S</span></b>earch, <b><span class="bg-info">U</span></b>pdate, and <b><span class="bg-info">C</span></b>reate, are always shown, while <b><span class="bg-info">VR</span></b>ead, <b><span class="bg-info">P</span></b>atch, <b><span class="bg-info">D</span></b>elete, <b><span class="bg-info">H</span></b>istory on <b><span class="bg-info">I</span></b>nstance, or <b><span class="bg-info">H</span></b>istory on <b><span class="bg-info">T</span></b>só estão presentes se pelo menos um dos recursos os suportar.</li><li><span>Os parâmetros de pesquisa obrigatórios, recomendados e alguns opcionais (se existirem). </span></li><li>Os recursos ligados activados para <code>_include</code></li><li>Os outros recursos activados para <code>_revinclude</code></li><li>As operações sobre o recurso (se existirem)</li></ul><div class="table-responsive"><table class="table table-condensed table-hover"><thead><tr><th><b>Tipo de recurso</b></th><th><b>Perfil</b></th><th class="text-center"><b title="GET um recurso (interação de leitura)">R</b></th><th class="text-center"><b title="GET todo o conjunto de recursos do tipo (interação de pesquisa)">S</b></th><th class="text-center"><b title="PUT uma nova versão do recurso (interação de atualização)">U</b></th><th class="text-center"><b title="POST um novo recurso (criar interação)">C</b></th><th><b title="Parâmetros de pesquisa necessários e recomendados">Pesquisas</b></th><th><code><b>_include</b></code></th><th><code><b>_revinclude</b></code></th><th><b>Operações</b></th></tr></thead><tbody><tr><td><a href="#Observation1-1">Observation</a></td><td><a href="StructureDefinition-mindfulness-observation.html">https://2rdoc.pt/ig/ios-lifestyle-medicine/StructureDefinition/mindfulness-observation</a></td><td class="text-center">y</td><td class="text-center">y</td><td class="text-center">y</td><td class="text-center">y</td><td>patient, date, code</td><td/><td/><td/></tr><tr><td><a href="#Questionnaire1-2">Questionnaire</a></td><td>https://2rdoc.pt/ig/ios-lifestyle-medicine/StructureDefinition/mindfulness-questionnaire</td><td class="text-center">y</td><td class="text-center">y</td><td class="text-center"></td><td class="text-center"></td><td>title</td><td/><td/><td/></tr><tr><td><a href="#QuestionnaireResponse1-3">QuestionnaireResponse</a></td><td>https://2rdoc.pt/ig/ios-lifestyle-medicine/StructureDefinition/mindfulness-questionnaire-response</td><td class="text-center">y</td><td class="text-center">y</td><td class="text-center"></td><td class="text-center">y</td><td>patient, authored</td><td/><td/><td/></tr></tbody></table></div><hr/><div class="panel panel-default"><div class="panel-heading"><h4 id="Observation1-1" class="panel-title"><span style="float: right;">Conformidade do recurso: supported </span>Observation</h4></div><div class="panel-body"><div class="container"><div class="row"><div class="col-lg-6"><span class="lead">Perfil do sistema de base</span><br/><a href="StructureDefinition-mindfulness-observation.html">Mindfulness Session Observation</a></div><div class="col-lg-3"><span class="lead">Conformidade do perfil</span><br/><b>SHALL</b></div><div class="col-lg-3"><span class="lead">Política de referência</span><br/></div></div><p/><div class="row"><div class="col-lg-6"><span class="lead">Resumo da interação</span><br/><ul><li>Apoios <code>read</code>, <code>create</code>, <code>update</code>, <code>search-type</code>.</li></ul></div></div><p/><div class="row"><div class="col-12"><span class="lead">Documentação</span><blockquote><div><p>Supports mindfulness session observations</p>
</div></blockquote></div></div><div class="row"><div class="col-lg-7"><span class="lead">Parâmetros de pesquisa</span><table class="table table-condensed table-hover"><thead><tr><th>Conformidade</th><th>Parâmetro</th><th>Tipo</th><th>Documentação</th></tr></thead><tbody><tr><td><b>SHALL</b></td><td>patient</td><td><code>reference</code></td><td><div><p>Search by patient reference</p>
</div></td></tr><tr><td><b>SHALL</b></td><td>date</td><td><code>date</code></td><td><div><p>Search by session date</p>
</div></td></tr><tr><td><b>SHALL</b></td><td>code</td><td><code>token</code></td><td><div><p>Search by observation type</p>
</div></td></tr></tbody></table></div><div class="col-lg-5"> </div></div></div></div></div><div class="panel panel-default"><div class="panel-heading"><h4 id="Questionnaire1-2" class="panel-title"><span style="float: right;">Conformidade do recurso: supported </span>Questionnaire</h4></div><div class="panel-body"><div class="container"><div class="row"><div class="col-lg-6"><span class="lead">Perfil do sistema de base</span><br/><code>https://2rdoc.pt/ig/ios-lifestyle-medicine/StructureDefinition/mindfulness-questionnaire</code></div><div class="col-lg-3"><span class="lead">Conformidade do perfil</span><br/><b>SHALL</b></div><div class="col-lg-3"><span class="lead">Política de referência</span><br/></div></div><p/><div class="row"><div class="col-lg-6"><span class="lead">Resumo da interação</span><br/><ul><li>Apoios <code>read</code>, <code>search-type</code>.</li></ul></div></div><p/><div class="row"><div class="col-12"><span class="lead">Documentação</span><blockquote><div><p>Supports mindfulness questionnaires</p>
</div></blockquote></div></div><div class="row"><div class="col-lg-7"><span class="lead">Parâmetros de pesquisa</span><table class="table table-condensed table-hover"><thead><tr><th>Conformidade</th><th>Parâmetro</th><th>Tipo</th><th>Documentação</th></tr></thead><tbody><tr><td><b>SHALL</b></td><td>title</td><td><code>string</code></td><td><div><p>Search by questionnaire title</p>
</div></td></tr></tbody></table></div><div class="col-lg-5"> </div></div></div></div></div><div class="panel panel-default"><div class="panel-heading"><h4 id="QuestionnaireResponse1-3" class="panel-title"><span style="float: right;">Conformidade do recurso: supported </span>QuestionnaireResponse</h4></div><div class="panel-body"><div class="container"><div class="row"><div class="col-lg-6"><span class="lead">Perfil do sistema de base</span><br/><code>https://2rdoc.pt/ig/ios-lifestyle-medicine/StructureDefinition/mindfulness-questionnaire-response</code></div><div class="col-lg-3"><span class="lead">Conformidade do perfil</span><br/><b>SHALL</b></div><div class="col-lg-3"><span class="lead">Política de referência</span><br/></div></div><p/><div class="row"><div class="col-lg-6"><span class="lead">Resumo da interação</span><br/><ul><li>Apoios <code>create</code>, <code>read</code>, <code>search-type</code>.</li></ul></div></div><p/><div class="row"><div class="col-12"><span class="lead">Documentação</span><blockquote><div><p>Supports mindfulness questionnaire responses</p>
</div></blockquote></div></div><div class="row"><div class="col-lg-7"><span class="lead">Parâmetros de pesquisa</span><table class="table table-condensed table-hover"><thead><tr><th>Conformidade</th><th>Parâmetro</th><th>Tipo</th><th>Documentação</th></tr></thead><tbody><tr><td><b>SHALL</b></td><td>patient</td><td><code>reference</code></td><td><div><p>Search by patient reference</p>
</div></td></tr><tr><td><b>SHALL</b></td><td>authored</td><td><code>date</code></td><td><div><p>Search by response date</p>
</div></td></tr></tbody></table></div><div class="col-lg-5"> </div></div></div></div></div></div></text><url value="https://2rdoc.pt/ig/ios-lifestyle-medicine/CapabilityStatement/MindfulnessCapabilityStatement"/><version value="0.1.0"/><title value="Mindfulness Module Capabilities"/><status value="draft"/><date value="2024-03-19"/><publisher value="Ricardo Lourenço dos Santos"/><contact><name value="Ricardo Lourenço dos Santos"/><telecom><system value="url"/><value value="https://linktr.ee/ricardolsantos"/></telecom></contact><description value="Capabilities supported by the mindfulness module implementation"/><kind value="requirements"/><fhirVersion value="4.0.1"/><format value="json"/><format value="xml"/><rest><mode value="server"/><documentation value="RESTful server capabilities for mindfulness data"/><resource><type value="Observation"/><profile value="https://2rdoc.pt/ig/ios-lifestyle-medicine/StructureDefinition/mindfulness-observation"/><documentation value="Supports mindfulness session observations"/><interaction><code value="read"/></interaction><interaction><code value="create"/></interaction><interaction><code value="update"/></interaction><interaction><code value="search-type"/></interaction><searchParam><name value="patient"/><type value="reference"/><documentation value="Search by patient reference"/></searchParam><searchParam><name value="date"/><type value="date"/><documentation value="Search by session date"/></searchParam><searchParam><name value="code"/><type value="token"/><documentation value="Search by observation type"/></searchParam></resource><resource><type value="Questionnaire"/><profile value="https://2rdoc.pt/ig/ios-lifestyle-medicine/StructureDefinition/mindfulness-questionnaire"/><documentation value="Supports mindfulness questionnaires"/><interaction><code value="read"/></interaction><interaction><code value="search-type"/></interaction><searchParam><name value="title"/><type value="string"/><documentation value="Search by questionnaire title"/></searchParam></resource><resource><type value="QuestionnaireResponse"/><profile value="https://2rdoc.pt/ig/ios-lifestyle-medicine/StructureDefinition/mindfulness-questionnaire-response"/><documentation value="Supports mindfulness questionnaire responses"/><interaction><code value="create"/></interaction><interaction><code value="read"/></interaction><interaction><code value="search-type"/></interaction><searchParam><name value="patient"/><type value="reference"/><documentation value="Search by patient reference"/></searchParam><searchParam><name value="authored"/><type value="date"/><documentation value="Search by response date"/></searchParam></resource></rest></CapabilityStatement>