<?xml version="1.0" encoding="UTF-8"?><CodeSystem xmlns="http://hl7.org/fhir"><id value="caffeine-source-cs"/><text><status value="generated"/><div xmlns="http://www.w3.org/1999/xhtml"><p class="res-header-id"><b>Narrativa gerada: CodeSystem caffeine-source-cs</b></p><a name="caffeine-source-cs"> </a><a name="hccaffeine-source-cs"> </a><p>Este  sistema de código  define o seguinte código:</p><table class="codes"><tr><td style="white-space:nowrap"><b>Código</b></td><td><b>Ecrã</b></td><td><b>Definição</b></td></tr><tr><td style="white-space:nowrap">coffee<a name="caffeine-source-cs-coffee"> </a></td><td>Coffee</td><td>Brewed coffee (~95mg per 8oz)</td></tr><tr><td style="white-space:nowrap">espresso<a name="caffeine-source-cs-espresso"> </a></td><td>Espresso</td><td>Espresso (~63mg per shot)</td></tr><tr><td style="white-space:nowrap">tea<a name="caffeine-source-cs-tea"> </a></td><td>Tea</td><td>Black or green tea (~47mg per 8oz)</td></tr><tr><td style="white-space:nowrap">energy-drink<a name="caffeine-source-cs-energy-drink"> </a></td><td>Energy drink</td><td>Energy drinks (~80-150mg per can)</td></tr><tr><td style="white-space:nowrap">soft-drink<a name="caffeine-source-cs-soft-drink"> </a></td><td>Soft drink</td><td>Caffeinated soft drinks (~35mg per 12oz)</td></tr><tr><td style="white-space:nowrap">chocolate<a name="caffeine-source-cs-chocolate"> </a></td><td>Chocolate</td><td>Dark chocolate (~23mg per oz)</td></tr><tr><td style="white-space:nowrap">supplement<a name="caffeine-source-cs-supplement"> </a></td><td>Supplement</td><td>Caffeine supplements or pills</td></tr><tr><td style="white-space:nowrap">pre-workout<a name="caffeine-source-cs-pre-workout"> </a></td><td>Pre-workout</td><td>Pre-workout supplements</td></tr></table></div></text><url value="https://2rdoc.pt/ig/ios-lifestyle-medicine/CodeSystem/caffeine-source-cs"/><version value="0.1.0"/><name value="CaffeineSourceCS"/><title value="Caffeine Source CodeSystem"/><status value="active"/><experimental value="false"/><date value="2025-11-30T13:08:37+00:00"/><publisher value="Ricardo Lourenço dos Santos"/><contact><name value="Ricardo Lourenço dos Santos"/><telecom><system value="url"/><value value="https://linktr.ee/ricardolsantos"/></telecom></contact><description value="Sources of caffeine in diet"/><jurisdiction><coding><system value="http://unstats.un.org/unsd/methods/m49/m49.htm"/><code value="150"/><display value="Europe"/></coding></jurisdiction><jurisdiction><coding><system value="http://unstats.un.org/unsd/methods/m49/m49.htm"/><code value="021"/><display value="Northern America a/"/></coding></jurisdiction><jurisdiction><coding><system value="http://unstats.un.org/unsd/methods/m49/m49.htm"/><code value="005"/><display value="South America"/></coding></jurisdiction><jurisdiction><coding><system value="urn:iso:std:iso:3166"/><code value="PT"/><display value="Portugal"/></coding></jurisdiction><jurisdiction><coding><system value="urn:iso:std:iso:3166"/><code value="US"/><display value="United States of America"/></coding></jurisdiction><jurisdiction><coding><system value="urn:iso:std:iso:3166"/><code value="BR"/><display value="Brazil"/></coding></jurisdiction><caseSensitive value="true"/><content value="complete"/><count value="8"/><concept><code value="coffee"/><display value="Coffee"/><definition value="Brewed coffee (~95mg per 8oz)"/></concept><concept><code value="espresso"/><display value="Espresso"/><definition value="Espresso (~63mg per shot)"/></concept><concept><code value="tea"/><display value="Tea"/><definition value="Black or green tea (~47mg per 8oz)"/></concept><concept><code value="energy-drink"/><display value="Energy drink"/><definition value="Energy drinks (~80-150mg per can)"/></concept><concept><code value="soft-drink"/><display value="Soft drink"/><definition value="Caffeinated soft drinks (~35mg per 12oz)"/></concept><concept><code value="chocolate"/><display value="Chocolate"/><definition value="Dark chocolate (~23mg per oz)"/></concept><concept><code value="supplement"/><display value="Supplement"/><definition value="Caffeine supplements or pills"/></concept><concept><code value="pre-workout"/><display value="Pre-workout"/><definition value="Pre-workout supplements"/></concept></CodeSystem>