<?xml version="1.0" encoding="UTF-8"?><CodeSystem xmlns="http://hl7.org/fhir"><id value="activity-balance-cs"/><text><status value="generated"/><div xmlns="http://www.w3.org/1999/xhtml"><p class="res-header-id"><b>Narrativa gerada: CodeSystem activity-balance-cs</b></p><a name="activity-balance-cs"> </a><a name="hcactivity-balance-cs"> </a><p>Este  sistema de código  define o seguinte código:</p><table class="codes"><tr><td style="white-space:nowrap"><b>Código</b></td><td><b>Ecrã</b></td><td><b>Definição</b></td></tr><tr><td style="white-space:nowrap">balanced<a name="activity-balance-cs-balanced"> </a></td><td>Well Balanced</td><td>Activity and recovery well balanced</td></tr><tr><td style="white-space:nowrap">slight-over<a name="activity-balance-cs-slight-over"> </a></td><td>Slightly Overtrained</td><td>Slightly more activity than recovery</td></tr><tr><td style="white-space:nowrap">undertrained<a name="activity-balance-cs-undertrained"> </a></td><td>Undertrained</td><td>Less activity than optimal</td></tr><tr><td style="white-space:nowrap">overtrained<a name="activity-balance-cs-overtrained"> </a></td><td>Significantly Overtrained</td><td>Significantly more activity than recovery</td></tr></table></div></text><url value="https://2rdoc.pt/ig/ios-lifestyle-medicine/CodeSystem/activity-balance-cs"/><version value="0.1.0"/><name value="ActivityBalanceCS"/><title value="Activity Balance CodeSystem"/><status value="active"/><experimental value="false"/><date value="2025-11-30T13:08:37+00:00"/><publisher value="Ricardo Lourenço dos Santos"/><contact><name value="Ricardo Lourenço dos Santos"/><telecom><system value="url"/><value value="https://linktr.ee/ricardolsantos"/></telecom></contact><description value="Codes for activity and recovery balance status"/><jurisdiction><coding><system value="http://unstats.un.org/unsd/methods/m49/m49.htm"/><code value="150"/><display value="Europe"/></coding></jurisdiction><jurisdiction><coding><system value="http://unstats.un.org/unsd/methods/m49/m49.htm"/><code value="021"/><display value="Northern America a/"/></coding></jurisdiction><jurisdiction><coding><system value="http://unstats.un.org/unsd/methods/m49/m49.htm"/><code value="005"/><display value="South America"/></coding></jurisdiction><jurisdiction><coding><system value="urn:iso:std:iso:3166"/><code value="PT"/><display value="Portugal"/></coding></jurisdiction><jurisdiction><coding><system value="urn:iso:std:iso:3166"/><code value="US"/><display value="United States of America"/></coding></jurisdiction><jurisdiction><coding><system value="urn:iso:std:iso:3166"/><code value="BR"/><display value="Brazil"/></coding></jurisdiction><caseSensitive value="true"/><content value="complete"/><count value="4"/><concept><code value="balanced"/><display value="Well Balanced"/><definition value="Activity and recovery well balanced"/></concept><concept><code value="slight-over"/><display value="Slightly Overtrained"/><definition value="Slightly more activity than recovery"/></concept><concept><code value="undertrained"/><display value="Undertrained"/><definition value="Less activity than optimal"/></concept><concept><code value="overtrained"/><display value="Significantly Overtrained"/><definition value="Significantly more activity than recovery"/></concept></CodeSystem>