<?xml version="1.0" encoding="UTF-8"?><CodeSystem xmlns="http://hl7.org/fhir"><id value="recovery-debt-cs"/><text><status value="generated"/><div xmlns="http://www.w3.org/1999/xhtml"><p class="res-header-id"><b>Narrativa gerada: CodeSystem recovery-debt-cs</b></p><a name="recovery-debt-cs"> </a><a name="hcrecovery-debt-cs"> </a><p>Este  sistema de código  define o seguinte código:</p><table class="codes"><tr><td style="white-space:nowrap"><b>Código</b></td><td><b>Ecrã</b></td><td><b>Definição</b></td></tr><tr><td style="white-space:nowrap">none<a name="recovery-debt-cs-none"> </a></td><td>No Debt</td><td>No accumulated recovery debt</td></tr><tr><td style="white-space:nowrap">mild<a name="recovery-debt-cs-mild"> </a></td><td>Mild Debt</td><td>Mild accumulated recovery debt</td></tr><tr><td style="white-space:nowrap">moderate<a name="recovery-debt-cs-moderate"> </a></td><td>Moderate Debt</td><td>Moderate accumulated recovery debt</td></tr><tr><td style="white-space:nowrap">significant<a name="recovery-debt-cs-significant"> </a></td><td>Significant Debt</td><td>Significant accumulated recovery debt</td></tr></table></div></text><url value="https://2rdoc.pt/ig/ios-lifestyle-medicine/CodeSystem/recovery-debt-cs"/><version value="0.1.0"/><name value="RecoveryDebtCS"/><title value="Recovery Debt CodeSystem"/><status value="active"/><experimental value="false"/><date value="2025-11-30T13:08:37+00:00"/><publisher value="Ricardo Lourenço dos Santos"/><contact><name value="Ricardo Lourenço dos Santos"/><telecom><system value="url"/><value value="https://linktr.ee/ricardolsantos"/></telecom></contact><description value="Codes for accumulated recovery debt levels"/><jurisdiction><coding><system value="http://unstats.un.org/unsd/methods/m49/m49.htm"/><code value="150"/><display value="Europe"/></coding></jurisdiction><jurisdiction><coding><system value="http://unstats.un.org/unsd/methods/m49/m49.htm"/><code value="021"/><display value="Northern America a/"/></coding></jurisdiction><jurisdiction><coding><system value="http://unstats.un.org/unsd/methods/m49/m49.htm"/><code value="005"/><display value="South America"/></coding></jurisdiction><jurisdiction><coding><system value="urn:iso:std:iso:3166"/><code value="PT"/><display value="Portugal"/></coding></jurisdiction><jurisdiction><coding><system value="urn:iso:std:iso:3166"/><code value="US"/><display value="United States of America"/></coding></jurisdiction><jurisdiction><coding><system value="urn:iso:std:iso:3166"/><code value="BR"/><display value="Brazil"/></coding></jurisdiction><caseSensitive value="true"/><content value="complete"/><count value="4"/><concept><code value="none"/><display value="No Debt"/><definition value="No accumulated recovery debt"/></concept><concept><code value="mild"/><display value="Mild Debt"/><definition value="Mild accumulated recovery debt"/></concept><concept><code value="moderate"/><display value="Moderate Debt"/><definition value="Moderate accumulated recovery debt"/></concept><concept><code value="significant"/><display value="Significant Debt"/><definition value="Significant accumulated recovery debt"/></concept></CodeSystem>