<?xml version="1.0" encoding="UTF-8"?><CodeSystem xmlns="http://hl7.org/fhir"><id value="symptom-impact-cs"/><text><status value="generated"/><div xmlns="http://www.w3.org/1999/xhtml"><p class="res-header-id"><b>Narrativa gerada: CodeSystem symptom-impact-cs</b></p><a name="symptom-impact-cs"> </a><a name="hcsymptom-impact-cs"> </a><p>Este  sistema de código  define o seguinte código:</p><table class="codes"><tr><td style="white-space:nowrap"><b>Código</b></td><td><b>Ecrã</b></td></tr><tr><td style="white-space:nowrap">none<a name="symptom-impact-cs-none"> </a></td><td>No impact</td></tr><tr><td style="white-space:nowrap">mild<a name="symptom-impact-cs-mild"> </a></td><td>Mild impact</td></tr><tr><td style="white-space:nowrap">moderate<a name="symptom-impact-cs-moderate"> </a></td><td>Moderate impact</td></tr><tr><td style="white-space:nowrap">severe<a name="symptom-impact-cs-severe"> </a></td><td>Severe impact</td></tr><tr><td style="white-space:nowrap">complete<a name="symptom-impact-cs-complete"> </a></td><td>Complete impact</td></tr></table></div></text><url value="https://2rdoc.pt/ig/ios-lifestyle-medicine/CodeSystem/symptom-impact-cs"/><version value="0.1.0"/><name value="SymptomImpactCS"/><title value="Symptom Impact Code System"/><status value="active"/><experimental value="false"/><date value="2025-11-28T14:35:57+00:00"/><publisher value="Ricardo Lourenço dos Santos"/><contact><name value="Ricardo Lourenço dos Santos"/><telecom><system value="url"/><value value="https://linktr.ee/ricardolsantos"/></telecom></contact><description value="Impact levels of symptoms on daily activities"/><jurisdiction><coding><system value="http://unstats.un.org/unsd/methods/m49/m49.htm"/><code value="150"/><display value="Europe"/></coding></jurisdiction><jurisdiction><coding><system value="http://unstats.un.org/unsd/methods/m49/m49.htm"/><code value="021"/><display value="Northern America a/"/></coding></jurisdiction><jurisdiction><coding><system value="http://unstats.un.org/unsd/methods/m49/m49.htm"/><code value="005"/><display value="South America"/></coding></jurisdiction><jurisdiction><coding><system value="urn:iso:std:iso:3166"/><code value="PT"/><display value="Portugal"/></coding></jurisdiction><jurisdiction><coding><system value="urn:iso:std:iso:3166"/><code value="US"/><display value="United States of America"/></coding></jurisdiction><jurisdiction><coding><system value="urn:iso:std:iso:3166"/><code value="BR"/><display value="Brazil"/></coding></jurisdiction><caseSensitive value="true"/><content value="complete"/><count value="5"/><concept><code value="none"/><display value="No impact"/></concept><concept><code value="mild"/><display value="Mild impact"/></concept><concept><code value="moderate"/><display value="Moderate impact"/></concept><concept><code value="severe"/><display value="Severe impact"/></concept><concept><code value="complete"/><display value="Complete impact"/></concept></CodeSystem>