<?xml version="1.0" encoding="UTF-8"?><CodeSystem xmlns="http://hl7.org/fhir"><id value="cgm-glucose-interpretation-cs"/><text><status value="generated"/><div xmlns="http://www.w3.org/1999/xhtml"><p class="res-header-id"><b>Narrativa gerada: CodeSystem cgm-glucose-interpretation-cs</b></p><a name="cgm-glucose-interpretation-cs"> </a><a name="hccgm-glucose-interpretation-cs"> </a><p>Este  sistema de código  define o seguinte código:</p><table class="codes"><tr><td style="white-space:nowrap"><b>Código</b></td><td><b>Ecrã</b></td><td><b>Definição</b></td></tr><tr><td style="white-space:nowrap">severe-hypo<a name="cgm-glucose-interpretation-cs-severe-hypo"> </a></td><td>Severe Hypoglycemia</td><td>&lt;54 mg/dL (&lt;3.0 mmol/L)</td></tr><tr><td style="white-space:nowrap">hypo<a name="cgm-glucose-interpretation-cs-hypo"> </a></td><td>Hypoglycemia</td><td>54-69 mg/dL (3.0-3.8 mmol/L)</td></tr><tr><td style="white-space:nowrap">in-range<a name="cgm-glucose-interpretation-cs-in-range"> </a></td><td>In Range</td><td>70-180 mg/dL (3.9-10.0 mmol/L)</td></tr><tr><td style="white-space:nowrap">hyper<a name="cgm-glucose-interpretation-cs-hyper"> </a></td><td>Hyperglycemia</td><td>181-250 mg/dL (10.1-13.9 mmol/L)</td></tr><tr><td style="white-space:nowrap">severe-hyper<a name="cgm-glucose-interpretation-cs-severe-hyper"> </a></td><td>Severe Hyperglycemia</td><td>&gt;250 mg/dL (&gt;13.9 mmol/L)</td></tr></table></div></text><url value="https://2rdoc.pt/ig/ios-lifestyle-medicine/CodeSystem/cgm-glucose-interpretation-cs"/><version value="0.1.0"/><name value="CGMGlucoseInterpretationCS"/><title value="CGM Glucose Interpretation CodeSystem"/><status value="active"/><experimental value="false"/><date value="2025-11-30T13:08:37+00:00"/><publisher value="Ricardo Lourenço dos Santos"/><contact><name value="Ricardo Lourenço dos Santos"/><telecom><system value="url"/><value value="https://linktr.ee/ricardolsantos"/></telecom></contact><description value="Categorical interpretation of glucose values"/><jurisdiction><coding><system value="http://unstats.un.org/unsd/methods/m49/m49.htm"/><code value="150"/><display value="Europe"/></coding></jurisdiction><jurisdiction><coding><system value="http://unstats.un.org/unsd/methods/m49/m49.htm"/><code value="021"/><display value="Northern America a/"/></coding></jurisdiction><jurisdiction><coding><system value="http://unstats.un.org/unsd/methods/m49/m49.htm"/><code value="005"/><display value="South America"/></coding></jurisdiction><jurisdiction><coding><system value="urn:iso:std:iso:3166"/><code value="PT"/><display value="Portugal"/></coding></jurisdiction><jurisdiction><coding><system value="urn:iso:std:iso:3166"/><code value="US"/><display value="United States of America"/></coding></jurisdiction><jurisdiction><coding><system value="urn:iso:std:iso:3166"/><code value="BR"/><display value="Brazil"/></coding></jurisdiction><caseSensitive value="true"/><content value="complete"/><count value="5"/><concept><code value="severe-hypo"/><display value="Severe Hypoglycemia"/><definition value="&lt;54 mg/dL (&lt;3.0 mmol/L)"/></concept><concept><code value="hypo"/><display value="Hypoglycemia"/><definition value="54-69 mg/dL (3.0-3.8 mmol/L)"/></concept><concept><code value="in-range"/><display value="In Range"/><definition value="70-180 mg/dL (3.9-10.0 mmol/L)"/></concept><concept><code value="hyper"/><display value="Hyperglycemia"/><definition value="181-250 mg/dL (10.1-13.9 mmol/L)"/></concept><concept><code value="severe-hyper"/><display value="Severe Hyperglycemia"/><definition value="&gt;250 mg/dL (&gt;13.9 mmol/L)"/></concept></CodeSystem>