<?xml version="1.0" encoding="UTF-8"?><CodeSystem xmlns="http://hl7.org/fhir"><id value="alcohol-beverage-type-cs"/><text><status value="generated"/><div xmlns="http://www.w3.org/1999/xhtml"><p class="res-header-id"><b>Narrativa gerada: CodeSystem alcohol-beverage-type-cs</b></p><a name="alcohol-beverage-type-cs"> </a><a name="hcalcohol-beverage-type-cs"> </a><p>Este  sistema de código  define o seguinte código:</p><table class="codes"><tr><td style="white-space:nowrap"><b>Código</b></td><td><b>Ecrã</b></td><td><b>Definição</b></td></tr><tr><td style="white-space:nowrap">beer<a name="alcohol-beverage-type-cs-beer"> </a></td><td>Beer</td><td>Beer and malt beverages</td></tr><tr><td style="white-space:nowrap">wine<a name="alcohol-beverage-type-cs-wine"> </a></td><td>Wine</td><td>Wine including red, white, and sparkling</td></tr><tr><td style="white-space:nowrap">spirits<a name="alcohol-beverage-type-cs-spirits"> </a></td><td>Spirits</td><td>Distilled spirits (whiskey, vodka, gin, etc.)</td></tr><tr><td style="white-space:nowrap">cocktails<a name="alcohol-beverage-type-cs-cocktails"> </a></td><td>Cocktails</td><td>Mixed drinks and cocktails</td></tr><tr><td style="white-space:nowrap">cider<a name="alcohol-beverage-type-cs-cider"> </a></td><td>Cider</td><td>Alcoholic cider</td></tr><tr><td style="white-space:nowrap">fortified-wine<a name="alcohol-beverage-type-cs-fortified-wine"> </a></td><td>Fortified wine</td><td>Port, sherry, vermouth</td></tr></table></div></text><url value="https://2rdoc.pt/ig/ios-lifestyle-medicine/CodeSystem/alcohol-beverage-type-cs"/><version value="0.1.0"/><name value="AlcoholBeverageTypeCS"/><title value="Alcohol Beverage Type CodeSystem"/><status value="active"/><experimental value="false"/><date value="2025-11-28T14:35:57+00:00"/><publisher value="Ricardo Lourenço dos Santos"/><contact><name value="Ricardo Lourenço dos Santos"/><telecom><system value="url"/><value value="https://linktr.ee/ricardolsantos"/></telecom></contact><description value="Common alcoholic beverage types"/><jurisdiction><coding><system value="http://unstats.un.org/unsd/methods/m49/m49.htm"/><code value="150"/><display value="Europe"/></coding></jurisdiction><jurisdiction><coding><system value="http://unstats.un.org/unsd/methods/m49/m49.htm"/><code value="021"/><display value="Northern America a/"/></coding></jurisdiction><jurisdiction><coding><system value="http://unstats.un.org/unsd/methods/m49/m49.htm"/><code value="005"/><display value="South America"/></coding></jurisdiction><jurisdiction><coding><system value="urn:iso:std:iso:3166"/><code value="PT"/><display value="Portugal"/></coding></jurisdiction><jurisdiction><coding><system value="urn:iso:std:iso:3166"/><code value="US"/><display value="United States of America"/></coding></jurisdiction><jurisdiction><coding><system value="urn:iso:std:iso:3166"/><code value="BR"/><display value="Brazil"/></coding></jurisdiction><caseSensitive value="true"/><content value="complete"/><count value="6"/><concept><code value="beer"/><display value="Beer"/><definition value="Beer and malt beverages"/></concept><concept><code value="wine"/><display value="Wine"/><definition value="Wine including red, white, and sparkling"/></concept><concept><code value="spirits"/><display value="Spirits"/><definition value="Distilled spirits (whiskey, vodka, gin, etc.)"/></concept><concept><code value="cocktails"/><display value="Cocktails"/><definition value="Mixed drinks and cocktails"/></concept><concept><code value="cider"/><display value="Cider"/><definition value="Alcoholic cider"/></concept><concept><code value="fortified-wine"/><display value="Fortified wine"/><definition value="Port, sherry, vermouth"/></concept></CodeSystem>