<?xml version="1.0" encoding="UTF-8"?><CodeSystem xmlns="http://hl7.org/fhir"><id value="mindfulness-schedule-type"/><text><status value="generated"/><div xmlns="http://www.w3.org/1999/xhtml"><p class="res-header-id"><b>Narrativa gerada: CodeSystem mindfulness-schedule-type</b></p><a name="mindfulness-schedule-type"> </a><a name="hcmindfulness-schedule-type"> </a><p>Este  sistema de código  define o seguinte código:</p><table class="codes"><tr><td style="white-space:nowrap"><b>Código</b></td><td><b>Ecrã</b></td><td><b>Definição</b></td></tr><tr><td style="white-space:nowrap">daily<a name="mindfulness-schedule-type-daily"> </a></td><td>Daily Schedule</td><td>Daily mindfulness practice schedule</td></tr><tr><td style="white-space:nowrap">weekly<a name="mindfulness-schedule-type-weekly"> </a></td><td>Weekly Schedule</td><td>Weekly mindfulness practice schedule</td></tr><tr><td style="white-space:nowrap">recurring<a name="mindfulness-schedule-type-recurring"> </a></td><td>Recurring Schedule</td><td>Recurring mindfulness practice schedule</td></tr><tr><td style="white-space:nowrap">custom<a name="mindfulness-schedule-type-custom"> </a></td><td>Custom Schedule</td><td>Custom-defined practice schedule</td></tr><tr><td style="white-space:nowrap">on-demand<a name="mindfulness-schedule-type-on-demand"> </a></td><td>On Demand</td><td>Practice sessions initiated by user</td></tr></table></div></text><url value="https://2rdoc.pt/ig/ios-lifestyle-medicine/CodeSystem/mindfulness-schedule-type"/><version value="0.1.0"/><name value="MindfulnessScheduleTypeCS"/><title value="Mindfulness Schedule Type"/><status value="active"/><experimental value="false"/><date value="2025-10-02T18:31:12+01:00"/><publisher value="Ricardo Lourenço dos Santos"/><contact><name value="Ricardo Lourenço dos Santos"/><telecom><system value="url"/><value value="https://linktr.ee/ricardolsantos"/></telecom></contact><description value="Types of schedules for mindfulness practice sessions"/><jurisdiction><coding><system value="http://unstats.un.org/unsd/methods/m49/m49.htm"/><code value="150"/><display value="Europe"/></coding></jurisdiction><jurisdiction><coding><system value="http://unstats.un.org/unsd/methods/m49/m49.htm"/><code value="021"/><display value="Northern America a/"/></coding></jurisdiction><jurisdiction><coding><system value="http://unstats.un.org/unsd/methods/m49/m49.htm"/><code value="005"/><display value="South America"/></coding></jurisdiction><jurisdiction><coding><system value="urn:iso:std:iso:3166"/><code value="PT"/><display value="Portugal"/></coding></jurisdiction><jurisdiction><coding><system value="urn:iso:std:iso:3166"/><code value="US"/><display value="United States of America"/></coding></jurisdiction><jurisdiction><coding><system value="urn:iso:std:iso:3166"/><code value="BR"/><display value="Brazil"/></coding></jurisdiction><caseSensitive value="true"/><content value="complete"/><count value="5"/><concept><code value="daily"/><display value="Daily Schedule"/><definition value="Daily mindfulness practice schedule"/></concept><concept><code value="weekly"/><display value="Weekly Schedule"/><definition value="Weekly mindfulness practice schedule"/></concept><concept><code value="recurring"/><display value="Recurring Schedule"/><definition value="Recurring mindfulness practice schedule"/></concept><concept><code value="custom"/><display value="Custom Schedule"/><definition value="Custom-defined practice schedule"/></concept><concept><code value="on-demand"/><display value="On Demand"/><definition value="Practice sessions initiated by user"/></concept></CodeSystem>