<?xml version="1.0" encoding="UTF-8"?><CodeSystem xmlns="http://hl7.org/fhir"><id value="regulatory-framework-cs"/><text><status value="generated"/><div xmlns="http://www.w3.org/1999/xhtml"><p class="res-header-id"><b>Narrativa gerada: CodeSystem regulatory-framework-cs</b></p><a name="regulatory-framework-cs"> </a><a name="hcregulatory-framework-cs"> </a><p>Este  sistema de código  define o seguinte código:</p><table class="codes"><tr><td style="white-space:nowrap"><b>Código</b></td><td><b>Ecrã</b></td><td><b>Definição</b></td></tr><tr><td style="white-space:nowrap">gdpr<a name="regulatory-framework-cs-gdpr"> </a></td><td>GDPR - General Data Protection Regulation</td><td>European Union data protection regulation</td></tr><tr><td style="white-space:nowrap">hipaa<a name="regulatory-framework-cs-hipaa"> </a></td><td>HIPAA - Health Insurance Portability and Accountability Act</td><td>United States healthcare privacy law</td></tr><tr><td style="white-space:nowrap">lgpd<a name="regulatory-framework-cs-lgpd"> </a></td><td>LGPD - Lei Geral de Proteção de Dados</td><td>Brazilian general data protection law</td></tr><tr><td style="white-space:nowrap">pipeda<a name="regulatory-framework-cs-pipeda"> </a></td><td>PIPEDA - Personal Information Protection and Electronic Documents Act</td><td>Canadian privacy law</td></tr><tr><td style="white-space:nowrap">ehds<a name="regulatory-framework-cs-ehds"> </a></td><td>EHDS - European Health Data Space</td><td>European health data framework</td></tr></table></div></text><url value="https://2rdoc.pt/ig/ios-lifestyle-medicine/CodeSystem/regulatory-framework-cs"/><version value="0.1.0"/><name value="RegulatoryFrameworkCS"/><title value="Regulatory Framework Code System"/><status value="active"/><experimental value="false"/><date value="2025-10-01T16:36:18+01:00"/><publisher value="Ricardo Lourenço dos Santos"/><contact><name value="Ricardo Lourenço dos Santos"/><telecom><system value="url"/><value value="https://linktr.ee/ricardolsantos"/></telecom></contact><description value="Codes for healthcare regulatory frameworks"/><jurisdiction><coding><system value="http://unstats.un.org/unsd/methods/m49/m49.htm"/><code value="150"/><display value="Europe"/></coding></jurisdiction><jurisdiction><coding><system value="http://unstats.un.org/unsd/methods/m49/m49.htm"/><code value="021"/><display value="Northern America a/"/></coding></jurisdiction><jurisdiction><coding><system value="http://unstats.un.org/unsd/methods/m49/m49.htm"/><code value="005"/><display value="South America"/></coding></jurisdiction><jurisdiction><coding><system value="urn:iso:std:iso:3166"/><code value="PT"/><display value="Portugal"/></coding></jurisdiction><jurisdiction><coding><system value="urn:iso:std:iso:3166"/><code value="US"/><display value="United States of America"/></coding></jurisdiction><jurisdiction><coding><system value="urn:iso:std:iso:3166"/><code value="BR"/><display value="Brazil"/></coding></jurisdiction><caseSensitive value="true"/><content value="complete"/><count value="5"/><concept><code value="gdpr"/><display value="GDPR - General Data Protection Regulation"/><definition value="European Union data protection regulation"/></concept><concept><code value="hipaa"/><display value="HIPAA - Health Insurance Portability and Accountability Act"/><definition value="United States healthcare privacy law"/></concept><concept><code value="lgpd"/><display value="LGPD - Lei Geral de Proteção de Dados"/><definition value="Brazilian general data protection law"/></concept><concept><code value="pipeda"/><display value="PIPEDA - Personal Information Protection and Electronic Documents Act"/><definition value="Canadian privacy law"/></concept><concept><code value="ehds"/><display value="EHDS - European Health Data Space"/><definition value="European health data framework"/></concept></CodeSystem>