<?xml version="1.0" encoding="UTF-8"?><CodeSystem xmlns="http://hl7.org/fhir"><id value="cervical-mucus-cs"/><text><status value="generated"/><div xmlns="http://www.w3.org/1999/xhtml"><p class="res-header-id"><b>Generated Narrative: CodeSystem cervical-mucus-cs</b></p><a name="cervical-mucus-cs"> </a><a name="hccervical-mucus-cs"> </a><a name="cervical-mucus-cs-en-US"> </a><p>This case-sensitive code system <code>http://example.org/fhir/CodeSystem/cervical-mucus-cs</code> defines the following codes:</p><table class="codes"><tr><td style="white-space:nowrap"><b>Code</b></td><td><b>Display</b></td></tr><tr><td style="white-space:nowrap">dry<a name="cervical-mucus-cs-dry"> </a></td><td>Dry</td></tr><tr><td style="white-space:nowrap">sticky<a name="cervical-mucus-cs-sticky"> </a></td><td>Sticky</td></tr><tr><td style="white-space:nowrap">creamy<a name="cervical-mucus-cs-creamy"> </a></td><td>Creamy</td></tr><tr><td style="white-space:nowrap">watery<a name="cervical-mucus-cs-watery"> </a></td><td>Watery</td></tr><tr><td style="white-space:nowrap">eggWhite<a name="cervical-mucus-cs-eggWhite"> </a></td><td>Egg White</td></tr></table></div></text><url value="http://example.org/fhir/CodeSystem/cervical-mucus-cs"/><version value="0.1.0"/><name value="CervicalMucusCodeSystem"/><title value="Cervical Mucus Code System"/><status value="active"/><date value="2025-01-14T13:24:18+00:00"/><publisher value="Ricardo Lourenço dos Santos"/><contact><name value="Ricardo Lourenço dos Santos"/><telecom><system value="url"/><value value="https://linktr.ee/ricardolsantos"/></telecom></contact><caseSensitive value="true"/><content value="complete"/><count value="5"/><concept><code value="dry"/><display value="Dry"/></concept><concept><code value="sticky"/><display value="Sticky"/></concept><concept><code value="creamy"/><display value="Creamy"/></concept><concept><code value="watery"/><display value="Watery"/></concept><concept><code value="eggWhite"/><display value="Egg White"/></concept></CodeSystem>