<?xml version="1.0" encoding="UTF-8"?><CodeSystem xmlns="http://hl7.org/fhir"><id value="substance-use-trigger-cs"/><text><status value="generated"/><div xmlns="http://www.w3.org/1999/xhtml"><p class="res-header-id"><b>Narrativa gerada: CodeSystem substance-use-trigger-cs</b></p><a name="substance-use-trigger-cs"> </a><a name="hcsubstance-use-trigger-cs"> </a><p>Este  sistema de código  define o seguinte código:</p><table class="codes"><tr><td style="white-space:nowrap"><b>Código</b></td><td><b>Ecrã</b></td><td><b>Definição</b></td></tr><tr><td style="white-space:nowrap">stress<a name="substance-use-trigger-cs-stress"> </a></td><td>Stress</td><td>Work or life stress</td></tr><tr><td style="white-space:nowrap">social<a name="substance-use-trigger-cs-social"> </a></td><td>Social situations</td><td>Social gatherings or peer pressure</td></tr><tr><td style="white-space:nowrap">emotional<a name="substance-use-trigger-cs-emotional"> </a></td><td>Emotional distress</td><td>Anxiety, depression, or emotional pain</td></tr><tr><td style="white-space:nowrap">boredom<a name="substance-use-trigger-cs-boredom"> </a></td><td>Boredom</td><td>Lack of stimulation or engagement</td></tr><tr><td style="white-space:nowrap">habit<a name="substance-use-trigger-cs-habit"> </a></td><td>Habit/routine</td><td>Habitual or routine behavior</td></tr><tr><td style="white-space:nowrap">celebration<a name="substance-use-trigger-cs-celebration"> </a></td><td>Celebration</td><td>Celebratory occasions</td></tr><tr><td style="white-space:nowrap">cravings<a name="substance-use-trigger-cs-cravings"> </a></td><td>Physical cravings</td><td>Physical dependency cravings</td></tr><tr><td style="white-space:nowrap">meals<a name="substance-use-trigger-cs-meals"> </a></td><td>With meals</td><td>Associated with eating</td></tr><tr><td style="white-space:nowrap">morning<a name="substance-use-trigger-cs-morning"> </a></td><td>Morning routine</td><td>Part of morning routine</td></tr><tr><td style="white-space:nowrap">sleep<a name="substance-use-trigger-cs-sleep"> </a></td><td>Sleep issues</td><td>Difficulty sleeping</td></tr><tr><td style="white-space:nowrap">pain<a name="substance-use-trigger-cs-pain"> </a></td><td>Pain</td><td>Physical pain or discomfort</td></tr></table></div></text><url value="https://2rdoc.pt/ig/ios-lifestyle-medicine/CodeSystem/substance-use-trigger-cs"/><version value="0.1.0"/><name value="SubstanceUseTriggerCS"/><title value="Substance Use Trigger CodeSystem"/><status value="active"/><experimental value="false"/><date value="2025-11-27T11:57:11+00:00"/><publisher value="Ricardo Lourenço dos Santos"/><contact><name value="Ricardo Lourenço dos Santos"/><telecom><system value="url"/><value value="https://linktr.ee/ricardolsantos"/></telecom></contact><description value="Common triggers for substance use behavior"/><jurisdiction><coding><system value="http://unstats.un.org/unsd/methods/m49/m49.htm"/><code value="150"/><display value="Europe"/></coding></jurisdiction><jurisdiction><coding><system value="http://unstats.un.org/unsd/methods/m49/m49.htm"/><code value="021"/><display value="Northern America a/"/></coding></jurisdiction><jurisdiction><coding><system value="http://unstats.un.org/unsd/methods/m49/m49.htm"/><code value="005"/><display value="South America"/></coding></jurisdiction><jurisdiction><coding><system value="urn:iso:std:iso:3166"/><code value="PT"/><display value="Portugal"/></coding></jurisdiction><jurisdiction><coding><system value="urn:iso:std:iso:3166"/><code value="US"/><display value="United States of America"/></coding></jurisdiction><jurisdiction><coding><system value="urn:iso:std:iso:3166"/><code value="BR"/><display value="Brazil"/></coding></jurisdiction><caseSensitive value="true"/><content value="complete"/><count value="11"/><concept><code value="stress"/><display value="Stress"/><definition value="Work or life stress"/></concept><concept><code value="social"/><display value="Social situations"/><definition value="Social gatherings or peer pressure"/></concept><concept><code value="emotional"/><display value="Emotional distress"/><definition value="Anxiety, depression, or emotional pain"/></concept><concept><code value="boredom"/><display value="Boredom"/><definition value="Lack of stimulation or engagement"/></concept><concept><code value="habit"/><display value="Habit/routine"/><definition value="Habitual or routine behavior"/></concept><concept><code value="celebration"/><display value="Celebration"/><definition value="Celebratory occasions"/></concept><concept><code value="cravings"/><display value="Physical cravings"/><definition value="Physical dependency cravings"/></concept><concept><code value="meals"/><display value="With meals"/><definition value="Associated with eating"/></concept><concept><code value="morning"/><display value="Morning routine"/><definition value="Part of morning routine"/></concept><concept><code value="sleep"/><display value="Sleep issues"/><definition value="Difficulty sleeping"/></concept><concept><code value="pain"/><display value="Pain"/><definition value="Physical pain or discomfort"/></concept></CodeSystem>