<?xml version="1.0" encoding="UTF-8"?><CodeSystem xmlns="http://hl7.org/fhir"><id value="balance-status"/><text><status value="generated"/><div xmlns="http://www.w3.org/1999/xhtml"><p class="res-header-id"><b>Generated Narrative: CodeSystem balance-status</b></p><a name="balance-status"> </a><a name="hcbalance-status"> </a><a name="balance-status-en-US"> </a><p>This case-sensitive code system <code>http://example.org/fhir/CodeSystem/balance-status</code> defines the following codes:</p><table class="codes"><tr><td style="white-space:nowrap"><b>Code</b></td><td><b>Display</b></td></tr><tr><td style="white-space:nowrap">veryStable<a name="balance-status-veryStable"> </a></td><td>Very Stable</td></tr><tr><td style="white-space:nowrap">stable<a name="balance-status-stable"> </a></td><td>Stable</td></tr><tr><td style="white-space:nowrap">slightlyUnstable<a name="balance-status-slightlyUnstable"> </a></td><td>Slightly Unstable</td></tr><tr><td style="white-space:nowrap">unstable<a name="balance-status-unstable"> </a></td><td>Unstable</td></tr><tr><td style="white-space:nowrap">veryUnstable<a name="balance-status-veryUnstable"> </a></td><td>Very Unstable</td></tr></table></div></text><url value="http://example.org/fhir/CodeSystem/balance-status"/><version value="0.1.0"/><name value="BalanceStatusCodeSystem"/><title value="Balance Status Code System"/><status value="active"/><experimental value="false"/><date value="2025-01-03T09:54:59+00:00"/><publisher value="Ricardo Lourenço dos Santos"/><contact><name value="Ricardo Lourenço dos Santos"/><telecom><system value="url"/><value value="https://linktr.ee/ricardolsantos"/></telecom></contact><description value="Code system for balance status types"/><caseSensitive value="true"/><content value="complete"/><count value="5"/><concept><code value="veryStable"/><display value="Very Stable"/></concept><concept><code value="stable"/><display value="Stable"/></concept><concept><code value="slightlyUnstable"/><display value="Slightly Unstable"/></concept><concept><code value="unstable"/><display value="Unstable"/></concept><concept><code value="veryUnstable"/><display value="Very Unstable"/></concept></CodeSystem>