<?xml version="1.0" encoding="UTF-8"?><CodeSystem xmlns="http://hl7.org/fhir"><id value="mindfulness-qualifier-cs"/><text><status value="generated"/><div xmlns="http://www.w3.org/1999/xhtml"><p class="res-header-id"><b>Narrativa gerada: CodeSystem mindfulness-qualifier-cs</b></p><a name="mindfulness-qualifier-cs"> </a><a name="hcmindfulness-qualifier-cs"> </a><p>Este  sistema de código  define o seguinte código:</p><table class="codes"><tr><td style="white-space:nowrap"><b>Código</b></td><td><b>Ecrã</b></td><td><b>Definição</b></td></tr><tr><td style="white-space:nowrap">guided<a name="mindfulness-qualifier-cs-guided"> </a></td><td>Guided Practice</td><td>Practice with guidance or instruction</td></tr><tr><td style="white-space:nowrap">selfDirected<a name="mindfulness-qualifier-cs-selfDirected"> </a></td><td>Self-Directed</td><td>Independent practice</td></tr><tr><td style="white-space:nowrap">group<a name="mindfulness-qualifier-cs-group"> </a></td><td>Group Practice</td><td>Practice in group setting</td></tr><tr><td style="white-space:nowrap">individual<a name="mindfulness-qualifier-cs-individual"> </a></td><td>Individual Practice</td><td>Solo practice session</td></tr></table></div></text><url value="https://2rdoc.pt/ig/ios-lifestyle-medicine/CodeSystem/mindfulness-qualifier-cs"/><version value="0.1.0"/><name value="MindfulnessQualifierCS"/><title value="Mindfulness Practice Qualifiers"/><status value="active"/><experimental value="false"/><date value="2025-11-27T15:44:07+00:00"/><publisher value="Ricardo Lourenço dos Santos"/><contact><name value="Ricardo Lourenço dos Santos"/><telecom><system value="url"/><value value="https://linktr.ee/ricardolsantos"/></telecom></contact><description value="Qualifiers for mindfulness practice characteristics"/><jurisdiction><coding><system value="http://unstats.un.org/unsd/methods/m49/m49.htm"/><code value="150"/><display value="Europe"/></coding></jurisdiction><jurisdiction><coding><system value="http://unstats.un.org/unsd/methods/m49/m49.htm"/><code value="021"/><display value="Northern America a/"/></coding></jurisdiction><jurisdiction><coding><system value="http://unstats.un.org/unsd/methods/m49/m49.htm"/><code value="005"/><display value="South America"/></coding></jurisdiction><jurisdiction><coding><system value="urn:iso:std:iso:3166"/><code value="PT"/><display value="Portugal"/></coding></jurisdiction><jurisdiction><coding><system value="urn:iso:std:iso:3166"/><code value="US"/><display value="United States of America"/></coding></jurisdiction><jurisdiction><coding><system value="urn:iso:std:iso:3166"/><code value="BR"/><display value="Brazil"/></coding></jurisdiction><caseSensitive value="true"/><content value="complete"/><count value="4"/><concept><code value="guided"/><display value="Guided Practice"/><definition value="Practice with guidance or instruction"/></concept><concept><code value="selfDirected"/><display value="Self-Directed"/><definition value="Independent practice"/></concept><concept><code value="group"/><display value="Group Practice"/><definition value="Practice in group setting"/></concept><concept><code value="individual"/><display value="Individual Practice"/><definition value="Solo practice session"/></concept></CodeSystem>