<?xml version="1.0" encoding="UTF-8"?><CodeSystem xmlns="http://hl7.org/fhir"><id value="strength-training-type-cs"/><text><status value="generated"/><div xmlns="http://www.w3.org/1999/xhtml"><p class="res-header-id"><b>Narrativa gerada: CodeSystem strength-training-type-cs</b></p><a name="strength-training-type-cs"> </a><a name="hcstrength-training-type-cs"> </a><p>Este  sistema de código  define o seguinte código:</p><table class="codes"><tr><td style="white-space:nowrap"><b>Código</b></td><td><b>Ecrã</b></td><td><b>Definição</b></td></tr><tr><td style="white-space:nowrap">hypertrophy<a name="strength-training-type-cs-hypertrophy"> </a></td><td>Hypertrophy</td><td>Muscle growth focus (moderate load, higher volume)</td></tr><tr><td style="white-space:nowrap">strength<a name="strength-training-type-cs-strength"> </a></td><td>Strength</td><td>Maximal strength focus (high load, lower volume)</td></tr><tr><td style="white-space:nowrap">power<a name="strength-training-type-cs-power"> </a></td><td>Power</td><td>Explosive power focus (moderate load, high velocity)</td></tr><tr><td style="white-space:nowrap">endurance<a name="strength-training-type-cs-endurance"> </a></td><td>Muscular Endurance</td><td>Endurance focus (lower load, high reps)</td></tr><tr><td style="white-space:nowrap">fitness<a name="strength-training-type-cs-fitness"> </a></td><td>General Fitness</td><td>General conditioning</td></tr><tr><td style="white-space:nowrap">rehab<a name="strength-training-type-cs-rehab"> </a></td><td>Rehabilitation</td><td>Injury rehabilitation or prehab</td></tr><tr><td style="white-space:nowrap">functional<a name="strength-training-type-cs-functional"> </a></td><td>Functional Training</td><td>Movement-pattern focused training</td></tr></table></div></text><url value="https://2rdoc.pt/ig/ios-lifestyle-medicine/CodeSystem/strength-training-type-cs"/><version value="0.1.0"/><name value="StrengthTrainingTypeCS"/><title value="Strength Training Type CodeSystem"/><status value="active"/><date value="2025-11-28T14:35:57+00:00"/><publisher value="Ricardo Lourenço dos Santos"/><contact><name value="Ricardo Lourenço dos Santos"/><telecom><system value="url"/><value value="https://linktr.ee/ricardolsantos"/></telecom></contact><description value="Strength training goal types"/><jurisdiction><coding><system value="http://unstats.un.org/unsd/methods/m49/m49.htm"/><code value="150"/><display value="Europe"/></coding></jurisdiction><jurisdiction><coding><system value="http://unstats.un.org/unsd/methods/m49/m49.htm"/><code value="021"/><display value="Northern America a/"/></coding></jurisdiction><jurisdiction><coding><system value="http://unstats.un.org/unsd/methods/m49/m49.htm"/><code value="005"/><display value="South America"/></coding></jurisdiction><jurisdiction><coding><system value="urn:iso:std:iso:3166"/><code value="PT"/><display value="Portugal"/></coding></jurisdiction><jurisdiction><coding><system value="urn:iso:std:iso:3166"/><code value="US"/><display value="United States of America"/></coding></jurisdiction><jurisdiction><coding><system value="urn:iso:std:iso:3166"/><code value="BR"/><display value="Brazil"/></coding></jurisdiction><caseSensitive value="true"/><content value="complete"/><count value="7"/><concept><code value="hypertrophy"/><display value="Hypertrophy"/><definition value="Muscle growth focus (moderate load, higher volume)"/></concept><concept><code value="strength"/><display value="Strength"/><definition value="Maximal strength focus (high load, lower volume)"/></concept><concept><code value="power"/><display value="Power"/><definition value="Explosive power focus (moderate load, high velocity)"/></concept><concept><code value="endurance"/><display value="Muscular Endurance"/><definition value="Endurance focus (lower load, high reps)"/></concept><concept><code value="fitness"/><display value="General Fitness"/><definition value="General conditioning"/></concept><concept><code value="rehab"/><display value="Rehabilitation"/><definition value="Injury rehabilitation or prehab"/></concept><concept><code value="functional"/><display value="Functional Training"/><definition value="Movement-pattern focused training"/></concept></CodeSystem>