<?xml version="1.0" encoding="UTF-8"?><CodeSystem xmlns="http://hl7.org/fhir"><id value="cessation-support-status-cs"/><text><status value="generated"/><div xmlns="http://www.w3.org/1999/xhtml"><p class="res-header-id"><b>Narrativa gerada: CodeSystem cessation-support-status-cs</b></p><a name="cessation-support-status-cs"> </a><a name="hccessation-support-status-cs"> </a><p>Este  sistema de código  define o seguinte código:</p><table class="codes"><tr><td style="white-space:nowrap"><b>Código</b></td><td><b>Ecrã</b></td><td><b>Definição</b></td></tr><tr><td style="white-space:nowrap">considering<a name="cessation-support-status-cs-considering"> </a></td><td>Considering</td><td>Considering using this method</td></tr><tr><td style="white-space:nowrap">scheduled<a name="cessation-support-status-cs-scheduled"> </a></td><td>Scheduled</td><td>Scheduled to start</td></tr><tr><td style="white-space:nowrap">active<a name="cessation-support-status-cs-active"> </a></td><td>Active</td><td>Currently using this method</td></tr><tr><td style="white-space:nowrap">completed<a name="cessation-support-status-cs-completed"> </a></td><td>Completed</td><td>Completed this method</td></tr><tr><td style="white-space:nowrap">discontinued<a name="cessation-support-status-cs-discontinued"> </a></td><td>Discontinued</td><td>Stopped using this method</td></tr><tr><td style="white-space:nowrap">not-interested<a name="cessation-support-status-cs-not-interested"> </a></td><td>Not interested</td><td>Not interested in this method</td></tr></table></div></text><url value="https://2rdoc.pt/ig/ios-lifestyle-medicine/CodeSystem/cessation-support-status-cs"/><version value="0.1.0"/><name value="CessationSupportStatusCS"/><title value="Cessation Support Status CodeSystem"/><status value="active"/><experimental value="false"/><date value="2025-11-27T17:03:01+00:00"/><publisher value="Ricardo Lourenço dos Santos"/><contact><name value="Ricardo Lourenço dos Santos"/><telecom><system value="url"/><value value="https://linktr.ee/ricardolsantos"/></telecom></contact><description value="Status of cessation support"/><jurisdiction><coding><system value="http://unstats.un.org/unsd/methods/m49/m49.htm"/><code value="150"/><display value="Europe"/></coding></jurisdiction><jurisdiction><coding><system value="http://unstats.un.org/unsd/methods/m49/m49.htm"/><code value="021"/><display value="Northern America a/"/></coding></jurisdiction><jurisdiction><coding><system value="http://unstats.un.org/unsd/methods/m49/m49.htm"/><code value="005"/><display value="South America"/></coding></jurisdiction><jurisdiction><coding><system value="urn:iso:std:iso:3166"/><code value="PT"/><display value="Portugal"/></coding></jurisdiction><jurisdiction><coding><system value="urn:iso:std:iso:3166"/><code value="US"/><display value="United States of America"/></coding></jurisdiction><jurisdiction><coding><system value="urn:iso:std:iso:3166"/><code value="BR"/><display value="Brazil"/></coding></jurisdiction><caseSensitive value="true"/><content value="complete"/><count value="6"/><concept><code value="considering"/><display value="Considering"/><definition value="Considering using this method"/></concept><concept><code value="scheduled"/><display value="Scheduled"/><definition value="Scheduled to start"/></concept><concept><code value="active"/><display value="Active"/><definition value="Currently using this method"/></concept><concept><code value="completed"/><display value="Completed"/><definition value="Completed this method"/></concept><concept><code value="discontinued"/><display value="Discontinued"/><definition value="Stopped using this method"/></concept><concept><code value="not-interested"/><display value="Not interested"/><definition value="Not interested in this method"/></concept></CodeSystem>