<?xml version="1.0" encoding="UTF-8"?><CodeSystem xmlns="http://hl7.org/fhir"><id value="exposure-conditions-cs"/><text><status value="generated"/><div xmlns="http://www.w3.org/1999/xhtml"><p class="res-header-id"><b>Narrativa gerada: CodeSystem exposure-conditions-cs</b></p><a name="exposure-conditions-cs"> </a><a name="hcexposure-conditions-cs"> </a><p>Este  sistema de código  define o seguinte código:</p><table class="codes"><tr><td style="white-space:nowrap"><b>Código</b></td><td><b>Ecrã</b></td><td><b>Definição</b></td></tr><tr><td style="white-space:nowrap">normal<a name="exposure-conditions-cs-normal"> </a></td><td>Normal conditions</td><td>Standard environmental conditions</td></tr><tr><td style="white-space:nowrap">extreme<a name="exposure-conditions-cs-extreme"> </a></td><td>Extreme conditions</td><td>Unusual or severe environmental conditions</td></tr><tr><td style="white-space:nowrap">controlled<a name="exposure-conditions-cs-controlled"> </a></td><td>Controlled environment</td><td>Environment with controlled conditions</td></tr><tr><td style="white-space:nowrap">variable<a name="exposure-conditions-cs-variable"> </a></td><td>Variable conditions</td><td>Changing environmental conditions</td></tr></table></div></text><url value="https://2rdoc.pt/ig/ios-lifestyle-medicine/CodeSystem/exposure-conditions-cs"/><version value="0.1.0"/><name value="ExposureConditionsCS"/><title value="Exposure Conditions Code System"/><status value="active"/><experimental value="false"/><date value="2025-11-28T14:35:57+00:00"/><publisher value="Ricardo Lourenço dos Santos"/><contact><name value="Ricardo Lourenço dos Santos"/><telecom><system value="url"/><value value="https://linktr.ee/ricardolsantos"/></telecom></contact><description value="Code system for conditions during environmental exposure"/><useContext><code><system value="http://terminology.hl7.org/CodeSystem/usage-context-type"/><code value="program"/></code><valueCodeableConcept><text value="iOS Lifestyle Medicine"/></valueCodeableConcept></useContext><jurisdiction><coding><system value="http://unstats.un.org/unsd/methods/m49/m49.htm"/><code value="150"/><display value="Europe"/></coding></jurisdiction><jurisdiction><coding><system value="http://unstats.un.org/unsd/methods/m49/m49.htm"/><code value="021"/><display value="Northern America a/"/></coding></jurisdiction><jurisdiction><coding><system value="http://unstats.un.org/unsd/methods/m49/m49.htm"/><code value="005"/><display value="South America"/></coding></jurisdiction><jurisdiction><coding><system value="urn:iso:std:iso:3166"/><code value="PT"/><display value="Portugal"/></coding></jurisdiction><jurisdiction><coding><system value="urn:iso:std:iso:3166"/><code value="US"/><display value="United States of America"/></coding></jurisdiction><jurisdiction><coding><system value="urn:iso:std:iso:3166"/><code value="BR"/><display value="Brazil"/></coding></jurisdiction><caseSensitive value="true"/><content value="complete"/><count value="4"/><concept><code value="normal"/><display value="Normal conditions"/><definition value="Standard environmental conditions"/></concept><concept><code value="extreme"/><display value="Extreme conditions"/><definition value="Unusual or severe environmental conditions"/></concept><concept><code value="controlled"/><display value="Controlled environment"/><definition value="Environment with controlled conditions"/></concept><concept><code value="variable"/><display value="Variable conditions"/><definition value="Changing environmental conditions"/></concept></CodeSystem>