<?xml version="1.0" encoding="UTF-8"?><CodeSystem xmlns="http://hl7.org/fhir"><id value="social-support-cs"/><text><status value="generated"/><div xmlns="http://www.w3.org/1999/xhtml"><p class="res-header-id"><b>Generated Narrative: CodeSystem social-support-cs</b></p><a name="social-support-cs"> </a><a name="hcsocial-support-cs"> </a><a name="social-support-cs-en-US"> </a><p>This  code system <code>https://github.com/RicardoLSantos/shorthand/CodeSystem/social-support-cs</code> defines the following codes:</p><table class="codes"><tr><td style="white-space:nowrap"><b>Code</b></td><td><b>Display</b></td><td><b>Definition</b></td></tr><tr><td style="white-space:nowrap">strong<a name="social-support-cs-strong"> </a></td><td>Strong Support</td><td>Strong social support network</td></tr><tr><td style="white-space:nowrap">adequate<a name="social-support-cs-adequate"> </a></td><td>Adequate Support</td><td>Sufficient social support</td></tr><tr><td style="white-space:nowrap">limited<a name="social-support-cs-limited"> </a></td><td>Limited Support</td><td>Limited social support</td></tr><tr><td style="white-space:nowrap">minimal<a name="social-support-cs-minimal"> </a></td><td>Minimal Support</td><td>Minimal social support</td></tr><tr><td style="white-space:nowrap">none<a name="social-support-cs-none"> </a></td><td>No Support</td><td>Absence of social support</td></tr></table></div></text><url value="https://github.com/RicardoLSantos/shorthand/CodeSystem/social-support-cs"/><version value="0.1.0"/><name value="SocialSupportCS"/><title value="Social Support Code System"/><status value="draft"/><date value="2025-01-24T12:30:11+00:00"/><publisher value="Ricardo Lourenço dos Santos"/><contact><name value="Ricardo Lourenço dos Santos"/><telecom><system value="url"/><value value="https://linktr.ee/ricardolsantos"/></telecom></contact><description value="Code system for levels of social support"/><content value="complete"/><count value="5"/><concept><code value="strong"/><display value="Strong Support"/><definition value="Strong social support network"/></concept><concept><code value="adequate"/><display value="Adequate Support"/><definition value="Sufficient social support"/></concept><concept><code value="limited"/><display value="Limited Support"/><definition value="Limited social support"/></concept><concept><code value="minimal"/><display value="Minimal Support"/><definition value="Minimal social support"/></concept><concept><code value="none"/><display value="No Support"/><definition value="Absence of social support"/></concept></CodeSystem>