<?xml version="1.0" encoding="UTF-8"?><CodeSystem xmlns="http://hl7.org/fhir"><id value="MindfulnessSettingCS"/><text><status value="generated"/><div xmlns="http://www.w3.org/1999/xhtml"><p class="res-header-id"><b>Generated Narrative: CodeSystem MindfulnessSettingCS</b></p><a name="MindfulnessSettingCS"> </a><a name="hcMindfulnessSettingCS"> </a><a name="MindfulnessSettingCS-en-US"> </a><p>This case-sensitive code system <code>http://example.org/CodeSystem/mindfulness-setting</code> defines the following codes:</p><table class="codes"><tr><td style="white-space:nowrap"><b>Code</b></td><td><b>Display</b></td></tr><tr><td style="white-space:nowrap">home<a name="MindfulnessSettingCS-home"> </a></td><td>Home Practice</td></tr><tr><td style="white-space:nowrap">clinic<a name="MindfulnessSettingCS-clinic"> </a></td><td>Clinical Setting</td></tr><tr><td style="white-space:nowrap">group<a name="MindfulnessSettingCS-group"> </a></td><td>Group Setting</td></tr><tr><td style="white-space:nowrap">retreat<a name="MindfulnessSettingCS-retreat"> </a></td><td>Retreat Setting</td></tr><tr><td style="white-space:nowrap">workplace<a name="MindfulnessSettingCS-workplace"> </a></td><td>Workplace Setting</td></tr></table></div></text><url value="http://example.org/CodeSystem/mindfulness-setting"/><version value="0.1.0"/><name value="MindfulnessSettingCS"/><title value="Mindfulness Setting CodeSystem"/><status value="active"/><experimental value="false"/><date value="2025-01-04T21:28:42+00:00"/><publisher value="Ricardo Lourenço dos Santos"/><contact><name value="Ricardo Lourenço dos Santos"/><telecom><system value="url"/><value value="https://linktr.ee/ricardolsantos"/></telecom></contact><caseSensitive value="true"/><content value="complete"/><count value="5"/><concept><code value="home"/><display value="Home Practice"/></concept><concept><code value="clinic"/><display value="Clinical Setting"/></concept><concept><code value="group"/><display value="Group Setting"/></concept><concept><code value="retreat"/><display value="Retreat Setting"/></concept><concept><code value="workplace"/><display value="Workplace Setting"/></concept></CodeSystem>