<?xml version="1.0" encoding="UTF-8"?><CodeSystem xmlns="http://hl7.org/fhir"><id value="environment-type-cs"/><text><status value="generated"/><div xmlns="http://www.w3.org/1999/xhtml"><p class="res-header-id"><b>Generated Narrative: CodeSystem environment-type-cs</b></p><a name="environment-type-cs"> </a><a name="hcenvironment-type-cs"> </a><a name="environment-type-cs-en-US"> </a><p>This case-sensitive code system <code>https://github.com/RicardoLSantos/shorthand/CodeSystem/environment-type-cs</code> defines the following codes:</p><table class="codes"><tr><td style="white-space:nowrap"><b>Code</b></td><td><b>Display</b></td><td><b>Definition</b></td></tr><tr><td style="white-space:nowrap">indoor<a name="environment-type-cs-indoor"> </a></td><td>Indoor</td><td>Indoor environment</td></tr><tr><td style="white-space:nowrap">outdoor<a name="environment-type-cs-outdoor"> </a></td><td>Outdoor</td><td>Outdoor environment</td></tr><tr><td style="white-space:nowrap">quiet<a name="environment-type-cs-quiet"> </a></td><td>Quiet Space</td><td>Quiet or silent environment</td></tr><tr><td style="white-space:nowrap">group<a name="environment-type-cs-group"> </a></td><td>Group Setting</td><td>Group practice environment</td></tr></table></div></text><url value="https://github.com/RicardoLSantos/shorthand/CodeSystem/environment-type-cs"/><version value="0.1.0"/><name value="EnvironmentTypeCS"/><title value="Practice Environment Types"/><status value="draft"/><experimental value="false"/><date value="2025-01-04T22:09:55+00:00"/><publisher value="Ricardo Lourenço dos Santos"/><contact><name value="Ricardo Lourenço dos Santos"/><telecom><system value="url"/><value value="https://linktr.ee/ricardolsantos"/></telecom></contact><description value="Types of environments for mindfulness practice"/><caseSensitive value="true"/><content value="complete"/><count value="4"/><concept><code value="indoor"/><display value="Indoor"/><definition value="Indoor environment"/></concept><concept><code value="outdoor"/><display value="Outdoor"/><definition value="Outdoor environment"/></concept><concept><code value="quiet"/><display value="Quiet Space"/><definition value="Quiet or silent environment"/></concept><concept><code value="group"/><display value="Group Setting"/><definition value="Group practice environment"/></concept></CodeSystem>