<?xml version="1.0" encoding="UTF-8"?><CodeSystem xmlns="http://hl7.org/fhir"><id value="substance-use-frequency-cs"/><text><status value="generated"/><div xmlns="http://www.w3.org/1999/xhtml"><p class="res-header-id"><b>Narrativa gerada: CodeSystem substance-use-frequency-cs</b></p><a name="substance-use-frequency-cs"> </a><a name="hcsubstance-use-frequency-cs"> </a><p>Este  sistema de código  define o seguinte código:</p><table class="codes"><tr><td style="white-space:nowrap"><b>Código</b></td><td><b>Ecrã</b></td><td><b>Definição</b></td></tr><tr><td style="white-space:nowrap">never<a name="substance-use-frequency-cs-never"> </a></td><td>Never</td><td>Never uses this substance</td></tr><tr><td style="white-space:nowrap">tried-once<a name="substance-use-frequency-cs-tried-once"> </a></td><td>Tried once</td><td>Has tried once but does not use</td></tr><tr><td style="white-space:nowrap">rarely<a name="substance-use-frequency-cs-rarely"> </a></td><td>Rarely</td><td>Less than once per month</td></tr><tr><td style="white-space:nowrap">monthly<a name="substance-use-frequency-cs-monthly"> </a></td><td>Monthly</td><td>About once per month</td></tr><tr><td style="white-space:nowrap">weekly<a name="substance-use-frequency-cs-weekly"> </a></td><td>Weekly</td><td>About once per week</td></tr><tr><td style="white-space:nowrap">several-times-weekly<a name="substance-use-frequency-cs-several-times-weekly"> </a></td><td>Several times weekly</td><td>2-6 times per week</td></tr><tr><td style="white-space:nowrap">daily<a name="substance-use-frequency-cs-daily"> </a></td><td>Daily</td><td>Daily use</td></tr></table></div></text><url value="https://2rdoc.pt/ig/ios-lifestyle-medicine/CodeSystem/substance-use-frequency-cs"/><version value="0.1.0"/><name value="SubstanceUseFrequencyCS"/><title value="Substance Use Frequency CodeSystem"/><status value="active"/><experimental value="false"/><date value="2025-11-27T15:44:07+00:00"/><publisher value="Ricardo Lourenço dos Santos"/><contact><name value="Ricardo Lourenço dos Santos"/><telecom><system value="url"/><value value="https://linktr.ee/ricardolsantos"/></telecom></contact><description value="Frequency categories for substance use reporting"/><jurisdiction><coding><system value="http://unstats.un.org/unsd/methods/m49/m49.htm"/><code value="150"/><display value="Europe"/></coding></jurisdiction><jurisdiction><coding><system value="http://unstats.un.org/unsd/methods/m49/m49.htm"/><code value="021"/><display value="Northern America a/"/></coding></jurisdiction><jurisdiction><coding><system value="http://unstats.un.org/unsd/methods/m49/m49.htm"/><code value="005"/><display value="South America"/></coding></jurisdiction><jurisdiction><coding><system value="urn:iso:std:iso:3166"/><code value="PT"/><display value="Portugal"/></coding></jurisdiction><jurisdiction><coding><system value="urn:iso:std:iso:3166"/><code value="US"/><display value="United States of America"/></coding></jurisdiction><jurisdiction><coding><system value="urn:iso:std:iso:3166"/><code value="BR"/><display value="Brazil"/></coding></jurisdiction><caseSensitive value="true"/><content value="complete"/><count value="7"/><concept><code value="never"/><display value="Never"/><definition value="Never uses this substance"/></concept><concept><code value="tried-once"/><display value="Tried once"/><definition value="Has tried once but does not use"/></concept><concept><code value="rarely"/><display value="Rarely"/><definition value="Less than once per month"/></concept><concept><code value="monthly"/><display value="Monthly"/><definition value="About once per month"/></concept><concept><code value="weekly"/><display value="Weekly"/><definition value="About once per week"/></concept><concept><code value="several-times-weekly"/><display value="Several times weekly"/><definition value="2-6 times per week"/></concept><concept><code value="daily"/><display value="Daily"/><definition value="Daily use"/></concept></CodeSystem>