<?xml version="1.0" encoding="UTF-8"?><CodeSystem xmlns="http://hl7.org/fhir"><id value="social-support-cs"/><text><status value="generated"/><div xmlns="http://www.w3.org/1999/xhtml"><p class="res-header-id"><b>Narrativa gerada: CodeSystem social-support-cs</b></p><a name="social-support-cs"> </a><a name="hcsocial-support-cs"> </a><p>Este  sistema de código  define o seguinte código:</p><table class="codes"><tr><td style="white-space:nowrap"><b>Código</b></td><td><b>Ecrã</b></td><td><b>Definição</b></td></tr><tr><td style="white-space:nowrap">strong<a name="social-support-cs-strong"> </a></td><td>Strong Support</td><td>Strong social support network</td></tr><tr><td style="white-space:nowrap">adequate<a name="social-support-cs-adequate"> </a></td><td>Adequate Support</td><td>Sufficient social support</td></tr><tr><td style="white-space:nowrap">limited<a name="social-support-cs-limited"> </a></td><td>Limited Support</td><td>Limited social support</td></tr><tr><td style="white-space:nowrap">minimal<a name="social-support-cs-minimal"> </a></td><td>Minimal Support</td><td>Minimal social support</td></tr><tr><td style="white-space:nowrap">none<a name="social-support-cs-none"> </a></td><td>No Support</td><td>Absence of social support</td></tr></table></div></text><url value="https://2rdoc.pt/ig/ios-lifestyle-medicine/CodeSystem/social-support-cs"/><version value="0.1.0"/><name value="SocialSupportCS"/><title value="Social Support Code System"/><status value="active"/><experimental value="false"/><date value="2025-10-01T23:24:47+01:00"/><publisher value="Ricardo Lourenço dos Santos"/><contact><name value="Ricardo Lourenço dos Santos"/><telecom><system value="url"/><value value="https://linktr.ee/ricardolsantos"/></telecom></contact><description value="Code system for levels of social support"/><jurisdiction><coding><system value="http://unstats.un.org/unsd/methods/m49/m49.htm"/><code value="150"/><display value="Europe"/></coding></jurisdiction><jurisdiction><coding><system value="http://unstats.un.org/unsd/methods/m49/m49.htm"/><code value="021"/><display value="Northern America a/"/></coding></jurisdiction><jurisdiction><coding><system value="http://unstats.un.org/unsd/methods/m49/m49.htm"/><code value="005"/><display value="South America"/></coding></jurisdiction><jurisdiction><coding><system value="urn:iso:std:iso:3166"/><code value="PT"/><display value="Portugal"/></coding></jurisdiction><jurisdiction><coding><system value="urn:iso:std:iso:3166"/><code value="US"/><display value="United States of America"/></coding></jurisdiction><jurisdiction><coding><system value="urn:iso:std:iso:3166"/><code value="BR"/><display value="Brazil"/></coding></jurisdiction><content value="complete"/><count value="5"/><concept><code value="strong"/><display value="Strong Support"/><definition value="Strong social support network"/></concept><concept><code value="adequate"/><display value="Adequate Support"/><definition value="Sufficient social support"/></concept><concept><code value="limited"/><display value="Limited Support"/><definition value="Limited social support"/></concept><concept><code value="minimal"/><display value="Minimal Support"/><definition value="Minimal social support"/></concept><concept><code value="none"/><display value="No Support"/><definition value="Absence of social support"/></concept></CodeSystem>