<?xml version="1.0" encoding="UTF-8"?><CodeSystem xmlns="http://hl7.org/fhir"><id value="mindfulness-type-cs"/><text><status value="generated"/><div xmlns="http://www.w3.org/1999/xhtml"><p class="res-header-id"><b>Narrativa gerada: CodeSystem mindfulness-type-cs</b></p><a name="mindfulness-type-cs"> </a><a name="hcmindfulness-type-cs"> </a><p>Este  sistema de código  define o seguinte código:</p><table class="codes"><tr><td style="white-space:nowrap"><b>Código</b></td><td><b>Ecrã</b></td><td><b>Definição</b></td></tr><tr><td style="white-space:nowrap">meditation<a name="mindfulness-type-cs-meditation"> </a></td><td>Meditation</td><td>Focused meditation practice</td></tr><tr><td style="white-space:nowrap">breathing<a name="mindfulness-type-cs-breathing"> </a></td><td>Breathing Exercise</td><td>Conscious breathing techniques</td></tr><tr><td style="white-space:nowrap">bodyScan<a name="mindfulness-type-cs-bodyScan"> </a></td><td>Body Scan</td><td>Progressive body awareness practice</td></tr><tr><td style="white-space:nowrap">walking<a name="mindfulness-type-cs-walking"> </a></td><td>Mindful Walking</td><td>Walking meditation practice</td></tr><tr><td style="white-space:nowrap">movement<a name="mindfulness-type-cs-movement"> </a></td><td>Mindful Movement</td><td>Conscious movement practice</td></tr></table></div></text><url value="https://2rdoc.pt/ig/ios-lifestyle-medicine/CodeSystem/mindfulness-type-cs"/><version value="0.1.0"/><name value="MindfulnessTypeCS"/><title value="Mindfulness Practice Types"/><status value="active"/><experimental value="false"/><date value="2025-11-30T13:08:37+00:00"/><publisher value="Ricardo Lourenço dos Santos"/><contact><name value="Ricardo Lourenço dos Santos"/><telecom><system value="url"/><value value="https://linktr.ee/ricardolsantos"/></telecom></contact><description value="Types of mindfulness practices and techniques"/><jurisdiction><coding><system value="http://unstats.un.org/unsd/methods/m49/m49.htm"/><code value="150"/><display value="Europe"/></coding></jurisdiction><jurisdiction><coding><system value="http://unstats.un.org/unsd/methods/m49/m49.htm"/><code value="021"/><display value="Northern America a/"/></coding></jurisdiction><jurisdiction><coding><system value="http://unstats.un.org/unsd/methods/m49/m49.htm"/><code value="005"/><display value="South America"/></coding></jurisdiction><jurisdiction><coding><system value="urn:iso:std:iso:3166"/><code value="PT"/><display value="Portugal"/></coding></jurisdiction><jurisdiction><coding><system value="urn:iso:std:iso:3166"/><code value="US"/><display value="United States of America"/></coding></jurisdiction><jurisdiction><coding><system value="urn:iso:std:iso:3166"/><code value="BR"/><display value="Brazil"/></coding></jurisdiction><caseSensitive value="true"/><content value="complete"/><count value="5"/><concept><code value="meditation"/><display value="Meditation"/><definition value="Focused meditation practice"/></concept><concept><code value="breathing"/><display value="Breathing Exercise"/><definition value="Conscious breathing techniques"/></concept><concept><code value="bodyScan"/><display value="Body Scan"/><definition value="Progressive body awareness practice"/></concept><concept><code value="walking"/><display value="Mindful Walking"/><definition value="Walking meditation practice"/></concept><concept><code value="movement"/><display value="Mindful Movement"/><definition value="Conscious movement practice"/></concept></CodeSystem>