<?xml version="1.0" encoding="UTF-8"?><CodeSystem xmlns="http://hl7.org/fhir"><id value="social-interaction-quality-cs"/><text><status value="generated"/><div xmlns="http://www.w3.org/1999/xhtml"><p class="res-header-id"><b>Narrativa gerada: CodeSystem social-interaction-quality-cs</b></p><a name="social-interaction-quality-cs"> </a><a name="hcsocial-interaction-quality-cs"> </a><p>Este  sistema de código  define o seguinte código:</p><table class="codes"><tr><td style="white-space:nowrap"><b>Código</b></td><td><b>Ecrã</b></td><td><b>Definição</b></td></tr><tr><td style="white-space:nowrap">meaningful<a name="social-interaction-quality-cs-meaningful"> </a></td><td>Meaningful</td><td>Deep, meaningful interaction</td></tr><tr><td style="white-space:nowrap">supportive<a name="social-interaction-quality-cs-supportive"> </a></td><td>Supportive</td><td>Supportive interaction</td></tr><tr><td style="white-space:nowrap">neutral<a name="social-interaction-quality-cs-neutral"> </a></td><td>Neutral</td><td>Neither positive nor negative</td></tr><tr><td style="white-space:nowrap">superficial<a name="social-interaction-quality-cs-superficial"> </a></td><td>Superficial</td><td>Surface-level interaction</td></tr><tr><td style="white-space:nowrap">stressful<a name="social-interaction-quality-cs-stressful"> </a></td><td>Stressful</td><td>Stressful or difficult interaction</td></tr></table></div></text><url value="https://2rdoc.pt/ig/ios-lifestyle-medicine/CodeSystem/social-interaction-quality-cs"/><version value="0.1.0"/><name value="SocialInteractionQualityCS"/><title value="Social Interaction Quality Code System"/><status value="active"/><experimental value="false"/><date value="2025-10-02T18:31:12+01:00"/><publisher value="Ricardo Lourenço dos Santos"/><contact><name value="Ricardo Lourenço dos Santos"/><telecom><system value="url"/><value value="https://linktr.ee/ricardolsantos"/></telecom></contact><description value="Quality measures for social interactions"/><jurisdiction><coding><system value="http://unstats.un.org/unsd/methods/m49/m49.htm"/><code value="150"/><display value="Europe"/></coding></jurisdiction><jurisdiction><coding><system value="http://unstats.un.org/unsd/methods/m49/m49.htm"/><code value="021"/><display value="Northern America a/"/></coding></jurisdiction><jurisdiction><coding><system value="http://unstats.un.org/unsd/methods/m49/m49.htm"/><code value="005"/><display value="South America"/></coding></jurisdiction><jurisdiction><coding><system value="urn:iso:std:iso:3166"/><code value="PT"/><display value="Portugal"/></coding></jurisdiction><jurisdiction><coding><system value="urn:iso:std:iso:3166"/><code value="US"/><display value="United States of America"/></coding></jurisdiction><jurisdiction><coding><system value="urn:iso:std:iso:3166"/><code value="BR"/><display value="Brazil"/></coding></jurisdiction><caseSensitive value="true"/><content value="complete"/><count value="5"/><concept><code value="meaningful"/><display value="Meaningful"/><definition value="Deep, meaningful interaction"/></concept><concept><code value="supportive"/><display value="Supportive"/><definition value="Supportive interaction"/></concept><concept><code value="neutral"/><display value="Neutral"/><definition value="Neither positive nor negative"/></concept><concept><code value="superficial"/><display value="Superficial"/><definition value="Surface-level interaction"/></concept><concept><code value="stressful"/><display value="Stressful"/><definition value="Stressful or difficult interaction"/></concept></CodeSystem>