<?xml version="1.0" encoding="UTF-8"?><CodeSystem xmlns="http://hl7.org/fhir"><id value="social-interaction-medium-cs"/><text><status value="generated"/><div xmlns="http://www.w3.org/1999/xhtml"><p class="res-header-id"><b>Generated Narrative: CodeSystem social-interaction-medium-cs</b></p><a name="social-interaction-medium-cs"> </a><a name="hcsocial-interaction-medium-cs"> </a><a name="social-interaction-medium-cs-en-US"> </a><p>This  code system <code>https://github.com/RicardoLSantos/shorthand/CodeSystem/social-interaction-medium-cs</code> defines the following codes:</p><table class="codes"><tr><td style="white-space:nowrap"><b>Code</b></td><td><b>Display</b></td><td><b>Definition</b></td></tr><tr><td style="white-space:nowrap">inPerson<a name="social-interaction-medium-cs-inPerson"> </a></td><td>In Person</td><td>Face-to-face interaction</td></tr><tr><td style="white-space:nowrap">video<a name="social-interaction-medium-cs-video"> </a></td><td>Video Call</td><td>Video-based interaction</td></tr><tr><td style="white-space:nowrap">voice<a name="social-interaction-medium-cs-voice"> </a></td><td>Voice Call</td><td>Voice-only interaction</td></tr><tr><td style="white-space:nowrap">text<a name="social-interaction-medium-cs-text"> </a></td><td>Text Based</td><td>Text-based communication</td></tr><tr><td style="white-space:nowrap">social<a name="social-interaction-medium-cs-social"> </a></td><td>Social Media</td><td>Social media interaction</td></tr><tr><td style="white-space:nowrap">mixed<a name="social-interaction-medium-cs-mixed"> </a></td><td>Mixed Medium</td><td>Multiple communication methods</td></tr></table></div></text><url value="https://github.com/RicardoLSantos/shorthand/CodeSystem/social-interaction-medium-cs"/><version value="0.1.0"/><name value="SocialInteractionMediumCS"/><title value="Social Interaction Medium Code System"/><status value="draft"/><date value="2025-01-14T13:24:18+00:00"/><publisher value="Ricardo Lourenço dos Santos"/><contact><name value="Ricardo Lourenço dos Santos"/><telecom><system value="url"/><value value="https://linktr.ee/ricardolsantos"/></telecom></contact><description value="Mediums through which social interaction occurs"/><content value="complete"/><count value="6"/><concept><code value="inPerson"/><display value="In Person"/><definition value="Face-to-face interaction"/></concept><concept><code value="video"/><display value="Video Call"/><definition value="Video-based interaction"/></concept><concept><code value="voice"/><display value="Voice Call"/><definition value="Voice-only interaction"/></concept><concept><code value="text"/><display value="Text Based"/><definition value="Text-based communication"/></concept><concept><code value="social"/><display value="Social Media"/><definition value="Social media interaction"/></concept><concept><code value="mixed"/><display value="Mixed Medium"/><definition value="Multiple communication methods"/></concept></CodeSystem>