<?xml version="1.0" encoding="UTF-8"?><CodeSystem xmlns="http://hl7.org/fhir"><id value="running-metrics-cs"/><text><status value="generated"/><div xmlns="http://www.w3.org/1999/xhtml"><p class="res-header-id"><b>Narrativa gerada: CodeSystem running-metrics-cs</b></p><a name="running-metrics-cs"> </a><a name="hcrunning-metrics-cs"> </a><p>Este  sistema de código  define o seguinte código:</p><table class="codes"><tr><td style="white-space:nowrap"><b>Código</b></td><td><b>Ecrã</b></td><td><b>Definição</b></td></tr><tr><td style="white-space:nowrap">gct<a name="running-metrics-cs-gct"> </a></td><td>Ground Contact Time</td><td>Duration of foot contact with the ground per step</td></tr><tr><td style="white-space:nowrap">gcb<a name="running-metrics-cs-gcb"> </a></td><td>Ground Contact Balance</td><td>Percentage of ground contact time on the left foot</td></tr><tr><td style="white-space:nowrap">flight-time<a name="running-metrics-cs-flight-time"> </a></td><td>Flight Time</td><td>Time when both feet are off the ground</td></tr><tr><td style="white-space:nowrap">duty-factor<a name="running-metrics-cs-duty-factor"> </a></td><td>Duty Factor</td><td>Ground contact time as percentage of stride cycle</td></tr><tr><td style="white-space:nowrap">vo<a name="running-metrics-cs-vo"> </a></td><td>Vertical Oscillation</td><td>Vertical bounce during running</td></tr><tr><td style="white-space:nowrap">vr<a name="running-metrics-cs-vr"> </a></td><td>Vertical Ratio</td><td>Vertical oscillation relative to stride length</td></tr><tr><td style="white-space:nowrap">cadence<a name="running-metrics-cs-cadence"> </a></td><td>Running Cadence</td><td>Steps per minute during running</td></tr><tr><td style="white-space:nowrap">stride<a name="running-metrics-cs-stride"> </a></td><td>Stride Length</td><td>Distance covered in two steps</td></tr><tr><td style="white-space:nowrap">step-length<a name="running-metrics-cs-step-length"> </a></td><td>Step Length</td><td>Distance covered in one step</td></tr><tr><td style="white-space:nowrap">step-variability<a name="running-metrics-cs-step-variability"> </a></td><td>Step Rate Variability</td><td>Variability in step timing</td></tr><tr><td style="white-space:nowrap">power<a name="running-metrics-cs-power"> </a></td><td>Running Power</td><td>Instantaneous running power in watts</td></tr><tr><td style="white-space:nowrap">form-power<a name="running-metrics-cs-form-power"> </a></td><td>Form Power</td><td>Power used for bouncing/oscillation</td></tr><tr><td style="white-space:nowrap">fpr<a name="running-metrics-cs-fpr"> </a></td><td>Form Power Ratio</td><td>Form power as percentage of total power</td></tr><tr><td style="white-space:nowrap">air-power<a name="running-metrics-cs-air-power"> </a></td><td>Air Power</td><td>Power used to overcome air resistance</td></tr><tr><td style="white-space:nowrap">stiffness<a name="running-metrics-cs-stiffness"> </a></td><td>Leg Stiffness</td><td>Spring-like behavior of the leg</td></tr><tr><td style="white-space:nowrap">v-stiffness<a name="running-metrics-cs-v-stiffness"> </a></td><td>Vertical Stiffness</td><td>Vertical component of leg stiffness</td></tr><tr><td style="white-space:nowrap">impact<a name="running-metrics-cs-impact"> </a></td><td>Impact G-forces</td><td>Peak impact force in G-forces</td></tr><tr><td style="white-space:nowrap">braking<a name="running-metrics-cs-braking"> </a></td><td>Braking G-forces</td><td>Braking force in G-forces</td></tr><tr><td style="white-space:nowrap">loading-rate<a name="running-metrics-cs-loading-rate"> </a></td><td>Impact Loading Rate</td><td>Rate of impact force application</td></tr><tr><td style="white-space:nowrap">footstrike<a name="running-metrics-cs-footstrike"> </a></td><td>Footstrike Type</td><td>Pattern of foot contact with ground</td></tr><tr><td style="white-space:nowrap">pronation<a name="running-metrics-cs-pronation"> </a></td><td>Pronation Angle</td><td>Inward roll angle of the foot</td></tr><tr><td style="white-space:nowrap">pace<a name="running-metrics-cs-pace"> </a></td><td>Pace</td><td>Time per distance unit</td></tr><tr><td style="white-space:nowrap">speed<a name="running-metrics-cs-speed"> </a></td><td>Average Speed</td><td>Mean speed over the activity</td></tr><tr><td style="white-space:nowrap">elevation<a name="running-metrics-cs-elevation"> </a></td><td>Elevation Gain</td><td>Total elevation climbed</td></tr><tr><td style="white-space:nowrap">symmetry<a name="running-metrics-cs-symmetry"> </a></td><td>Symmetry Score</td><td>Left-right symmetry percentage</td></tr><tr><td style="white-space:nowrap">form-score<a name="running-metrics-cs-form-score"> </a></td><td>Form Score</td><td>Overall running form score (0-100)</td></tr><tr><td style="white-space:nowrap">injury-risk<a name="running-metrics-cs-injury-risk"> </a></td><td>Injury Risk</td><td>Estimated injury risk based on biomechanics</td></tr><tr><td style="white-space:nowrap">efficiency<a name="running-metrics-cs-efficiency"> </a></td><td>Running Economy</td><td>Oxygen cost per distance at given speed</td></tr></table></div></text><url value="https://2rdoc.pt/ig/ios-lifestyle-medicine/CodeSystem/running-metrics-cs"/><version value="0.1.0"/><name value="RunningMetricsCS"/><title value="Running Metrics CodeSystem"/><status value="active"/><experimental value="false"/><date value="2025-11-28"/><publisher value="Ricardo Lourenço dos Santos"/><contact><name value="Ricardo Lourenço dos Santos"/><telecom><system value="url"/><value value="https://linktr.ee/ricardolsantos"/></telecom></contact><description value="CodeSystem for running dynamics and biomechanical metrics from wearable devices."/><jurisdiction><coding><system value="http://unstats.un.org/unsd/methods/m49/m49.htm"/><code value="150"/><display value="Europe"/></coding></jurisdiction><jurisdiction><coding><system value="http://unstats.un.org/unsd/methods/m49/m49.htm"/><code value="021"/><display value="Northern America a/"/></coding></jurisdiction><jurisdiction><coding><system value="http://unstats.un.org/unsd/methods/m49/m49.htm"/><code value="005"/><display value="South America"/></coding></jurisdiction><jurisdiction><coding><system value="urn:iso:std:iso:3166"/><code value="PT"/><display value="Portugal"/></coding></jurisdiction><jurisdiction><coding><system value="urn:iso:std:iso:3166"/><code value="US"/><display value="United States of America"/></coding></jurisdiction><jurisdiction><coding><system value="urn:iso:std:iso:3166"/><code value="BR"/><display value="Brazil"/></coding></jurisdiction><caseSensitive value="true"/><content value="complete"/><count value="28"/><concept><code value="gct"/><display value="Ground Contact Time"/><definition value="Duration of foot contact with the ground per step"/></concept><concept><code value="gcb"/><display value="Ground Contact Balance"/><definition value="Percentage of ground contact time on the left foot"/></concept><concept><code value="flight-time"/><display value="Flight Time"/><definition value="Time when both feet are off the ground"/></concept><concept><code value="duty-factor"/><display value="Duty Factor"/><definition value="Ground contact time as percentage of stride cycle"/></concept><concept><code value="vo"/><display value="Vertical Oscillation"/><definition value="Vertical bounce during running"/></concept><concept><code value="vr"/><display value="Vertical Ratio"/><definition value="Vertical oscillation relative to stride length"/></concept><concept><code value="cadence"/><display value="Running Cadence"/><definition value="Steps per minute during running"/></concept><concept><code value="stride"/><display value="Stride Length"/><definition value="Distance covered in two steps"/></concept><concept><code value="step-length"/><display value="Step Length"/><definition value="Distance covered in one step"/></concept><concept><code value="step-variability"/><display value="Step Rate Variability"/><definition value="Variability in step timing"/></concept><concept><code value="power"/><display value="Running Power"/><definition value="Instantaneous running power in watts"/></concept><concept><code value="form-power"/><display value="Form Power"/><definition value="Power used for bouncing/oscillation"/></concept><concept><code value="fpr"/><display value="Form Power Ratio"/><definition value="Form power as percentage of total power"/></concept><concept><code value="air-power"/><display value="Air Power"/><definition value="Power used to overcome air resistance"/></concept><concept><code value="stiffness"/><display value="Leg Stiffness"/><definition value="Spring-like behavior of the leg"/></concept><concept><code value="v-stiffness"/><display value="Vertical Stiffness"/><definition value="Vertical component of leg stiffness"/></concept><concept><code value="impact"/><display value="Impact G-forces"/><definition value="Peak impact force in G-forces"/></concept><concept><code value="braking"/><display value="Braking G-forces"/><definition value="Braking force in G-forces"/></concept><concept><code value="loading-rate"/><display value="Impact Loading Rate"/><definition value="Rate of impact force application"/></concept><concept><code value="footstrike"/><display value="Footstrike Type"/><definition value="Pattern of foot contact with ground"/></concept><concept><code value="pronation"/><display value="Pronation Angle"/><definition value="Inward roll angle of the foot"/></concept><concept><code value="pace"/><display value="Pace"/><definition value="Time per distance unit"/></concept><concept><code value="speed"/><display value="Average Speed"/><definition value="Mean speed over the activity"/></concept><concept><code value="elevation"/><display value="Elevation Gain"/><definition value="Total elevation climbed"/></concept><concept><code value="symmetry"/><display value="Symmetry Score"/><definition value="Left-right symmetry percentage"/></concept><concept><code value="form-score"/><display value="Form Score"/><definition value="Overall running form score (0-100)"/></concept><concept><code value="injury-risk"/><display value="Injury Risk"/><definition value="Estimated injury risk based on biomechanics"/></concept><concept><code value="efficiency"/><display value="Running Economy"/><definition value="Oxygen cost per distance at given speed"/></concept></CodeSystem>