<?xml version="1.0" encoding="UTF-8"?><CodeSystem xmlns="http://hl7.org/fhir"><id value="balance-status"/><text><status value="generated"/><div xmlns="http://www.w3.org/1999/xhtml"><p class="res-header-id"><b>Narrativa gerada: CodeSystem balance-status</b></p><a name="balance-status"> </a><a name="hcbalance-status"> </a><p>Este  sistema de código  define o seguinte código:</p><table class="codes"><tr><td style="white-space:nowrap"><b>Código</b></td><td><b>Ecrã</b></td></tr><tr><td style="white-space:nowrap">normal<a name="balance-status-normal"> </a></td><td>Normal</td></tr><tr><td style="white-space:nowrap">veryStable<a name="balance-status-veryStable"> </a></td><td>Very Stable</td></tr><tr><td style="white-space:nowrap">stable<a name="balance-status-stable"> </a></td><td>Stable</td></tr><tr><td style="white-space:nowrap">slightlyUnstable<a name="balance-status-slightlyUnstable"> </a></td><td>Slightly Unstable</td></tr><tr><td style="white-space:nowrap">unstable<a name="balance-status-unstable"> </a></td><td>Unstable</td></tr><tr><td style="white-space:nowrap">veryUnstable<a name="balance-status-veryUnstable"> </a></td><td>Very Unstable</td></tr></table></div></text><url value="https://2rdoc.pt/ig/ios-lifestyle-medicine/CodeSystem/balance-status"/><version value="0.1.0"/><name value="BalanceStatusCodeSystem"/><title value="Balance Status Code System"/><status value="active"/><experimental value="false"/><date value="2025-11-27T17:03:01+00:00"/><publisher value="Ricardo Lourenço dos Santos"/><contact><name value="Ricardo Lourenço dos Santos"/><telecom><system value="url"/><value value="https://linktr.ee/ricardolsantos"/></telecom></contact><description value="Code system for balance status types"/><useContext><code><system value="http://terminology.hl7.org/CodeSystem/usage-context-type"/><code value="program"/></code><valueCodeableConcept><text value="iOS Lifestyle Medicine"/></valueCodeableConcept></useContext><jurisdiction><coding><system value="http://unstats.un.org/unsd/methods/m49/m49.htm"/><code value="150"/><display value="Europe"/></coding></jurisdiction><jurisdiction><coding><system value="http://unstats.un.org/unsd/methods/m49/m49.htm"/><code value="021"/><display value="Northern America a/"/></coding></jurisdiction><jurisdiction><coding><system value="http://unstats.un.org/unsd/methods/m49/m49.htm"/><code value="005"/><display value="South America"/></coding></jurisdiction><jurisdiction><coding><system value="urn:iso:std:iso:3166"/><code value="PT"/><display value="Portugal"/></coding></jurisdiction><jurisdiction><coding><system value="urn:iso:std:iso:3166"/><code value="US"/><display value="United States of America"/></coding></jurisdiction><jurisdiction><coding><system value="urn:iso:std:iso:3166"/><code value="BR"/><display value="Brazil"/></coding></jurisdiction><caseSensitive value="true"/><content value="complete"/><count value="6"/><concept><code value="normal"/><display value="Normal"/></concept><concept><code value="veryStable"/><display value="Very Stable"/></concept><concept><code value="stable"/><display value="Stable"/></concept><concept><code value="slightlyUnstable"/><display value="Slightly Unstable"/></concept><concept><code value="unstable"/><display value="Unstable"/></concept><concept><code value="veryUnstable"/><display value="Very Unstable"/></concept></CodeSystem>