<?xml version="1.0" encoding="UTF-8"?><CodeSystem xmlns="http://hl7.org/fhir"><id value="apple-healthkit-stub"/><text><status value="generated"/><div xmlns="http://www.w3.org/1999/xhtml"><p class="res-header-id"><b>Narrativa gerada: CodeSystem apple-healthkit-stub</b></p><a name="apple-healthkit-stub"> </a><a name="hcapple-healthkit-stub"> </a><p>Este  sistema de código  define códigos, mas nenhum código é representado aqui</p></div></text><url value="https://developer.apple.com/documentation/healthkit"/><version value="0.1.0"/><name value="AppleHealthKitCS"/><title value="Apple HealthKit Types (External Reference)"/><status value="active"/><experimental value="false"/><date value="2025-11-30"/><publisher value="Ricardo Lourenço dos Santos"/><contact><name value="Ricardo Lourenço dos Santos"/><telecom><system value="url"/><value value="https://linktr.ee/ricardolsantos"/></telecom></contact><description value="Stub CodeSystem representing Apple HealthKit quantity and category types. This CodeSystem serves as a formal reference for mapping wearable data from Apple devices."/><jurisdiction><coding><system value="http://unstats.un.org/unsd/methods/m49/m49.htm"/><code value="150"/><display value="Europe"/></coding></jurisdiction><jurisdiction><coding><system value="http://unstats.un.org/unsd/methods/m49/m49.htm"/><code value="021"/><display value="Northern America a/"/></coding></jurisdiction><jurisdiction><coding><system value="http://unstats.un.org/unsd/methods/m49/m49.htm"/><code value="005"/><display value="South America"/></coding></jurisdiction><jurisdiction><coding><system value="urn:iso:std:iso:3166"/><code value="PT"/><display value="Portugal"/></coding></jurisdiction><jurisdiction><coding><system value="urn:iso:std:iso:3166"/><code value="US"/><display value="United States of America"/></coding></jurisdiction><jurisdiction><coding><system value="urn:iso:std:iso:3166"/><code value="BR"/><display value="Brazil"/></coding></jurisdiction><caseSensitive value="true"/><content value="not-present"/><count value="0"/></CodeSystem>