<?xml version="1.0" encoding="UTF-8"?><CodeSystem xmlns="http://hl7.org/fhir"><id value="mindfulness-outcome-cs"/><text><status value="generated"/><div xmlns="http://www.w3.org/1999/xhtml"><p class="res-header-id"><b>Narrativa gerada: CodeSystem mindfulness-outcome-cs</b></p><a name="mindfulness-outcome-cs"> </a><a name="hcmindfulness-outcome-cs"> </a><p>Este  sistema de código  define o seguinte código:</p><table class="codes"><tr><td style="white-space:nowrap"><b>Código</b></td><td><b>Ecrã</b></td><td><b>Definição</b></td></tr><tr><td style="white-space:nowrap">increasedAwareness<a name="mindfulness-outcome-cs-increasedAwareness"> </a></td><td>Increased Awareness</td><td>Greater awareness of thoughts and sensations</td></tr><tr><td style="white-space:nowrap">improvedFocus<a name="mindfulness-outcome-cs-improvedFocus"> </a></td><td>Improved Focus</td><td>Enhanced ability to concentrate</td></tr><tr><td style="white-space:nowrap">stressReduction<a name="mindfulness-outcome-cs-stressReduction"> </a></td><td>Stress Reduction</td><td>Decreased levels of stress and tension</td></tr><tr><td style="white-space:nowrap">emotionalBalance<a name="mindfulness-outcome-cs-emotionalBalance"> </a></td><td>Emotional Balance</td><td>Better emotional regulation</td></tr><tr><td style="white-space:nowrap">improvedSleep<a name="mindfulness-outcome-cs-improvedSleep"> </a></td><td>Improved Sleep</td><td>Enhanced activity quality</td></tr></table></div></text><url value="https://2rdoc.pt/ig/ios-lifestyle-medicine/CodeSystem/mindfulness-outcome-cs"/><version value="0.1.0"/><name value="MindfulnessOutcomeCS"/><title value="Mindfulness Outcomes"/><status value="active"/><experimental value="false"/><date value="2025-10-03T16:37:46+01:00"/><publisher value="Ricardo Lourenço dos Santos"/><contact><name value="Ricardo Lourenço dos Santos"/><telecom><system value="url"/><value value="https://linktr.ee/ricardolsantos"/></telecom></contact><description value="Outcomes and effects of mindfulness practice"/><jurisdiction><coding><system value="http://unstats.un.org/unsd/methods/m49/m49.htm"/><code value="150"/><display value="Europe"/></coding></jurisdiction><jurisdiction><coding><system value="http://unstats.un.org/unsd/methods/m49/m49.htm"/><code value="021"/><display value="Northern America a/"/></coding></jurisdiction><jurisdiction><coding><system value="http://unstats.un.org/unsd/methods/m49/m49.htm"/><code value="005"/><display value="South America"/></coding></jurisdiction><jurisdiction><coding><system value="urn:iso:std:iso:3166"/><code value="PT"/><display value="Portugal"/></coding></jurisdiction><jurisdiction><coding><system value="urn:iso:std:iso:3166"/><code value="US"/><display value="United States of America"/></coding></jurisdiction><jurisdiction><coding><system value="urn:iso:std:iso:3166"/><code value="BR"/><display value="Brazil"/></coding></jurisdiction><caseSensitive value="true"/><content value="complete"/><count value="5"/><concept><code value="increasedAwareness"/><display value="Increased Awareness"/><definition value="Greater awareness of thoughts and sensations"/></concept><concept><code value="improvedFocus"/><display value="Improved Focus"/><definition value="Enhanced ability to concentrate"/></concept><concept><code value="stressReduction"/><display value="Stress Reduction"/><definition value="Decreased levels of stress and tension"/></concept><concept><code value="emotionalBalance"/><display value="Emotional Balance"/><definition value="Better emotional regulation"/></concept><concept><code value="improvedSleep"/><display value="Improved Sleep"/><definition value="Enhanced activity quality"/></concept></CodeSystem>