<?xml version="1.0" encoding="UTF-8"?><CodeSystem xmlns="http://hl7.org/fhir"><id value="stress-impact-cs"/><text><status value="generated"/><div xmlns="http://www.w3.org/1999/xhtml"><p class="res-header-id"><b>Narrativa gerada: CodeSystem stress-impact-cs</b></p><a name="stress-impact-cs"> </a><a name="hcstress-impact-cs"> </a><p>Este  sistema de código  define o seguinte código:</p><table class="codes"><tr><td style="white-space:nowrap"><b>Código</b></td><td><b>Ecrã</b></td><td><b>Definição</b></td></tr><tr><td style="white-space:nowrap">minimal<a name="stress-impact-cs-minimal"> </a></td><td>Minimal Impact</td><td>Little to no interference with daily activities</td></tr><tr><td style="white-space:nowrap">mild<a name="stress-impact-cs-mild"> </a></td><td>Mild Impact</td><td>Some interference with daily activities</td></tr><tr><td style="white-space:nowrap">moderate<a name="stress-impact-cs-moderate"> </a></td><td>Moderate Impact</td><td>Significant interference with daily activities</td></tr><tr><td style="white-space:nowrap">severe<a name="stress-impact-cs-severe"> </a></td><td>Severe Impact</td><td>Major interference with daily activities</td></tr><tr><td style="white-space:nowrap">extreme<a name="stress-impact-cs-extreme"> </a></td><td>Extreme Impact</td><td>Unable to perform daily activities</td></tr></table></div></text><url value="https://2rdoc.pt/ig/ios-lifestyle-medicine/CodeSystem/stress-impact-cs"/><version value="0.1.0"/><name value="StressImpactCS"/><title value="Stress Impact Code System"/><status value="active"/><experimental value="false"/><date value="2025-11-30T13:08:37+00:00"/><publisher value="Ricardo Lourenço dos Santos"/><contact><name value="Ricardo Lourenço dos Santos"/><telecom><system value="url"/><value value="https://linktr.ee/ricardolsantos"/></telecom></contact><description value="Code system for stress impact levels"/><jurisdiction><coding><system value="http://unstats.un.org/unsd/methods/m49/m49.htm"/><code value="150"/><display value="Europe"/></coding></jurisdiction><jurisdiction><coding><system value="http://unstats.un.org/unsd/methods/m49/m49.htm"/><code value="021"/><display value="Northern America a/"/></coding></jurisdiction><jurisdiction><coding><system value="http://unstats.un.org/unsd/methods/m49/m49.htm"/><code value="005"/><display value="South America"/></coding></jurisdiction><jurisdiction><coding><system value="urn:iso:std:iso:3166"/><code value="PT"/><display value="Portugal"/></coding></jurisdiction><jurisdiction><coding><system value="urn:iso:std:iso:3166"/><code value="US"/><display value="United States of America"/></coding></jurisdiction><jurisdiction><coding><system value="urn:iso:std:iso:3166"/><code value="BR"/><display value="Brazil"/></coding></jurisdiction><caseSensitive value="true"/><content value="complete"/><count value="5"/><concept><code value="minimal"/><display value="Minimal Impact"/><definition value="Little to no interference with daily activities"/></concept><concept><code value="mild"/><display value="Mild Impact"/><definition value="Some interference with daily activities"/></concept><concept><code value="moderate"/><display value="Moderate Impact"/><definition value="Significant interference with daily activities"/></concept><concept><code value="severe"/><display value="Severe Impact"/><definition value="Major interference with daily activities"/></concept><concept><code value="extreme"/><display value="Extreme Impact"/><definition value="Unable to perform daily activities"/></concept></CodeSystem>