<?xml version="1.0" encoding="UTF-8"?><CodeSystem xmlns="http://hl7.org/fhir"><id value="risk-level"/><text><status value="generated"/><div xmlns="http://www.w3.org/1999/xhtml"><p class="res-header-id"><b>Narrativa gerada: CodeSystem risk-level</b></p><a name="risk-level"> </a><a name="hcrisk-level"> </a><p>Este  sistema de código  define o seguinte código:</p><table class="codes"><tr><td style="white-space:nowrap"><b>Código</b></td><td><b>Ecrã</b></td><td><b>Definição</b></td></tr><tr><td style="white-space:nowrap">none<a name="risk-level-none"> </a></td><td>None</td><td>No risk identified - normal or optimal status</td></tr><tr><td style="white-space:nowrap">low<a name="risk-level-low"> </a></td><td>Low</td><td>Low risk level - routine monitoring sufficient</td></tr><tr><td style="white-space:nowrap">moderate<a name="risk-level-moderate"> </a></td><td>Moderate</td><td>Moderate risk level - increased surveillance recommended</td></tr><tr><td style="white-space:nowrap">high<a name="risk-level-high"> </a></td><td>High</td><td>High risk level - active intervention required</td></tr><tr><td style="white-space:nowrap">critical<a name="risk-level-critical"> </a></td><td>Critical</td><td>Critical risk level - immediate action essential</td></tr><tr><td style="white-space:nowrap">unknown<a name="risk-level-unknown"> </a></td><td>Unknown</td><td>Risk level cannot be determined with available information</td></tr></table></div></text><url value="https://2rdoc.pt/ig/ios-lifestyle-medicine/CodeSystem/risk-level"/><version value="0.1.0"/><name value="RiskLevel"/><title value="Risk Level"/><status value="active"/><experimental value="false"/><date value="2025-11-27T17:03:01+00:00"/><publisher value="Ricardo Lourenço dos Santos"/><contact><name value="Ricardo Lourenço dos Santos"/><telecom><system value="url"/><value value="https://linktr.ee/ricardolsantos"/></telecom></contact><description value="General risk level classification for health assessments and clinical decision support"/><jurisdiction><coding><system value="http://unstats.un.org/unsd/methods/m49/m49.htm"/><code value="150"/><display value="Europe"/></coding></jurisdiction><jurisdiction><coding><system value="http://unstats.un.org/unsd/methods/m49/m49.htm"/><code value="021"/><display value="Northern America a/"/></coding></jurisdiction><jurisdiction><coding><system value="http://unstats.un.org/unsd/methods/m49/m49.htm"/><code value="005"/><display value="South America"/></coding></jurisdiction><jurisdiction><coding><system value="urn:iso:std:iso:3166"/><code value="PT"/><display value="Portugal"/></coding></jurisdiction><jurisdiction><coding><system value="urn:iso:std:iso:3166"/><code value="US"/><display value="United States of America"/></coding></jurisdiction><jurisdiction><coding><system value="urn:iso:std:iso:3166"/><code value="BR"/><display value="Brazil"/></coding></jurisdiction><caseSensitive value="true"/><content value="complete"/><count value="6"/><concept><code value="none"/><display value="None"/><definition value="No risk identified - normal or optimal status"/></concept><concept><code value="low"/><display value="Low"/><definition value="Low risk level - routine monitoring sufficient"/></concept><concept><code value="moderate"/><display value="Moderate"/><definition value="Moderate risk level - increased surveillance recommended"/></concept><concept><code value="high"/><display value="High"/><definition value="High risk level - active intervention required"/></concept><concept><code value="critical"/><display value="Critical"/><definition value="Critical risk level - immediate action essential"/></concept><concept><code value="unknown"/><display value="Unknown"/><definition value="Risk level cannot be determined with available information"/></concept></CodeSystem>