<?xml version="1.0" encoding="UTF-8"?><CodeSystem xmlns="http://hl7.org/fhir"><id value="mobility-alert-level-cs"/><text><status value="generated"/><div xmlns="http://www.w3.org/1999/xhtml"><p class="res-header-id"><b>Narrativa gerada: CodeSystem mobility-alert-level-cs</b></p><a name="mobility-alert-level-cs"> </a><a name="hcmobility-alert-level-cs"> </a><p><b>Propriedades</b></p><p><b>Este sistema de códigos define as seguintes propriedades para os seus conceitos</b></p><table class="grid"><tr><td><b>Nome</b></td><td><b>Código</b></td><td><b>URI</b></td><td><b>Tipo</b></td><td><b>Descrição</b></td></tr><tr><td>status</td><td>status</td><td>http://hl7.org/fhir/concept-properties#status</td><td>code</td><td>The status of the alert level</td></tr><tr><td>severity</td><td>severity</td><td>https://2rdoc.pt/ig/ios-lifestyle-medicine/CodeSystem/mobility-alert-level-cs#severity</td><td>integer</td><td>Numeric value indicating severity (1=low, 3=high)</td></tr></table><p><b>Conceitos</b></p><p>Este  sistema de código  define o seguinte código:</p><table class="codes"><tr><td style="white-space:nowrap"><b>Código</b></td><td><b>Ecrã</b></td><td><b>Definição</b></td></tr><tr><td style="white-space:nowrap">green<a name="mobility-alert-level-cs-green"> </a></td><td>Normal - No concern</td><td>Mobility measurements are within normal range and show no concerning patterns</td></tr><tr><td style="white-space:nowrap">yellow<a name="mobility-alert-level-cs-yellow"> </a></td><td>Caution - Monitor closely</td><td>Mobility measurements show slight deviations that warrant closer monitoring</td></tr><tr><td style="white-space:nowrap">red<a name="mobility-alert-level-cs-red"> </a></td><td>Alert - Significant change</td><td>Mobility measurements indicate significant changes that require immediate attention</td></tr></table></div></text><url value="https://2rdoc.pt/ig/ios-lifestyle-medicine/CodeSystem/mobility-alert-level-cs"/><version value="0.1.0"/><name value="MobilityAlertLevelCS"/><title value="Mobility Alert Level Code System"/><status value="active"/><experimental value="false"/><date value="2025-10-03T16:37:46+01:00"/><publisher value="Ricardo Lourenço dos Santos"/><contact><name value="Ricardo Lourenço dos Santos"/><telecom><system value="url"/><value value="https://linktr.ee/ricardolsantos"/></telecom></contact><description value="Code system defining alert levels for mobility measurements, indicating the severity of changes in mobility patterns"/><useContext><code><system value="http://terminology.hl7.org/CodeSystem/usage-context-type"/><code value="program"/></code><valueCodeableConcept><text value="iOS Lifestyle Medicine"/></valueCodeableConcept></useContext><jurisdiction><coding><system value="http://unstats.un.org/unsd/methods/m49/m49.htm"/><code value="150"/><display value="Europe"/></coding></jurisdiction><jurisdiction><coding><system value="http://unstats.un.org/unsd/methods/m49/m49.htm"/><code value="021"/><display value="Northern America a/"/></coding></jurisdiction><jurisdiction><coding><system value="http://unstats.un.org/unsd/methods/m49/m49.htm"/><code value="005"/><display value="South America"/></coding></jurisdiction><jurisdiction><coding><system value="urn:iso:std:iso:3166"/><code value="PT"/><display value="Portugal"/></coding></jurisdiction><jurisdiction><coding><system value="urn:iso:std:iso:3166"/><code value="US"/><display value="United States of America"/></coding></jurisdiction><jurisdiction><coding><system value="urn:iso:std:iso:3166"/><code value="BR"/><display value="Brazil"/></coding></jurisdiction><caseSensitive value="true"/><content value="complete"/><count value="3"/><property><code value="status"/><uri value="http://hl7.org/fhir/concept-properties#status"/><description value="The status of the alert level"/><type value="code"/></property><property><code value="severity"/><uri value="https://2rdoc.pt/ig/ios-lifestyle-medicine/CodeSystem/mobility-alert-level-cs#severity"/><description value="Numeric value indicating severity (1=low, 3=high)"/><type value="integer"/></property><concept><code value="green"/><display value="Normal - No concern"/><definition value="Mobility measurements are within normal range and show no concerning patterns"/></concept><concept><code value="yellow"/><display value="Caution - Monitor closely"/><definition value="Mobility measurements show slight deviations that warrant closer monitoring"/></concept><concept><code value="red"/><display value="Alert - Significant change"/><definition value="Mobility measurements indicate significant changes that require immediate attention"/></concept></CodeSystem>