<?xml version="1.0" encoding="UTF-8"?><CodeSystem xmlns="http://hl7.org/fhir"><id value="mobility-assessment-method"/><text><status value="generated"/><div xmlns="http://www.w3.org/1999/xhtml"><p class="res-header-id"><b>Narrativa gerada: CodeSystem mobility-assessment-method</b></p><a name="mobility-assessment-method"> </a><a name="hcmobility-assessment-method"> </a><p>Este  sistema de código  define o seguinte código:</p><table class="codes"><tr><td style="white-space:nowrap"><b>Código</b></td><td><b>Ecrã</b></td><td><b>Definição</b></td></tr><tr><td style="white-space:nowrap">sensor<a name="mobility-assessment-method-sensor"> </a></td><td>Sensor-based</td><td>Assessment using device sensors (accelerometer, gyroscope)</td></tr><tr><td style="white-space:nowrap">clinical<a name="mobility-assessment-method-clinical"> </a></td><td>Clinical Assessment</td><td>Assessment by healthcare professional</td></tr><tr><td style="white-space:nowrap">self-report<a name="mobility-assessment-method-self-report"> </a></td><td>Self-reported</td><td>User-reported mobility assessment</td></tr><tr><td style="white-space:nowrap">timed-test<a name="mobility-assessment-method-timed-test"> </a></td><td>Timed Test</td><td>Timed mobility performance test</td></tr><tr><td style="white-space:nowrap">standardized<a name="mobility-assessment-method-standardized"> </a></td><td>Standardized Test</td><td>Standardized mobility assessment test</td></tr></table></div></text><url value="https://2rdoc.pt/ig/ios-lifestyle-medicine/CodeSystem/mobility-assessment-method"/><version value="0.1.0"/><name value="MobilityAssessmentMethodCS"/><title value="Mobility Assessment Method"/><status value="active"/><experimental value="false"/><date value="2025-11-27T15:44:07+00:00"/><publisher value="Ricardo Lourenço dos Santos"/><contact><name value="Ricardo Lourenço dos Santos"/><telecom><system value="url"/><value value="https://linktr.ee/ricardolsantos"/></telecom></contact><description value="Methods used to assess mobility and balance"/><jurisdiction><coding><system value="http://unstats.un.org/unsd/methods/m49/m49.htm"/><code value="150"/><display value="Europe"/></coding></jurisdiction><jurisdiction><coding><system value="http://unstats.un.org/unsd/methods/m49/m49.htm"/><code value="021"/><display value="Northern America a/"/></coding></jurisdiction><jurisdiction><coding><system value="http://unstats.un.org/unsd/methods/m49/m49.htm"/><code value="005"/><display value="South America"/></coding></jurisdiction><jurisdiction><coding><system value="urn:iso:std:iso:3166"/><code value="PT"/><display value="Portugal"/></coding></jurisdiction><jurisdiction><coding><system value="urn:iso:std:iso:3166"/><code value="US"/><display value="United States of America"/></coding></jurisdiction><jurisdiction><coding><system value="urn:iso:std:iso:3166"/><code value="BR"/><display value="Brazil"/></coding></jurisdiction><caseSensitive value="true"/><content value="complete"/><count value="5"/><concept><code value="sensor"/><display value="Sensor-based"/><definition value="Assessment using device sensors (accelerometer, gyroscope)"/></concept><concept><code value="clinical"/><display value="Clinical Assessment"/><definition value="Assessment by healthcare professional"/></concept><concept><code value="self-report"/><display value="Self-reported"/><definition value="User-reported mobility assessment"/></concept><concept><code value="timed-test"/><display value="Timed Test"/><definition value="Timed mobility performance test"/></concept><concept><code value="standardized"/><display value="Standardized Test"/><definition value="Standardized mobility assessment test"/></concept></CodeSystem>