<?xml version="1.0" encoding="UTF-8"?><CodeSystem xmlns="http://hl7.org/fhir"><id value="social-activity-cs"/><text><status value="generated"/><div xmlns="http://www.w3.org/1999/xhtml"><p class="res-header-id"><b>Narrativa gerada: CodeSystem social-activity-cs</b></p><a name="social-activity-cs"> </a><a name="hcsocial-activity-cs"> </a><p>Este  sistema de código  define o seguinte código:</p><table class="codes"><tr><td style="white-space:nowrap"><b>Código</b></td><td><b>Ecrã</b></td><td><b>Definição</b></td></tr><tr><td style="white-space:nowrap">meal<a name="social-activity-cs-meal"> </a></td><td>Shared Meal</td><td>Sharing a meal together</td></tr><tr><td style="white-space:nowrap">exercise<a name="social-activity-cs-exercise"> </a></td><td>Group Exercise</td><td>Group physical activity</td></tr><tr><td style="white-space:nowrap">entertainment<a name="social-activity-cs-entertainment"> </a></td><td>Entertainment</td><td>Shared entertainment activity</td></tr><tr><td style="white-space:nowrap">learning<a name="social-activity-cs-learning"> </a></td><td>Learning</td><td>Group learning activity</td></tr><tr><td style="white-space:nowrap">volunteering<a name="social-activity-cs-volunteering"> </a></td><td>Volunteering</td><td>Community service activity</td></tr><tr><td style="white-space:nowrap">celebration<a name="social-activity-cs-celebration"> </a></td><td>Celebration</td><td>Social celebration or event</td></tr></table></div></text><url value="https://2rdoc.pt/ig/ios-lifestyle-medicine/CodeSystem/social-activity-cs"/><version value="0.1.0"/><name value="SocialActivityCS"/><title value="Social Activity Code System"/><status value="active"/><experimental value="false"/><date value="2025-10-01T16:36:18+01:00"/><publisher value="Ricardo Lourenço dos Santos"/><contact><name value="Ricardo Lourenço dos Santos"/><telecom><system value="url"/><value value="https://linktr.ee/ricardolsantos"/></telecom></contact><description value="Code system for types of social activities"/><jurisdiction><coding><system value="http://unstats.un.org/unsd/methods/m49/m49.htm"/><code value="150"/><display value="Europe"/></coding></jurisdiction><jurisdiction><coding><system value="http://unstats.un.org/unsd/methods/m49/m49.htm"/><code value="021"/><display value="Northern America a/"/></coding></jurisdiction><jurisdiction><coding><system value="http://unstats.un.org/unsd/methods/m49/m49.htm"/><code value="005"/><display value="South America"/></coding></jurisdiction><jurisdiction><coding><system value="urn:iso:std:iso:3166"/><code value="PT"/><display value="Portugal"/></coding></jurisdiction><jurisdiction><coding><system value="urn:iso:std:iso:3166"/><code value="US"/><display value="United States of America"/></coding></jurisdiction><jurisdiction><coding><system value="urn:iso:std:iso:3166"/><code value="BR"/><display value="Brazil"/></coding></jurisdiction><content value="complete"/><count value="6"/><concept><code value="meal"/><display value="Shared Meal"/><definition value="Sharing a meal together"/></concept><concept><code value="exercise"/><display value="Group Exercise"/><definition value="Group physical activity"/></concept><concept><code value="entertainment"/><display value="Entertainment"/><definition value="Shared entertainment activity"/></concept><concept><code value="learning"/><display value="Learning"/><definition value="Group learning activity"/></concept><concept><code value="volunteering"/><display value="Volunteering"/><definition value="Community service activity"/></concept><concept><code value="celebration"/><display value="Celebration"/><definition value="Social celebration or event"/></concept></CodeSystem>