<?xml version="1.0" encoding="UTF-8"?><CodeSystem xmlns="http://hl7.org/fhir"><id value="mindfulness-audit-type"/><text><status value="generated"/><div xmlns="http://www.w3.org/1999/xhtml"><p class="res-header-id"><b>Narrativa gerada: CodeSystem mindfulness-audit-type</b></p><a name="mindfulness-audit-type"> </a><a name="hcmindfulness-audit-type"> </a><p>Este  sistema de código  define o seguinte código:</p><table class="codes"><tr><td style="white-space:nowrap"><b>Código</b></td><td><b>Ecrã</b></td><td><b>Definição</b></td></tr><tr><td style="white-space:nowrap">session<a name="mindfulness-audit-type-session"> </a></td><td>Session Audit</td><td>Audit of mindfulness practice session</td></tr><tr><td style="white-space:nowrap">data-access<a name="mindfulness-audit-type-data-access"> </a></td><td>Data Access</td><td>Audit of mindfulness data access</td></tr><tr><td style="white-space:nowrap">config-change<a name="mindfulness-audit-type-config-change"> </a></td><td>Configuration Change</td><td>Audit of configuration changes</td></tr><tr><td style="white-space:nowrap">export<a name="mindfulness-audit-type-export"> </a></td><td>Data Export</td><td>Audit of data export operations</td></tr></table></div></text><url value="https://2rdoc.pt/ig/ios-lifestyle-medicine/CodeSystem/mindfulness-audit-type"/><version value="0.1.0"/><name value="MindfulnessAuditTypeCS"/><title value="Mindfulness Audit Type"/><status value="active"/><experimental value="false"/><date value="2025-11-28T14:35:57+00:00"/><publisher value="Ricardo Lourenço dos Santos"/><contact><name value="Ricardo Lourenço dos Santos"/><telecom><system value="url"/><value value="https://linktr.ee/ricardolsantos"/></telecom></contact><description value="Types of audit events for mindfulness practice tracking"/><jurisdiction><coding><system value="http://unstats.un.org/unsd/methods/m49/m49.htm"/><code value="150"/><display value="Europe"/></coding></jurisdiction><jurisdiction><coding><system value="http://unstats.un.org/unsd/methods/m49/m49.htm"/><code value="021"/><display value="Northern America a/"/></coding></jurisdiction><jurisdiction><coding><system value="http://unstats.un.org/unsd/methods/m49/m49.htm"/><code value="005"/><display value="South America"/></coding></jurisdiction><jurisdiction><coding><system value="urn:iso:std:iso:3166"/><code value="PT"/><display value="Portugal"/></coding></jurisdiction><jurisdiction><coding><system value="urn:iso:std:iso:3166"/><code value="US"/><display value="United States of America"/></coding></jurisdiction><jurisdiction><coding><system value="urn:iso:std:iso:3166"/><code value="BR"/><display value="Brazil"/></coding></jurisdiction><caseSensitive value="true"/><content value="complete"/><count value="4"/><concept><code value="session"/><display value="Session Audit"/><definition value="Audit of mindfulness practice session"/></concept><concept><code value="data-access"/><display value="Data Access"/><definition value="Audit of mindfulness data access"/></concept><concept><code value="config-change"/><display value="Configuration Change"/><definition value="Audit of configuration changes"/></concept><concept><code value="export"/><display value="Data Export"/><definition value="Audit of data export operations"/></concept></CodeSystem>