<?xml version="1.0" encoding="UTF-8"?><CodeSystem xmlns="http://hl7.org/fhir"><id value="set-type-cs"/><text><status value="generated"/><div xmlns="http://www.w3.org/1999/xhtml"><p class="res-header-id"><b>Narrativa gerada: CodeSystem set-type-cs</b></p><a name="set-type-cs"> </a><a name="hcset-type-cs"> </a><p>Este  sistema de código  define o seguinte código:</p><table class="codes"><tr><td style="white-space:nowrap"><b>Código</b></td><td><b>Ecrã</b></td><td><b>Definição</b></td></tr><tr><td style="white-space:nowrap">warmup<a name="set-type-cs-warmup"> </a></td><td>Warm-up</td><td>Warm-up set at reduced intensity</td></tr><tr><td style="white-space:nowrap">working<a name="set-type-cs-working"> </a></td><td>Working Set</td><td>Standard working set at target intensity</td></tr><tr><td style="white-space:nowrap">top<a name="set-type-cs-top"> </a></td><td>Top Set</td><td>Heaviest set of the day</td></tr><tr><td style="white-space:nowrap">backoff<a name="set-type-cs-backoff"> </a></td><td>Back-off Set</td><td>Reduced load set after top set</td></tr><tr><td style="white-space:nowrap">drop<a name="set-type-cs-drop"> </a></td><td>Drop Set</td><td>Immediate continuation with reduced weight</td></tr><tr><td style="white-space:nowrap">rest-pause<a name="set-type-cs-rest-pause"> </a></td><td>Rest-Pause</td><td>Brief rest within set to extend reps</td></tr><tr><td style="white-space:nowrap">cluster<a name="set-type-cs-cluster"> </a></td><td>Cluster Set</td><td>Intra-set rest between mini-sets</td></tr><tr><td style="white-space:nowrap">amrap<a name="set-type-cs-amrap"> </a></td><td>AMRAP</td><td>As Many Reps As Possible</td></tr><tr><td style="white-space:nowrap">failure<a name="set-type-cs-failure"> </a></td><td>Failure Set</td><td>Set taken to muscular failure</td></tr></table></div></text><url value="https://2rdoc.pt/ig/ios-lifestyle-medicine/CodeSystem/set-type-cs"/><version value="0.1.0"/><name value="SetTypeCS"/><title value="Set Type CodeSystem"/><status value="active"/><experimental value="false"/><date value="2025-11-30T13:08:37+00:00"/><publisher value="Ricardo Lourenço dos Santos"/><contact><name value="Ricardo Lourenço dos Santos"/><telecom><system value="url"/><value value="https://linktr.ee/ricardolsantos"/></telecom></contact><description value="Strength training set types"/><jurisdiction><coding><system value="http://unstats.un.org/unsd/methods/m49/m49.htm"/><code value="150"/><display value="Europe"/></coding></jurisdiction><jurisdiction><coding><system value="http://unstats.un.org/unsd/methods/m49/m49.htm"/><code value="021"/><display value="Northern America a/"/></coding></jurisdiction><jurisdiction><coding><system value="http://unstats.un.org/unsd/methods/m49/m49.htm"/><code value="005"/><display value="South America"/></coding></jurisdiction><jurisdiction><coding><system value="urn:iso:std:iso:3166"/><code value="PT"/><display value="Portugal"/></coding></jurisdiction><jurisdiction><coding><system value="urn:iso:std:iso:3166"/><code value="US"/><display value="United States of America"/></coding></jurisdiction><jurisdiction><coding><system value="urn:iso:std:iso:3166"/><code value="BR"/><display value="Brazil"/></coding></jurisdiction><caseSensitive value="true"/><content value="complete"/><count value="9"/><concept><code value="warmup"/><display value="Warm-up"/><definition value="Warm-up set at reduced intensity"/></concept><concept><code value="working"/><display value="Working Set"/><definition value="Standard working set at target intensity"/></concept><concept><code value="top"/><display value="Top Set"/><definition value="Heaviest set of the day"/></concept><concept><code value="backoff"/><display value="Back-off Set"/><definition value="Reduced load set after top set"/></concept><concept><code value="drop"/><display value="Drop Set"/><definition value="Immediate continuation with reduced weight"/></concept><concept><code value="rest-pause"/><display value="Rest-Pause"/><definition value="Brief rest within set to extend reps"/></concept><concept><code value="cluster"/><display value="Cluster Set"/><definition value="Intra-set rest between mini-sets"/></concept><concept><code value="amrap"/><display value="AMRAP"/><definition value="As Many Reps As Possible"/></concept><concept><code value="failure"/><display value="Failure Set"/><definition value="Set taken to muscular failure"/></concept></CodeSystem>