<?xml version="1.0" encoding="UTF-8"?><CodeSystem xmlns="http://hl7.org/fhir"><id value="symptom-frequency-cs"/><text><status value="generated"/><div xmlns="http://www.w3.org/1999/xhtml"><p class="res-header-id"><b>Narrativa gerada: CodeSystem symptom-frequency-cs</b></p><a name="symptom-frequency-cs"> </a><a name="hcsymptom-frequency-cs"> </a><p>Este  sistema de código  define o seguinte código:</p><table class="codes"><tr><td style="white-space:nowrap"><b>Código</b></td><td><b>Ecrã</b></td><td><b>Definição</b></td></tr><tr><td style="white-space:nowrap">rare<a name="symptom-frequency-cs-rare"> </a></td><td>Rare</td><td>Less than once per month</td></tr><tr><td style="white-space:nowrap">occasional<a name="symptom-frequency-cs-occasional"> </a></td><td>Occasional</td><td>Several times per month</td></tr><tr><td style="white-space:nowrap">frequent<a name="symptom-frequency-cs-frequent"> </a></td><td>Frequent</td><td>Several times per week</td></tr><tr><td style="white-space:nowrap">daily<a name="symptom-frequency-cs-daily"> </a></td><td>Daily</td><td>Once or more per day</td></tr><tr><td style="white-space:nowrap">constant<a name="symptom-frequency-cs-constant"> </a></td><td>Constant</td><td>Present most of the time</td></tr></table></div></text><url value="https://2rdoc.pt/ig/ios-lifestyle-medicine/CodeSystem/symptom-frequency-cs"/><version value="0.1.0"/><name value="SymptomFrequencyCS"/><title value="Symptom Frequency Code System"/><status value="active"/><experimental value="false"/><date value="2025-11-30T13:08:37+00:00"/><publisher value="Ricardo Lourenço dos Santos"/><contact><name value="Ricardo Lourenço dos Santos"/><telecom><system value="url"/><value value="https://linktr.ee/ricardolsantos"/></telecom></contact><description value="Frequency patterns for symptoms"/><jurisdiction><coding><system value="http://unstats.un.org/unsd/methods/m49/m49.htm"/><code value="150"/><display value="Europe"/></coding></jurisdiction><jurisdiction><coding><system value="http://unstats.un.org/unsd/methods/m49/m49.htm"/><code value="021"/><display value="Northern America a/"/></coding></jurisdiction><jurisdiction><coding><system value="http://unstats.un.org/unsd/methods/m49/m49.htm"/><code value="005"/><display value="South America"/></coding></jurisdiction><jurisdiction><coding><system value="urn:iso:std:iso:3166"/><code value="PT"/><display value="Portugal"/></coding></jurisdiction><jurisdiction><coding><system value="urn:iso:std:iso:3166"/><code value="US"/><display value="United States of America"/></coding></jurisdiction><jurisdiction><coding><system value="urn:iso:std:iso:3166"/><code value="BR"/><display value="Brazil"/></coding></jurisdiction><caseSensitive value="true"/><content value="complete"/><count value="5"/><concept><code value="rare"/><display value="Rare"/><definition value="Less than once per month"/></concept><concept><code value="occasional"/><display value="Occasional"/><definition value="Several times per month"/></concept><concept><code value="frequent"/><display value="Frequent"/><definition value="Several times per week"/></concept><concept><code value="daily"/><display value="Daily"/><definition value="Once or more per day"/></concept><concept><code value="constant"/><display value="Constant"/><definition value="Present most of the time"/></concept></CodeSystem>