<?xml version="1.0" encoding="UTF-8"?><CodeSystem xmlns="http://hl7.org/fhir"><id value="cessation-support-method-cs"/><text><status value="generated"/><div xmlns="http://www.w3.org/1999/xhtml"><p class="res-header-id"><b>Narrativa gerada: CodeSystem cessation-support-method-cs</b></p><a name="cessation-support-method-cs"> </a><a name="hccessation-support-method-cs"> </a><p>Este  sistema de código  define o seguinte código:</p><table class="codes"><tr><td style="white-space:nowrap"><b>Código</b></td><td><b>Ecrã</b></td><td><b>Definição</b></td></tr><tr><td style="white-space:nowrap">nrt-patch<a name="cessation-support-method-cs-nrt-patch"> </a></td><td>NRT - Patch</td><td>Nicotine replacement therapy - transdermal patch</td></tr><tr><td style="white-space:nowrap">nrt-gum<a name="cessation-support-method-cs-nrt-gum"> </a></td><td>NRT - Gum</td><td>Nicotine replacement therapy - gum</td></tr><tr><td style="white-space:nowrap">nrt-lozenge<a name="cessation-support-method-cs-nrt-lozenge"> </a></td><td>NRT - Lozenge</td><td>Nicotine replacement therapy - lozenge</td></tr><tr><td style="white-space:nowrap">nrt-inhaler<a name="cessation-support-method-cs-nrt-inhaler"> </a></td><td>NRT - Inhaler</td><td>Nicotine replacement therapy - inhaler</td></tr><tr><td style="white-space:nowrap">varenicline<a name="cessation-support-method-cs-varenicline"> </a></td><td>Varenicline</td><td>Varenicline (Chantix/Champix)</td></tr><tr><td style="white-space:nowrap">bupropion<a name="cessation-support-method-cs-bupropion"> </a></td><td>Bupropion</td><td>Bupropion (Zyban/Wellbutrin)</td></tr><tr><td style="white-space:nowrap">counseling<a name="cessation-support-method-cs-counseling"> </a></td><td>Counseling</td><td>Individual or group counseling</td></tr><tr><td style="white-space:nowrap">quitline<a name="cessation-support-method-cs-quitline"> </a></td><td>Quitline</td><td>Telephone quitline support</td></tr><tr><td style="white-space:nowrap">app<a name="cessation-support-method-cs-app"> </a></td><td>Mobile app</td><td>Cessation support mobile application</td></tr><tr><td style="white-space:nowrap">support-group<a name="cessation-support-method-cs-support-group"> </a></td><td>Support group</td><td>In-person or online support group</td></tr><tr><td style="white-space:nowrap">acupuncture<a name="cessation-support-method-cs-acupuncture"> </a></td><td>Acupuncture</td><td>Acupuncture therapy</td></tr><tr><td style="white-space:nowrap">hypnotherapy<a name="cessation-support-method-cs-hypnotherapy"> </a></td><td>Hypnotherapy</td><td>Hypnotherapy for cessation</td></tr><tr><td style="white-space:nowrap">cold-turkey<a name="cessation-support-method-cs-cold-turkey"> </a></td><td>Cold turkey</td><td>Abrupt cessation without aids</td></tr><tr><td style="white-space:nowrap">gradual-reduction<a name="cessation-support-method-cs-gradual-reduction"> </a></td><td>Gradual reduction</td><td>Gradual reduction of use</td></tr></table></div></text><url value="https://2rdoc.pt/ig/ios-lifestyle-medicine/CodeSystem/cessation-support-method-cs"/><version value="0.1.0"/><name value="CessationSupportMethodCS"/><title value="Cessation Support Method CodeSystem"/><status value="active"/><experimental value="false"/><date value="2025-11-30T13:08:37+00:00"/><publisher value="Ricardo Lourenço dos Santos"/><contact><name value="Ricardo Lourenço dos Santos"/><telecom><system value="url"/><value value="https://linktr.ee/ricardolsantos"/></telecom></contact><description value="Methods used to support cessation of substance use"/><jurisdiction><coding><system value="http://unstats.un.org/unsd/methods/m49/m49.htm"/><code value="150"/><display value="Europe"/></coding></jurisdiction><jurisdiction><coding><system value="http://unstats.un.org/unsd/methods/m49/m49.htm"/><code value="021"/><display value="Northern America a/"/></coding></jurisdiction><jurisdiction><coding><system value="http://unstats.un.org/unsd/methods/m49/m49.htm"/><code value="005"/><display value="South America"/></coding></jurisdiction><jurisdiction><coding><system value="urn:iso:std:iso:3166"/><code value="PT"/><display value="Portugal"/></coding></jurisdiction><jurisdiction><coding><system value="urn:iso:std:iso:3166"/><code value="US"/><display value="United States of America"/></coding></jurisdiction><jurisdiction><coding><system value="urn:iso:std:iso:3166"/><code value="BR"/><display value="Brazil"/></coding></jurisdiction><caseSensitive value="true"/><content value="complete"/><count value="14"/><concept><code value="nrt-patch"/><display value="NRT - Patch"/><definition value="Nicotine replacement therapy - transdermal patch"/></concept><concept><code value="nrt-gum"/><display value="NRT - Gum"/><definition value="Nicotine replacement therapy - gum"/></concept><concept><code value="nrt-lozenge"/><display value="NRT - Lozenge"/><definition value="Nicotine replacement therapy - lozenge"/></concept><concept><code value="nrt-inhaler"/><display value="NRT - Inhaler"/><definition value="Nicotine replacement therapy - inhaler"/></concept><concept><code value="varenicline"/><display value="Varenicline"/><definition value="Varenicline (Chantix/Champix)"/></concept><concept><code value="bupropion"/><display value="Bupropion"/><definition value="Bupropion (Zyban/Wellbutrin)"/></concept><concept><code value="counseling"/><display value="Counseling"/><definition value="Individual or group counseling"/></concept><concept><code value="quitline"/><display value="Quitline"/><definition value="Telephone quitline support"/></concept><concept><code value="app"/><display value="Mobile app"/><definition value="Cessation support mobile application"/></concept><concept><code value="support-group"/><display value="Support group"/><definition value="In-person or online support group"/></concept><concept><code value="acupuncture"/><display value="Acupuncture"/><definition value="Acupuncture therapy"/></concept><concept><code value="hypnotherapy"/><display value="Hypnotherapy"/><definition value="Hypnotherapy for cessation"/></concept><concept><code value="cold-turkey"/><display value="Cold turkey"/><definition value="Abrupt cessation without aids"/></concept><concept><code value="gradual-reduction"/><display value="Gradual reduction"/><definition value="Gradual reduction of use"/></concept></CodeSystem>