<?xml version="1.0" encoding="UTF-8"?><CodeSystem xmlns="http://hl7.org/fhir"><id value="stress-coping-cs"/><text><status value="generated"/><div xmlns="http://www.w3.org/1999/xhtml"><p class="res-header-id"><b>Narrativa gerada: CodeSystem stress-coping-cs</b></p><a name="stress-coping-cs"> </a><a name="hcstress-coping-cs"> </a><p>Este  sistema de código  define o seguinte código:</p><table class="codes"><tr><td style="white-space:nowrap"><b>Código</b></td><td><b>Ecrã</b></td><td><b>Definição</b></td></tr><tr><td style="white-space:nowrap">exercise<a name="stress-coping-cs-exercise"> </a></td><td>Physical Exercise</td><td>Using exercise to manage stress</td></tr><tr><td style="white-space:nowrap">meditation<a name="stress-coping-cs-meditation"> </a></td><td>Meditation</td><td>Meditation and mindfulness practices</td></tr><tr><td style="white-space:nowrap">social<a name="stress-coping-cs-social"> </a></td><td>Social Support</td><td>Seeking social support</td></tr><tr><td style="white-space:nowrap">professional<a name="stress-coping-cs-professional"> </a></td><td>Professional Help</td><td>Seeking professional assistance</td></tr><tr><td style="white-space:nowrap">relaxation<a name="stress-coping-cs-relaxation"> </a></td><td>Relaxation</td><td>Relaxation techniques</td></tr><tr><td style="white-space:nowrap">creative<a name="stress-coping-cs-creative"> </a></td><td>Creative Activities</td><td>Engaging in creative activities</td></tr><tr><td style="white-space:nowrap">nature<a name="stress-coping-cs-nature"> </a></td><td>Nature</td><td>Spending time in nature</td></tr></table></div></text><url value="https://2rdoc.pt/ig/ios-lifestyle-medicine/CodeSystem/stress-coping-cs"/><version value="0.1.0"/><name value="StressCopingCS"/><title value="Stress Coping Code System"/><status value="active"/><experimental value="false"/><date value="2025-11-30T13:08:37+00:00"/><publisher value="Ricardo Lourenço dos Santos"/><contact><name value="Ricardo Lourenço dos Santos"/><telecom><system value="url"/><value value="https://linktr.ee/ricardolsantos"/></telecom></contact><description value="Code system for stress coping mechanisms"/><jurisdiction><coding><system value="http://unstats.un.org/unsd/methods/m49/m49.htm"/><code value="150"/><display value="Europe"/></coding></jurisdiction><jurisdiction><coding><system value="http://unstats.un.org/unsd/methods/m49/m49.htm"/><code value="021"/><display value="Northern America a/"/></coding></jurisdiction><jurisdiction><coding><system value="http://unstats.un.org/unsd/methods/m49/m49.htm"/><code value="005"/><display value="South America"/></coding></jurisdiction><jurisdiction><coding><system value="urn:iso:std:iso:3166"/><code value="PT"/><display value="Portugal"/></coding></jurisdiction><jurisdiction><coding><system value="urn:iso:std:iso:3166"/><code value="US"/><display value="United States of America"/></coding></jurisdiction><jurisdiction><coding><system value="urn:iso:std:iso:3166"/><code value="BR"/><display value="Brazil"/></coding></jurisdiction><caseSensitive value="true"/><content value="complete"/><count value="7"/><concept><code value="exercise"/><display value="Physical Exercise"/><definition value="Using exercise to manage stress"/></concept><concept><code value="meditation"/><display value="Meditation"/><definition value="Meditation and mindfulness practices"/></concept><concept><code value="social"/><display value="Social Support"/><definition value="Seeking social support"/></concept><concept><code value="professional"/><display value="Professional Help"/><definition value="Seeking professional assistance"/></concept><concept><code value="relaxation"/><display value="Relaxation"/><definition value="Relaxation techniques"/></concept><concept><code value="creative"/><display value="Creative Activities"/><definition value="Engaging in creative activities"/></concept><concept><code value="nature"/><display value="Nature"/><definition value="Spending time in nature"/></concept></CodeSystem>