<?xml version="1.0" encoding="UTF-8"?><CodeSystem xmlns="http://hl7.org/fhir"><id value="hscrp-risk-cs"/><text><status value="generated"/><div xmlns="http://www.w3.org/1999/xhtml"><p class="res-header-id"><b>Narrativa gerada: CodeSystem hscrp-risk-cs</b></p><a name="hscrp-risk-cs"> </a><a name="hchscrp-risk-cs"> </a><p>Este  sistema de código  define o seguinte código:</p><table class="codes"><tr><td style="white-space:nowrap"><b>Código</b></td><td><b>Ecrã</b></td><td><b>Definição</b></td></tr><tr><td style="white-space:nowrap">low-risk<a name="hscrp-risk-cs-low-risk"> </a></td><td>Low cardiovascular risk</td><td>hs-CRP &lt; 1.0 mg/L - Low risk of future cardiovascular events</td></tr><tr><td style="white-space:nowrap">average-risk<a name="hscrp-risk-cs-average-risk"> </a></td><td>Average cardiovascular risk</td><td>hs-CRP 1.0-3.0 mg/L - Intermediate risk requiring lifestyle assessment</td></tr><tr><td style="white-space:nowrap">high-risk<a name="hscrp-risk-cs-high-risk"> </a></td><td>High cardiovascular risk</td><td>hs-CRP &gt; 3.0 mg/L - High risk warranting intensive intervention</td></tr></table></div></text><url value="https://2rdoc.pt/ig/ios-lifestyle-medicine/CodeSystem/hscrp-risk-cs"/><version value="0.1.0"/><name value="HsCRPRiskCS"/><title value="hs-CRP Cardiovascular Risk CodeSystem"/><status value="active"/><experimental value="false"/><date value="2025-11-27T17:03:01+00:00"/><publisher value="Ricardo Lourenço dos Santos"/><contact><name value="Ricardo Lourenço dos Santos"/><telecom><system value="url"/><value value="https://linktr.ee/ricardolsantos"/></telecom></contact><description value="Cardiovascular risk classification based on high-sensitivity C-Reactive Protein levels.&#xA;&#xA;Based on AHA/CDC Scientific Statement on Markers of Inflammation and Cardiovascular Disease:&#xA;- Pearson TA, et al. Circulation. 2003;107(3):499-511. doi:10.1161/01.CIR.0000052939.59093.45&#xA;- Ridker PM, et al. Circulation. 2003;107(3):363-369. doi:10.1161/01.CIR.0000053730.47739.3C&#xA;&#xA;Risk stratification thresholds:&#xA;- Low risk: hs-CRP &lt; 1.0 mg/L&#xA;- Average risk: hs-CRP 1.0-3.0 mg/L&#xA;- High risk: hs-CRP &gt; 3.0 mg/L&#xA;&#xA;Note: No SNOMED-CT codes exist for this specific clinical classification as of 2025.&#xA;This CodeSystem follows thesis semantic hierarchy Level 3: local codes with documented source&#xA;and migration pathway when standard terminology becomes available.&#xA;&#xA;Future migration: Monitor SNOMED-CT International Edition for cardiovascular risk finding codes."/><jurisdiction><coding><system value="http://unstats.un.org/unsd/methods/m49/m49.htm"/><code value="150"/><display value="Europe"/></coding></jurisdiction><jurisdiction><coding><system value="http://unstats.un.org/unsd/methods/m49/m49.htm"/><code value="021"/><display value="Northern America a/"/></coding></jurisdiction><jurisdiction><coding><system value="http://unstats.un.org/unsd/methods/m49/m49.htm"/><code value="005"/><display value="South America"/></coding></jurisdiction><jurisdiction><coding><system value="urn:iso:std:iso:3166"/><code value="PT"/><display value="Portugal"/></coding></jurisdiction><jurisdiction><coding><system value="urn:iso:std:iso:3166"/><code value="US"/><display value="United States of America"/></coding></jurisdiction><jurisdiction><coding><system value="urn:iso:std:iso:3166"/><code value="BR"/><display value="Brazil"/></coding></jurisdiction><purpose value="Enable structured capture of cardiovascular risk stratification based on hs-CRP levels per AHA/CDC guidelines"/><caseSensitive value="true"/><content value="complete"/><count value="3"/><concept><code value="low-risk"/><display value="Low cardiovascular risk"/><definition value="hs-CRP &lt; 1.0 mg/L - Low risk of future cardiovascular events"/></concept><concept><code value="average-risk"/><display value="Average cardiovascular risk"/><definition value="hs-CRP 1.0-3.0 mg/L - Intermediate risk requiring lifestyle assessment"/></concept><concept><code value="high-risk"/><display value="High cardiovascular risk"/><definition value="hs-CRP &gt; 3.0 mg/L - High risk warranting intensive intervention"/></concept></CodeSystem>