<?xml version="1.0" encoding="UTF-8"?><CodeSystem xmlns="http://hl7.org/fhir"><id value="crf-category-cs"/><text><status value="generated"/><div xmlns="http://www.w3.org/1999/xhtml"><p class="res-header-id"><b>Narrativa gerada: CodeSystem crf-category-cs</b></p><a name="crf-category-cs"> </a><a name="hccrf-category-cs"> </a><p>Este  sistema de código  define o seguinte código:</p><table class="codes"><tr><td style="white-space:nowrap"><b>Código</b></td><td><b>Ecrã</b></td><td><b>Definição</b></td></tr><tr><td style="white-space:nowrap">very-poor<a name="crf-category-cs-very-poor"> </a></td><td>Very Poor</td><td>Very poor CRF for age/sex</td></tr><tr><td style="white-space:nowrap">poor<a name="crf-category-cs-poor"> </a></td><td>Poor</td><td>Poor CRF for age/sex</td></tr><tr><td style="white-space:nowrap">below-average<a name="crf-category-cs-below-average"> </a></td><td>Below Average</td><td>Below average CRF</td></tr><tr><td style="white-space:nowrap">average<a name="crf-category-cs-average"> </a></td><td>Average</td><td>Average CRF</td></tr><tr><td style="white-space:nowrap">above-average<a name="crf-category-cs-above-average"> </a></td><td>Above Average</td><td>Above average CRF</td></tr><tr><td style="white-space:nowrap">good<a name="crf-category-cs-good"> </a></td><td>Good</td><td>Good CRF</td></tr><tr><td style="white-space:nowrap">excellent<a name="crf-category-cs-excellent"> </a></td><td>Excellent</td><td>Excellent CRF</td></tr><tr><td style="white-space:nowrap">superior<a name="crf-category-cs-superior"> </a></td><td>Superior</td><td>Superior CRF</td></tr></table></div></text><url value="https://2rdoc.pt/ig/ios-lifestyle-medicine/CodeSystem/crf-category-cs"/><version value="0.1.0"/><name value="CRFCategoryCS"/><title value="CRF Category CodeSystem"/><status value="active"/><date value="2025-11-28T14:35:57+00:00"/><publisher value="Ricardo Lourenço dos Santos"/><contact><name value="Ricardo Lourenço dos Santos"/><telecom><system value="url"/><value value="https://linktr.ee/ricardolsantos"/></telecom></contact><jurisdiction><coding><system value="http://unstats.un.org/unsd/methods/m49/m49.htm"/><code value="150"/><display value="Europe"/></coding></jurisdiction><jurisdiction><coding><system value="http://unstats.un.org/unsd/methods/m49/m49.htm"/><code value="021"/><display value="Northern America a/"/></coding></jurisdiction><jurisdiction><coding><system value="http://unstats.un.org/unsd/methods/m49/m49.htm"/><code value="005"/><display value="South America"/></coding></jurisdiction><jurisdiction><coding><system value="urn:iso:std:iso:3166"/><code value="PT"/><display value="Portugal"/></coding></jurisdiction><jurisdiction><coding><system value="urn:iso:std:iso:3166"/><code value="US"/><display value="United States of America"/></coding></jurisdiction><jurisdiction><coding><system value="urn:iso:std:iso:3166"/><code value="BR"/><display value="Brazil"/></coding></jurisdiction><caseSensitive value="true"/><content value="complete"/><count value="8"/><concept><code value="very-poor"/><display value="Very Poor"/><definition value="Very poor CRF for age/sex"/></concept><concept><code value="poor"/><display value="Poor"/><definition value="Poor CRF for age/sex"/></concept><concept><code value="below-average"/><display value="Below Average"/><definition value="Below average CRF"/></concept><concept><code value="average"/><display value="Average"/><definition value="Average CRF"/></concept><concept><code value="above-average"/><display value="Above Average"/><definition value="Above average CRF"/></concept><concept><code value="good"/><display value="Good"/><definition value="Good CRF"/></concept><concept><code value="excellent"/><display value="Excellent"/><definition value="Excellent CRF"/></concept><concept><code value="superior"/><display value="Superior"/><definition value="Superior CRF"/></concept></CodeSystem>