<?xml version="1.0" encoding="UTF-8"?><CodeSystem xmlns="http://hl7.org/fhir"><id value="cervical-mucus-cs"/><text><status value="generated"/><div xmlns="http://www.w3.org/1999/xhtml"><p class="res-header-id"><b>Narrativa gerada: CodeSystem cervical-mucus-cs</b></p><a name="cervical-mucus-cs"> </a><a name="hccervical-mucus-cs"> </a><p>Este  sistema de código  define o seguinte código:</p><table class="codes"><tr><td style="white-space:nowrap"><b>Código</b></td><td><b>Ecrã</b></td></tr><tr><td style="white-space:nowrap">dry<a name="cervical-mucus-cs-dry"> </a></td><td>Dry</td></tr><tr><td style="white-space:nowrap">sticky<a name="cervical-mucus-cs-sticky"> </a></td><td>Sticky</td></tr><tr><td style="white-space:nowrap">creamy<a name="cervical-mucus-cs-creamy"> </a></td><td>Creamy</td></tr><tr><td style="white-space:nowrap">watery<a name="cervical-mucus-cs-watery"> </a></td><td>Watery</td></tr><tr><td style="white-space:nowrap">eggWhite<a name="cervical-mucus-cs-eggWhite"> </a></td><td>Egg White</td></tr></table></div></text><url value="https://2rdoc.pt/ig/ios-lifestyle-medicine/CodeSystem/cervical-mucus-cs"/><version value="0.1.0"/><name value="CervicalMucusCodeSystem"/><title value="Cervical Mucus Code System"/><status value="active"/><experimental value="false"/><date value="2025-11-27T11:57:11+00:00"/><publisher value="Ricardo Lourenço dos Santos"/><contact><name value="Ricardo Lourenço dos Santos"/><telecom><system value="url"/><value value="https://linktr.ee/ricardolsantos"/></telecom></contact><description value="Code system for cervical mucus classification"/><useContext><code><system value="http://terminology.hl7.org/CodeSystem/usage-context-type"/><code value="program"/></code><valueCodeableConcept><text value="iOS Lifestyle Medicine"/></valueCodeableConcept></useContext><jurisdiction><coding><system value="http://unstats.un.org/unsd/methods/m49/m49.htm"/><code value="150"/><display value="Europe"/></coding></jurisdiction><jurisdiction><coding><system value="http://unstats.un.org/unsd/methods/m49/m49.htm"/><code value="021"/><display value="Northern America a/"/></coding></jurisdiction><jurisdiction><coding><system value="http://unstats.un.org/unsd/methods/m49/m49.htm"/><code value="005"/><display value="South America"/></coding></jurisdiction><jurisdiction><coding><system value="urn:iso:std:iso:3166"/><code value="PT"/><display value="Portugal"/></coding></jurisdiction><jurisdiction><coding><system value="urn:iso:std:iso:3166"/><code value="US"/><display value="United States of America"/></coding></jurisdiction><jurisdiction><coding><system value="urn:iso:std:iso:3166"/><code value="BR"/><display value="Brazil"/></coding></jurisdiction><caseSensitive value="true"/><content value="complete"/><count value="5"/><concept><code value="dry"/><display value="Dry"/></concept><concept><code value="sticky"/><display value="Sticky"/></concept><concept><code value="creamy"/><display value="Creamy"/></concept><concept><code value="watery"/><display value="Watery"/></concept><concept><code value="eggWhite"/><display value="Egg White"/></concept></CodeSystem>