<?xml version="1.0" encoding="UTF-8"?><CodeSystem xmlns="http://hl7.org/fhir"><id value="exercise-category-cs"/><text><status value="generated"/><div xmlns="http://www.w3.org/1999/xhtml"><p class="res-header-id"><b>Narrativa gerada: CodeSystem exercise-category-cs</b></p><a name="exercise-category-cs"> </a><a name="hcexercise-category-cs"> </a><p>Este  sistema de código  define o seguinte código:</p><table class="codes"><tr><td style="white-space:nowrap"><b>Código</b></td><td><b>Ecrã</b></td><td><b>Definição</b></td></tr><tr><td style="white-space:nowrap">compound-lower<a name="exercise-category-cs-compound-lower"> </a></td><td>Compound - Lower Body</td><td>Multi-joint lower body (squat, deadlift)</td></tr><tr><td style="white-space:nowrap">compound-push<a name="exercise-category-cs-compound-push"> </a></td><td>Compound - Upper Body Push</td><td>Multi-joint pushing (bench, OHP)</td></tr><tr><td style="white-space:nowrap">compound-pull<a name="exercise-category-cs-compound-pull"> </a></td><td>Compound - Upper Body Pull</td><td>Multi-joint pulling (row, pull-up)</td></tr><tr><td style="white-space:nowrap">compound-full<a name="exercise-category-cs-compound-full"> </a></td><td>Compound - Full Body</td><td>Full body movement (clean, snatch)</td></tr><tr><td style="white-space:nowrap">isolation-lower<a name="exercise-category-cs-isolation-lower"> </a></td><td>Isolation - Lower Body</td><td>Single-joint lower body</td></tr><tr><td style="white-space:nowrap">isolation-upper<a name="exercise-category-cs-isolation-upper"> </a></td><td>Isolation - Upper Body</td><td>Single-joint upper body</td></tr><tr><td style="white-space:nowrap">core<a name="exercise-category-cs-core"> </a></td><td>Core/Abdominal</td><td>Core-focused exercise</td></tr><tr><td style="white-space:nowrap">olympic<a name="exercise-category-cs-olympic"> </a></td><td>Olympic Lift</td><td>Olympic weightlifting movement</td></tr><tr><td style="white-space:nowrap">plyometric<a name="exercise-category-cs-plyometric"> </a></td><td>Plyometric</td><td>Explosive jumping/bounding</td></tr></table></div></text><url value="https://2rdoc.pt/ig/ios-lifestyle-medicine/CodeSystem/exercise-category-cs"/><version value="0.1.0"/><name value="ExerciseCategoryCS"/><title value="Exercise Category CodeSystem"/><status value="active"/><date value="2025-11-28T14:35:57+00:00"/><publisher value="Ricardo Lourenço dos Santos"/><contact><name value="Ricardo Lourenço dos Santos"/><telecom><system value="url"/><value value="https://linktr.ee/ricardolsantos"/></telecom></contact><description value="Strength exercise categories"/><jurisdiction><coding><system value="http://unstats.un.org/unsd/methods/m49/m49.htm"/><code value="150"/><display value="Europe"/></coding></jurisdiction><jurisdiction><coding><system value="http://unstats.un.org/unsd/methods/m49/m49.htm"/><code value="021"/><display value="Northern America a/"/></coding></jurisdiction><jurisdiction><coding><system value="http://unstats.un.org/unsd/methods/m49/m49.htm"/><code value="005"/><display value="South America"/></coding></jurisdiction><jurisdiction><coding><system value="urn:iso:std:iso:3166"/><code value="PT"/><display value="Portugal"/></coding></jurisdiction><jurisdiction><coding><system value="urn:iso:std:iso:3166"/><code value="US"/><display value="United States of America"/></coding></jurisdiction><jurisdiction><coding><system value="urn:iso:std:iso:3166"/><code value="BR"/><display value="Brazil"/></coding></jurisdiction><caseSensitive value="true"/><content value="complete"/><count value="9"/><concept><code value="compound-lower"/><display value="Compound - Lower Body"/><definition value="Multi-joint lower body (squat, deadlift)"/></concept><concept><code value="compound-push"/><display value="Compound - Upper Body Push"/><definition value="Multi-joint pushing (bench, OHP)"/></concept><concept><code value="compound-pull"/><display value="Compound - Upper Body Pull"/><definition value="Multi-joint pulling (row, pull-up)"/></concept><concept><code value="compound-full"/><display value="Compound - Full Body"/><definition value="Full body movement (clean, snatch)"/></concept><concept><code value="isolation-lower"/><display value="Isolation - Lower Body"/><definition value="Single-joint lower body"/></concept><concept><code value="isolation-upper"/><display value="Isolation - Upper Body"/><definition value="Single-joint upper body"/></concept><concept><code value="core"/><display value="Core/Abdominal"/><definition value="Core-focused exercise"/></concept><concept><code value="olympic"/><display value="Olympic Lift"/><definition value="Olympic weightlifting movement"/></concept><concept><code value="plyometric"/><display value="Plyometric"/><definition value="Explosive jumping/bounding"/></concept></CodeSystem>