<?xml version="1.0" encoding="UTF-8"?><CodeSystem xmlns="http://hl7.org/fhir"><id value="symptom-severity-cs"/><text><status value="generated"/><div xmlns="http://www.w3.org/1999/xhtml"><p class="res-header-id"><b>Narrativa gerada: CodeSystem symptom-severity-cs</b></p><a name="symptom-severity-cs"> </a><a name="hcsymptom-severity-cs"> </a><p>Este  sistema de código  define o seguinte código:</p><table class="codes"><tr><td style="white-space:nowrap"><b>Código</b></td><td><b>Ecrã</b></td><td><b>Definição</b></td></tr><tr><td style="white-space:nowrap">1-3<a name="symptom-severity-cs-1-3"> </a></td><td>Light</td><td>Symptom barely noticeable</td></tr><tr><td style="white-space:nowrap">4-6<a name="symptom-severity-cs-4-6"> </a></td><td>Mild</td><td>Symptom noticeable but not interfering with daily activities</td></tr><tr><td style="white-space:nowrap">7-8<a name="symptom-severity-cs-7-8"> </a></td><td>Intense</td><td>Symptom interfering with daily activities</td></tr><tr><td style="white-space:nowrap">9-10<a name="symptom-severity-cs-9-10"> </a></td><td>Severe</td><td>Symptom preventing daily activities</td></tr></table></div></text><url value="https://2rdoc.pt/ig/ios-lifestyle-medicine/CodeSystem/symptom-severity-cs"/><version value="0.1.0"/><name value="SymptomSeverityCS"/><title value="Symptom Severity Code System"/><status value="active"/><experimental value="false"/><date value="2025-10-02T18:31:12+01:00"/><publisher value="Ricardo Lourenço dos Santos"/><contact><name value="Ricardo Lourenço dos Santos"/><telecom><system value="url"/><value value="https://linktr.ee/ricardolsantos"/></telecom></contact><description value="Severity levels for symptoms"/><jurisdiction><coding><system value="http://unstats.un.org/unsd/methods/m49/m49.htm"/><code value="150"/><display value="Europe"/></coding></jurisdiction><jurisdiction><coding><system value="http://unstats.un.org/unsd/methods/m49/m49.htm"/><code value="021"/><display value="Northern America a/"/></coding></jurisdiction><jurisdiction><coding><system value="http://unstats.un.org/unsd/methods/m49/m49.htm"/><code value="005"/><display value="South America"/></coding></jurisdiction><jurisdiction><coding><system value="urn:iso:std:iso:3166"/><code value="PT"/><display value="Portugal"/></coding></jurisdiction><jurisdiction><coding><system value="urn:iso:std:iso:3166"/><code value="US"/><display value="United States of America"/></coding></jurisdiction><jurisdiction><coding><system value="urn:iso:std:iso:3166"/><code value="BR"/><display value="Brazil"/></coding></jurisdiction><caseSensitive value="true"/><content value="complete"/><count value="4"/><concept><code value="1-3"/><display value="Light"/><definition value="Symptom barely noticeable"/></concept><concept><code value="4-6"/><display value="Mild"/><definition value="Symptom noticeable but not interfering with daily activities"/></concept><concept><code value="7-8"/><display value="Intense"/><definition value="Symptom interfering with daily activities"/></concept><concept><code value="9-10"/><display value="Severe"/><definition value="Symptom preventing daily activities"/></concept></CodeSystem>