<?xml version="1.0" encoding="UTF-8"?><ConceptMap xmlns="http://hl7.org/fhir"><id value="ConceptMapHRVToLOINC"/><text><status value="generated"/><div xmlns="http://www.w3.org/1999/xhtml"><p class="res-header-id"><b>Narrativa gerada: ConceptMap ConceptMapHRVToLOINC</b></p><a name="ConceptMapHRVToLOINC"> </a><a name="hcConceptMapHRVToLOINC"> </a><p>Mapeamento de <a href="ValueSet-heart-rate-variability-vs.html">Heart Rate Variability ValueSet</a> para <a href="ValueSet-loinc-observations-vs.html">LOINC Observation Codes for Lifestyle Medicine</a></p><br/><p><b>Grupo 1 </b>Mapeamento de <a href="CodeSystem-heart-rate-variability-cs.html">Heart Rate Variability CodeSystem</a> to <a href="http://terminology.hl7.org/6.5.0/CodeSystem-v3-loinc.html">Logical Observation Identifiers, Names and Codes (LOINC)</a></p><table class="grid"><tr><td><b>Código fonte</b></td><td><b>Relacionamento</b></td><td><b>Código de destino</b></td><td><b>Comentário</b></td></tr><tr><td>hrv-sdnn (HRV SDNN (Standard Deviation of NN intervals))</td><td><a href="http://hl7.org/fhir/R5/codesystem-concept-map-relationship.html#equivalent" title="equivalent">is equivalent to</a></td><td>80404-7 (R-R interval.standard deviation (Heart rate variability))</td><td>Confirmed LOINC code for SDNN, created in LOINC v2.72 (June 2022). Time-domain HRV measure representing total variability.</td></tr><tr><td>hrv-rmssd (HRV RMSSD (Root Mean Square of Successive Differences))</td><td colspan="2" style="background-color: #efefef">(not mapped)</td><td style="background-color: #efefef">No LOINC code available as of November 2024. RMSSD is the primary parasympathetic marker recommended by HRV Task Force 1996. Submission recommended to LOINC committee. NOTE: Apple HealthKit mislabels this as 'SDNN' (HKQuantityTypeIdentifierHeartRateVariabilitySDNN) - implementers should be aware of this vendor-specific naming error.</td></tr><tr><td>hrv-pnn50 (HRV pNN50 (Percentage of NN intervals &gt;50ms difference))</td><td colspan="2" style="background-color: #efefef">(not mapped)</td><td style="background-color: #efefef">No LOINC code available as of November 2024. High correlation with RMSSD (r&gt;0.90), parasympathetic marker. Percentage of successive NN intervals differing by more than 50ms.</td></tr><tr><td>hrv-lf-hf-ratio (HRV LF/HF Ratio (Low Frequency to High Frequency ratio))</td><td colspan="2" style="background-color: #efefef">(not mapped)</td><td style="background-color: #efefef">No LOINC code available as of November 2024. Autonomic balance indicator, though clinical interpretation is debated. Ratio of LF power (0.04-0.15 Hz) to HF power (0.15-0.4 Hz).</td></tr><tr><td>hrv-lf-power (HRV LF Power (Low Frequency power 0.04-0.15 Hz))</td><td colspan="2" style="background-color: #efefef">(not mapped)</td><td style="background-color: #efefef">No LOINC code available as of November 2024. Low frequency spectral power (0.04-0.15 Hz). Reflects both sympathetic and parasympathetic modulation, with some baroreflex contribution.</td></tr><tr><td>hrv-hf-power (HRV HF Power (High Frequency power 0.15-0.4 Hz))</td><td colspan="2" style="background-color: #efefef">(not mapped)</td><td style="background-color: #efefef">No LOINC code available as of November 2024. High frequency spectral power (0.15-0.4 Hz). Reflects parasympathetic (vagal) modulation, synchronized with respiratory rhythm.</td></tr></table></div></text><url value="https://2rdoc.pt/ig/ios-lifestyle-medicine/ConceptMap/ConceptMapHRVToLOINC"/><version value="0.1.0"/><name value="ConceptMapHRVToLOINC"/><title value="Heart Rate Variability to LOINC Mapping"/><status value="active"/><experimental value="false"/><date value="2024-11-21"/><publisher value="Ricardo Lourenço dos Santos"/><contact><name value="Ricardo Lourenço dos Santos"/><telecom><system value="url"/><value value="https://linktr.ee/ricardolsantos"/></telecom></contact><description value="Operational ConceptMap for HRV terminology translation. Enables runtime $translate operations for semantic interoperability between custom HRV codes and LOINC standard terminology."/><jurisdiction><coding><system value="http://unstats.un.org/unsd/methods/m49/m49.htm"/><code value="150"/><display value="Europe"/></coding></jurisdiction><jurisdiction><coding><system value="http://unstats.un.org/unsd/methods/m49/m49.htm"/><code value="021"/><display value="Northern America a/"/></coding></jurisdiction><jurisdiction><coding><system value="http://unstats.un.org/unsd/methods/m49/m49.htm"/><code value="005"/><display value="South America"/></coding></jurisdiction><jurisdiction><coding><system value="urn:iso:std:iso:3166"/><code value="PT"/><display value="Portugal"/></coding></jurisdiction><jurisdiction><coding><system value="urn:iso:std:iso:3166"/><code value="US"/><display value="United States of America"/></coding></jurisdiction><jurisdiction><coding><system value="urn:iso:std:iso:3166"/><code value="BR"/><display value="Brazil"/></coding></jurisdiction><purpose value="Provides semantic mappings from custom HRV metrics to standard LOINC codes where available, with migration path for future LOINC assignments. Critical for wearable device data integration into EHR systems."/><sourceCanonical value="https://2rdoc.pt/ig/ios-lifestyle-medicine/ValueSet/heart-rate-variability-vs"/><targetCanonical value="https://2rdoc.pt/ig/ios-lifestyle-medicine/ValueSet/loinc-observations-vs"/><group><source value="https://2rdoc.pt/ig/ios-lifestyle-medicine/CodeSystem/heart-rate-variability-cs"/><target value="http://loinc.org"/><element><code value="hrv-sdnn"/><display value="HRV SDNN (Standard Deviation of NN intervals)"/><target><code value="80404-7"/><display value="R-R interval.standard deviation (Heart rate variability)"/><equivalence value="equivalent"/><comment value="Confirmed LOINC code for SDNN, created in LOINC v2.72 (June 2022). Time-domain HRV measure representing total variability."/></target></element><element><code value="hrv-rmssd"/><display value="HRV RMSSD (Root Mean Square of Successive Differences)"/><target><equivalence value="unmatched"/><comment value="No LOINC code available as of November 2024. RMSSD is the primary parasympathetic marker recommended by HRV Task Force 1996. Submission recommended to LOINC committee. NOTE: Apple HealthKit mislabels this as 'SDNN' (HKQuantityTypeIdentifierHeartRateVariabilitySDNN) - implementers should be aware of this vendor-specific naming error."/></target></element><element><code value="hrv-pnn50"/><display value="HRV pNN50 (Percentage of NN intervals &gt;50ms difference)"/><target><equivalence value="unmatched"/><comment value="No LOINC code available as of November 2024. High correlation with RMSSD (r&gt;0.90), parasympathetic marker. Percentage of successive NN intervals differing by more than 50ms."/></target></element><element><code value="hrv-lf-hf-ratio"/><display value="HRV LF/HF Ratio (Low Frequency to High Frequency ratio)"/><target><equivalence value="unmatched"/><comment value="No LOINC code available as of November 2024. Autonomic balance indicator, though clinical interpretation is debated. Ratio of LF power (0.04-0.15 Hz) to HF power (0.15-0.4 Hz)."/></target></element><element><code value="hrv-lf-power"/><display value="HRV LF Power (Low Frequency power 0.04-0.15 Hz)"/><target><equivalence value="unmatched"/><comment value="No LOINC code available as of November 2024. Low frequency spectral power (0.04-0.15 Hz). Reflects both sympathetic and parasympathetic modulation, with some baroreflex contribution."/></target></element><element><code value="hrv-hf-power"/><display value="HRV HF Power (High Frequency power 0.15-0.4 Hz)"/><target><equivalence value="unmatched"/><comment value="No LOINC code available as of November 2024. High frequency spectral power (0.15-0.4 Hz). Reflects parasympathetic (vagal) modulation, synchronized with respiratory rhythm."/></target></element></group></ConceptMap>