<?xml version="1.0" encoding="UTF-8"?><ConceptMap xmlns="http://hl7.org/fhir"><id value="ConceptMapBodyMetricsToLOINC"/><text><status value="generated"/><div xmlns="http://www.w3.org/1999/xhtml"><p class="res-header-id"><b>Narrativa gerada: ConceptMap ConceptMapBodyMetricsToLOINC</b></p><a name="ConceptMapBodyMetricsToLOINC"> </a><a name="hcConceptMapBodyMetricsToLOINC"> </a><p>Mapeamento de (não especificado) para (não especificado)</p><br/><p><b>Grupo 1 </b>Mapeamento de <a href="CodeSystem-lifestyle-observation-cs.html">Lifestyle Medicine Observation Codes</a> to <a href="http://terminology.hl7.org/6.5.0/CodeSystem-v3-loinc.html">Logical Observation Identifiers, Names and Codes (LOINC)</a></p><table class="grid"><tr><td><b>Código fonte</b></td><td><b>Relacionamento</b></td><td><b>Código de destino</b></td><td><b>Comentário</b></td></tr><tr><td>body-composition-panel (Body composition measurement panel)</td><td><a href="http://hl7.org/fhir/R5/codesystem-concept-map-relationship.html#relatedto" title="relatedto">is related to</a></td><td>77233-5 (Percentage of body fat by Bioelectrical impedance analysis)</td><td>LOINC has no dedicated BIA panel code. Map to individual BIA measurement codes: 77233-5 (body fat %), 73965-6 (muscle mass %), 73708-0 (fat mass). This maps to the primary BIA metric.</td></tr></table></div></text><url value="https://2rdoc.pt/ig/ios-lifestyle-medicine/ConceptMap/ConceptMapBodyMetricsToLOINC"/><version value="0.1.0"/><name value="ConceptMapBodyMetricsToLOINC"/><title value="Body Metrics to LOINC Mapping"/><status value="active"/><experimental value="false"/><date value="2025-11-22"/><publisher value="Ricardo Lourenço dos Santos"/><contact><name value="Ricardo Lourenço dos Santos"/><telecom><system value="url"/><value value="https://linktr.ee/ricardolsantos"/></telecom></contact><description value="Operational ConceptMap for body composition measurement terminology translation. Enables runtime $translate operations for semantic interoperability between consumer bioimpedance scales and LOINC standard terminology."/><jurisdiction><coding><system value="http://unstats.un.org/unsd/methods/m49/m49.htm"/><code value="150"/><display value="Europe"/></coding></jurisdiction><jurisdiction><coding><system value="http://unstats.un.org/unsd/methods/m49/m49.htm"/><code value="021"/><display value="Northern America a/"/></coding></jurisdiction><jurisdiction><coding><system value="http://unstats.un.org/unsd/methods/m49/m49.htm"/><code value="005"/><display value="South America"/></coding></jurisdiction><jurisdiction><coding><system value="urn:iso:std:iso:3166"/><code value="PT"/><display value="Portugal"/></coding></jurisdiction><jurisdiction><coding><system value="urn:iso:std:iso:3166"/><code value="US"/><display value="United States of America"/></coding></jurisdiction><jurisdiction><coding><system value="urn:iso:std:iso:3166"/><code value="BR"/><display value="Brazil"/></coding></jurisdiction><purpose value="Provides semantic mappings from custom body composition codes to standard LOINC codes. Consumer body composition scales measure metrics like body fat percentage, lean mass, BMI via bioimpedance analysis (BIA)."/><group><source value="https://2rdoc.pt/ig/ios-lifestyle-medicine/CodeSystem/lifestyle-observation-cs"/><target value="http://loinc.org"/><element><code value="body-composition-panel"/><display value="Body composition measurement panel"/><target><code value="77233-5"/><display value="Percentage of body fat by Bioelectrical impedance analysis"/><equivalence value="relatedto"/><comment value="LOINC has no dedicated BIA panel code. Map to individual BIA measurement codes: 77233-5 (body fat %), 73965-6 (muscle mass %), 73708-0 (fat mass). This maps to the primary BIA metric."/></target></element></group></ConceptMap>