<?xml version="1.0" encoding="UTF-8"?><Measure xmlns="http://hl7.org/fhir"><id value="MindfulnessProgressReport"/><url value="https://2rdoc.pt/ig/ios-lifestyle-medicine/Measure/MindfulnessProgressReport"/><version value="0.1.0"/><title value="Mindfulness Practice Progress Report"/><status value="active"/><experimental value="false"/><date value="2024-03-19"/><publisher value="Ricardo Lourenço dos Santos"/><contact><name value="Ricardo Lourenço dos Santos"/><telecom><system value="url"/><value value="https://linktr.ee/ricardolsantos"/></telecom></contact><description value="Measures progress in mindfulness practice over time"/><jurisdiction><coding><system value="http://unstats.un.org/unsd/methods/m49/m49.htm"/><code value="150"/><display value="Europe"/></coding></jurisdiction><jurisdiction><coding><system value="http://unstats.un.org/unsd/methods/m49/m49.htm"/><code value="021"/><display value="Northern America a/"/></coding></jurisdiction><jurisdiction><coding><system value="http://unstats.un.org/unsd/methods/m49/m49.htm"/><code value="005"/><display value="South America"/></coding></jurisdiction><jurisdiction><coding><system value="urn:iso:std:iso:3166"/><code value="PT"/><display value="Portugal"/></coding></jurisdiction><jurisdiction><coding><system value="urn:iso:std:iso:3166"/><code value="US"/><display value="United States of America"/></coding></jurisdiction><jurisdiction><coding><system value="urn:iso:std:iso:3166"/><code value="BR"/><display value="Brazil"/></coding></jurisdiction><scoring><coding><system value="http://terminology.hl7.org/CodeSystem/measure-scoring"/><code value="continuous-variable"/></coding></scoring><type><coding><system value="http://terminology.hl7.org/CodeSystem/measure-type"/><code value="process"/></coding></type><riskAdjustment value="none"/><rateAggregation value="Average values over time period"/><group><code><text value="practice-frequency"/></code><description value="Frequency of mindfulness practice"/><population><code><coding><system value="http://terminology.hl7.org/CodeSystem/measure-population"/><code value="denominator"/></coding></code><criteria><language value="text/fhirpath"/><expression value="Observation.where(code.coding.code='711415009')"/></criteria></population><stratifier><code><text value="weekly"/></code><criteria><language value="text/fhirpath"/><expression value="Observation.effective.as(DateTime).truncate(@T).truncate(@W)"/></criteria></stratifier></group><group><code><text value="stress-reduction"/></code><description value="Stress level changes over time"/><population><code><coding><system value="http://terminology.hl7.org/CodeSystem/measure-population"/><code value="denominator"/></coding></code><criteria><language value="text/fhirpath"/><expression value="Observation.where(component.code.coding.code='725854004')"/></criteria></population><stratifier><code><text value="trend"/></code><criteria><language value="text/fhirpath"/><expression value="component.where(code.coding.code='725854004').value.value"/></criteria></stratifier></group></Measure>