<?xml version="1.0" encoding="UTF-8"?><Measure xmlns="http://hl7.org/fhir"><id value="MindfulnessProgressReport"/><url value="https://github.com/RicardoLSantos/shorthand/Measure/MindfulnessProgressReport"/><version value="0.1.0"/><title value="Mindfulness Practice Progress Report"/><status value="active"/><experimental value="false"/><date value="2024-03-19"/><publisher value="Ricardo Lourenço dos Santos"/><contact><name value="Ricardo Lourenço dos Santos"/><telecom><system value="url"/><value value="https://linktr.ee/ricardolsantos"/></telecom></contact><description value="Measures progress in mindfulness practice over time"/><scoring><coding><code value="continuous-variable"/></coding></scoring><type><coding><code value="process"/></coding></type><riskAdjustment value="none"/><rateAggregation value="Average values over time period"/><group><code><coding><code value="practice-frequency"/></coding></code><description value="Frequency of mindfulness practice"/><population><code><coding><code value="denominator"/></coding></code><criteria><language value="text/fhirpath"/><expression value="Observation.where(code.coding.code='711020003')"/></criteria></population><stratifier><code><coding><code value="weekly"/></coding></code><criteria><language value="text/fhirpath"/><expression value="Observation.effective.as(DateTime).truncate(@T).truncate(@W)"/></criteria></stratifier></group><group><code><coding><code value="stress-reduction"/></coding></code><description value="Stress level changes over time"/><population><code><coding><code value="denominator"/></coding></code><criteria><language value="text/fhirpath"/><expression value="Observation.where(component.code.coding.code='725854004')"/></criteria></population><stratifier><code><coding><code value="trend"/></coding></code><criteria><language value="text/fhirpath"/><expression value="component.where(code.coding.code='725854004').value.value"/></criteria></stratifier></group></Measure>