<?xml version="1.0" encoding="UTF-8"?><MessageDefinition xmlns="http://hl7.org/fhir"><id value="EndSessionMessage"/><meta><profile value="https://github.com/RicardoLSantos/shorthand/StructureDefinition/mindfulness-message-definition"/></meta><url value="http://example.org/fhir/MessageDefinition/end-session"/><version value="0.1.0"/><status value="active"/><date value="2024-03-19"/><publisher value="Ricardo Lourenço dos Santos"/><contact><name value="Ricardo Lourenço dos Santos"/><telecom><system value="url"/><value value="https://linktr.ee/ricardolsantos"/></telecom></contact><eventCoding><system value="http://example.org/fhir/CodeSystem/mindfulness-message-events"/><code value="session-end"/><display value="Session End"/></eventCoding><category value="notification"/><focus><code value="Observation"/><profile value="http://example.org/fhir/StructureDefinition/mindfulness-session"/><min value="1"/></focus></MessageDefinition>