<?xml version="1.0" encoding="UTF-8"?><OperationDefinition xmlns="http://hl7.org/fhir"><id value="StartSessionOperation"/><meta><profile value="https://2rdoc.pt/ig/ios-lifestyle-medicine/StructureDefinition/mindfulness-operation"/></meta><text><status value="generated"/><div xmlns="http://www.w3.org/1999/xhtml"><p class="res-header-id"><b>Narrativa gerada: OperationDefinition StartSessionOperation</b></p><a name="StartSessionOperation"> </a><a name="hcStartSessionOperation"> </a><div style="display: inline-block; background-color: #d9e0e7; padding: 6px; margin: 4px; border: 1px solid #8da1b4; border-radius: 5px; line-height: 60%"><p style="margin-bottom: 0px"/><p style="margin-bottom: 0px">Perfil: <a href="StructureDefinition-mindfulness-operation.html">Mindfulness Operation</a></p></div><p>URL: [base]/Observation/$start</p><h3>Parâmetros</h3><table class="grid"><tr><td><b>Utilização</b></td><td><b>Nome</b></td><td><b>Âmbito de aplicação</b></td><td><b>Cardinalidade</b></td><td><b>Tipo</b></td><td><b>Vínculo</b></td><td><b>Documentação</b></td></tr><tr><td>IN</td><td>duration</td><td/><td>1..1</td><td><a href="http://hl7.org/fhir/R4/datatypes.html#integer">integer</a></td><td/><td><div><p>Duration in minutes</p>
</div></td></tr></table></div></text><url value="https://2rdoc.pt/ig/ios-lifestyle-medicine/OperationDefinition/StartSessionOperation"/><version value="0.1.0"/><name value="start-session"/><status value="active"/><kind value="operation"/><date value="2025-08-20T17:48:34+01:00"/><publisher value="Ricardo Lourenço dos Santos"/><contact><name value="Ricardo Lourenço dos Santos"/><telecom><system value="url"/><value value="https://linktr.ee/ricardolsantos"/></telecom></contact><code value="start"/><resource value="Observation"/><system value="false"/><type value="true"/><instance value="false"/><parameter><name value="duration"/><use value="in"/><min value="1"/><max value="1"/><documentation value="Duration in minutes"/><type value="integer"/></parameter></OperationDefinition>