<?xml version="1.0" encoding="UTF-8"?><OperationDefinition xmlns="http://hl7.org/fhir"><id value="StartSessionOperation"/><meta><profile value="https://github.com/RicardoLSantos/shorthand/StructureDefinition/mindfulness-operation"/></meta><text><status value="generated"/><div xmlns="http://www.w3.org/1999/xhtml"><p class="res-header-id"><b>Generated Narrative: OperationDefinition StartSessionOperation</b></p><a name="StartSessionOperation"> </a><a name="hcStartSessionOperation"> </a><a name="StartSessionOperation-en-US"> </a><p>URL: [base]/Observation/$start</p><h3>Parameters</h3><table class="grid"><tr><td><b>Use</b></td><td><b>Name</b></td><td><b>Scope</b></td><td><b>Cardinality</b></td><td><b>Type</b></td><td><b>Binding</b></td><td><b>Documentation</b></td></tr><tr><td>IN</td><td>duration</td><td/><td>1..1</td><td><a href="http://hl7.org/fhir/R4/datatypes.html#integer">integer</a></td><td/><td><div><p>Duration in minutes</p>
</div></td></tr></table></div></text><url value="https://github.com/RicardoLSantos/shorthand/OperationDefinition/StartSessionOperation"/><version value="0.1.0"/><name value="start-session"/><status value="active"/><kind value="operation"/><date value="2025-01-03T09:54:59+00:00"/><publisher value="Ricardo Lourenço dos Santos"/><contact><name value="Ricardo Lourenço dos Santos"/><telecom><system value="url"/><value value="https://linktr.ee/ricardolsantos"/></telecom></contact><code value="start"/><resource value="Observation"/><system value="false"/><type value="true"/><instance value="false"/><parameter><name value="duration"/><use value="in"/><min value="1"/><max value="1"/><documentation value="Duration in minutes"/><type value="integer"/></parameter></OperationDefinition>