<?xml version="1.0" encoding="UTF-8"?><SearchParameter xmlns="http://hl7.org/fhir"><id value="StressLevel"/><text><status value="generated"/><div xmlns="http://www.w3.org/1999/xhtml"><p class="res-header-id"><b>Generated Narrative: SearchParameter StressLevel</b></p><a name="StressLevel"> </a><a name="hcStressLevel"> </a><a name="StressLevel-en-US"> </a><h2>StressLevel</h2><p>Parameter <code>stress-level</code>:<code>number</code></p><div><p>Search for mindfulness observations by stress level</p>
</div><table class="grid"><tr><td>Resource</td><td><a href="http://hl7.org/fhir/R4/observation.html">Observation</a></td></tr><tr><td>Expression</td><td><code>Observation.component.where(code.coding.where(system='http://snomed.info/sct' and code='725854004')).value.ofType(integer)</code></td></tr><tr><td>Processing Mode</td><td>Normal</td></tr><tr><td>Multiples</td><td><ul><li>multipleAnd: It's up to the server whether the parameter may repeat in order to specify multiple values that must all be true</li><li>multipleOr: It's up to the server whether the parameter can have multiple values (separated by comma) where at least one must be true</li></ul></td></tr></table></div></text><url value="https://github.com/RicardoLSantos/shorthand/SearchParameter/StressLevel"/><version value="0.1.0"/><name value="StressLevel"/><status value="active"/><date value="2024-12-26T10:45:41+00:00"/><publisher value="Ricardo Lourenço dos Santos"/><contact><name value="Ricardo Lourenço dos Santos"/><telecom><system value="url"/><value value="https://linktr.ee/ricardolsantos"/></telecom></contact><description value="Search for mindfulness observations by stress level"/><code value="stress-level"/><base value="Observation"/><type value="number"/><expression value="Observation.component.where(code.coding.where(system='http://snomed.info/sct' and code='725854004')).value.ofType(integer)"/><xpathUsage value="normal"/></SearchParameter>