<?xml version="1.0" encoding="UTF-8"?><ValueSet xmlns="http://hl7.org/fhir"><id value="pghd-provenance-activity-vs"/><text><status value="extensions"/><div xmlns="http://www.w3.org/1999/xhtml"><p class="res-header-id"><b>Narrativa gerada: ValueSet pghd-provenance-activity-vs</b></p><a name="pghd-provenance-activity-vs"> </a><a name="hcpghd-provenance-activity-vs"> </a><p>Este conjunto de valores inclui códigos baseados nas seguintes regras:</p><ul><li>Incluir estes códigos, tal como definidos em <a href="http://terminology.hl7.org/7.0.0/CodeSystem-v3-DataOperation.html"><code>http://terminology.hl7.org/CodeSystem/v3-DataOperation</code></a><table class="none"><tr><td style="white-space:nowrap"><b>Código</b></td><td><b>Ecrã</b></td><td><b>Definição</b></td></tr><tr><td><a href="http://terminology.hl7.org/7.0.0/CodeSystem-v3-DataOperation.html#v3-DataOperation-CREATE">CREATE</a></td><td>Create</td><td>Fundamental operation in an Information System (IS) that results only in the act of bringing an object into existence. Note: The preceding definition is taken from the HL7 RBAC specification. There is no restriction on how the operation is invoked, e.g., via a user interface. For an HL7 Act, the state transitions per the HL7 Reference Information Model.</td></tr><tr><td><a href="http://terminology.hl7.org/7.0.0/CodeSystem-v3-DataOperation.html#v3-DataOperation-UPDATE">UPDATE</a></td><td>Update</td><td>Fundamental operation in an Information System (IS) that results only in the revision or alteration of an object. Note: The preceding definition is taken from the HL7 RBAC specification. There is no restriction on how the operation is invoked, e.g., via a user interface.</td></tr><tr><td><a href="http://terminology.hl7.org/7.0.0/CodeSystem-v3-DataOperation.html#v3-DataOperation-APPEND">APPEND</a></td><td>Append</td><td>Fundamental operation in an Information System (IS) that results only in the addition of information to an object already in existence. Note: The preceding definition is taken from the HL7 RBAC specification. There is no restriction on how the operation is invoked, e.g., via a user interface.</td></tr></table></li><li>Incluir estes códigos, tal como definidos em <a href="http://terminology.hl7.org/7.0.0/CodeSystem-iso-21089-lifecycle.html"><code>http://terminology.hl7.org/CodeSystem/iso-21089-lifecycle</code></a><table class="none"><tr><td style="white-space:nowrap"><b>Código</b></td><td><b>Ecrã</b></td><td><b>Definição</b></td></tr><tr><td><a href="http://terminology.hl7.org/7.0.0/CodeSystem-iso-21089-lifecycle.html#iso-21089-lifecycle-originate">originate</a></td><td>Originate/Retain Record Lifecycle Event</td><td>Occurs when an agent causes the system to: a) initiate capture of potential record content, and b) incorporate that content into the storage considered a permanent part of the health record.</td></tr><tr><td><a href="http://terminology.hl7.org/7.0.0/CodeSystem-iso-21089-lifecycle.html#iso-21089-lifecycle-transform">transform</a></td><td>Transform/Translate Record Lifecycle Event</td><td>Occurs when an agent causes the system to change the form, language or code system used to represent record entry content.</td></tr><tr><td><a href="http://terminology.hl7.org/7.0.0/CodeSystem-iso-21089-lifecycle.html#iso-21089-lifecycle-transmit">transmit</a></td><td>Transmit Record Lifecycle Event</td><td>Occurs when an agent causes the system to send record entry content from one (EHR/PHR/other) system to another.</td></tr><tr><td><a href="http://terminology.hl7.org/7.0.0/CodeSystem-iso-21089-lifecycle.html#iso-21089-lifecycle-receive">receive</a></td><td>Receive/Retain Record Lifecycle Event</td><td>Occurs when an agent causes the system to a) initiate capture of data content from elsewhere, and b) incorporate that content into the storage considered a permanent part of the health record.</td></tr></table></li></ul></div></text><url value="https://2rdoc.pt/ig/ios-lifestyle-medicine/ValueSet/pghd-provenance-activity-vs"/><version value="0.1.0"/><name value="PGHDProvenanceActivityVS"/><title value="PGHD Provenance Activity ValueSet"/><status value="active"/><experimental value="false"/><date value="2025-11-28T14:35:57+00:00"/><publisher value="Ricardo Lourenço dos Santos"/><contact><name value="Ricardo Lourenço dos Santos"/><telecom><system value="url"/><value value="https://linktr.ee/ricardolsantos"/></telecom></contact><description value="Activities related to PGHD data capture and transformation"/><jurisdiction><coding><system value="http://unstats.un.org/unsd/methods/m49/m49.htm"/><code value="150"/><display value="Europe"/></coding></jurisdiction><jurisdiction><coding><system value="http://unstats.un.org/unsd/methods/m49/m49.htm"/><code value="021"/><display value="Northern America a/"/></coding></jurisdiction><jurisdiction><coding><system value="http://unstats.un.org/unsd/methods/m49/m49.htm"/><code value="005"/><display value="South America"/></coding></jurisdiction><jurisdiction><coding><system value="urn:iso:std:iso:3166"/><code value="PT"/><display value="Portugal"/></coding></jurisdiction><jurisdiction><coding><system value="urn:iso:std:iso:3166"/><code value="US"/><display value="United States of America"/></coding></jurisdiction><jurisdiction><coding><system value="urn:iso:std:iso:3166"/><code value="BR"/><display value="Brazil"/></coding></jurisdiction><compose><include><system value="http://terminology.hl7.org/CodeSystem/v3-DataOperation"/><concept><code value="CREATE"/><display value="Create"/></concept><concept><code value="UPDATE"/><display value="Update"/></concept><concept><code value="APPEND"/><display value="Append"/></concept></include><include><system value="http://terminology.hl7.org/CodeSystem/iso-21089-lifecycle"/><concept><code value="originate"/><display value="Originate/Retain Record Lifecycle Event"/></concept><concept><code value="transform"/><display value="Transform/Translate Record Lifecycle Event"/></concept><concept><code value="transmit"/><display value="Transmit Record Lifecycle Event"/></concept><concept><code value="receive"/><display value="Receive/Retain Record Lifecycle Event"/></concept></include></compose></ValueSet>