<?xml version="1.0" encoding="UTF-8"?><ValueSet xmlns="http://hl7.org/fhir"><id value="regulatory-framework-vs"/><text><status value="generated"/><div xmlns="http://www.w3.org/1999/xhtml"><p class="res-header-id"><b>Narrativa gerada: ValueSet regulatory-framework-vs</b></p><a name="regulatory-framework-vs"> </a><a name="hcregulatory-framework-vs"> </a><ul><li>Include todos os códigos definidos em <a href="CodeSystem-regulatory-framework-cs.html"><code>https://2rdoc.pt/ig/ios-lifestyle-medicine/CodeSystem/regulatory-framework-cs</code></a></li></ul></div></text><url value="https://2rdoc.pt/ig/ios-lifestyle-medicine/ValueSet/regulatory-framework-vs"/><version value="0.1.0"/><name value="RegulatoryFrameworkVS"/><title value="Regulatory Framework Value Set"/><status value="active"/><experimental value="false"/><date value="2025-10-02T11:12:29+01:00"/><publisher value="Ricardo Lourenço dos Santos"/><contact><name value="Ricardo Lourenço dos Santos"/><telecom><system value="url"/><value value="https://linktr.ee/ricardolsantos"/></telecom></contact><description value="Regulatory frameworks for healthcare data protection"/><jurisdiction><coding><system value="http://unstats.un.org/unsd/methods/m49/m49.htm"/><code value="150"/><display value="Europe"/></coding></jurisdiction><jurisdiction><coding><system value="http://unstats.un.org/unsd/methods/m49/m49.htm"/><code value="021"/><display value="Northern America a/"/></coding></jurisdiction><jurisdiction><coding><system value="http://unstats.un.org/unsd/methods/m49/m49.htm"/><code value="005"/><display value="South America"/></coding></jurisdiction><jurisdiction><coding><system value="urn:iso:std:iso:3166"/><code value="PT"/><display value="Portugal"/></coding></jurisdiction><jurisdiction><coding><system value="urn:iso:std:iso:3166"/><code value="US"/><display value="United States of America"/></coding></jurisdiction><jurisdiction><coding><system value="urn:iso:std:iso:3166"/><code value="BR"/><display value="Brazil"/></coding></jurisdiction><compose><include><system value="https://2rdoc.pt/ig/ios-lifestyle-medicine/CodeSystem/regulatory-framework-cs"/></include></compose></ValueSet>