<?xml version="1.0" encoding="UTF-8"?><ValueSet xmlns="http://hl7.org/fhir"><id value="environmental-context"/><text><status value="generated"/><div xmlns="http://www.w3.org/1999/xhtml"><p class="res-header-id"><b>Generated Narrative: ValueSet environmental-context</b></p><a name="environmental-context"> </a><a name="hcenvironmental-context"> </a><a name="environmental-context-en-US"> </a><ul><li>Include all codes defined in <code>http://example.org/fhir/CodeSystem/environmental-context</code></li></ul></div></text><url value="http://example.org/fhir/ValueSet/environmental-context"/><version value="0.1.0"/><name value="EnvironmentalContextValueSet"/><title value="Environmental Context Value Set"/><status value="active"/><experimental value="false"/><date value="2025-01-04T22:09:55+00:00"/><publisher value="Ricardo Lourenço dos Santos"/><contact><name value="Ricardo Lourenço dos Santos"/><telecom><system value="url"/><value value="https://linktr.ee/ricardolsantos"/></telecom></contact><description value="Valid contexts for environmental measurements"/><compose><include><system value="http://example.org/fhir/CodeSystem/environmental-context"/></include></compose></ValueSet>