<?xml version="1.0" encoding="UTF-8"?><ValueSet xmlns="http://hl7.org/fhir"><id value="mindfulness-outcome-vs"/><text><status value="generated"/><div xmlns="http://www.w3.org/1999/xhtml"><p class="res-header-id"><b>Narrativa gerada: ValueSet mindfulness-outcome-vs</b></p><a name="mindfulness-outcome-vs"> </a><a name="hcmindfulness-outcome-vs"> </a><p>Este conjunto de valores inclui códigos baseados nas seguintes regras:</p><ul><li>Incluir todos os códigos definidos em <a href="CodeSystem-mindfulness-outcome-cs.html"><code>https://2rdoc.pt/ig/ios-lifestyle-medicine/CodeSystem/mindfulness-outcome-cs</code></a></li><li>Incluir estes códigos, tal como definidos em <a href="http://www.snomed.org/"><code>http://snomed.info/sct</code></a><table class="none"><tr><td style="white-space:nowrap"><b>Código</b></td><td><b>Ecrã</b></td></tr><tr><td><a href="http://snomed.info/id/365949003">365949003</a></td><td>Finding of level of stress</td></tr><tr><td><a href="http://snomed.info/id/373931001">373931001</a></td><td>Mood finding</td></tr></table></li></ul></div></text><url value="https://2rdoc.pt/ig/ios-lifestyle-medicine/ValueSet/mindfulness-outcome-vs"/><version value="0.1.0"/><name value="MindfulnessOutcomeVS"/><title value="Mindfulness Outcomes Value Set"/><status value="draft"/><experimental value="false"/><date value="2025-08-20T17:48:34+01:00"/><publisher value="Ricardo Lourenço dos Santos"/><contact><name value="Ricardo Lourenço dos Santos"/><telecom><system value="url"/><value value="https://linktr.ee/ricardolsantos"/></telecom></contact><description value="Value set for mindfulness practice outcomes"/><compose><include><system value="https://2rdoc.pt/ig/ios-lifestyle-medicine/CodeSystem/mindfulness-outcome-cs"/></include><include><system value="http://snomed.info/sct"/><concept><code value="365949003"/><display value="Finding of level of stress"/></concept><concept><code value="373931001"/><display value="Mood finding"/></concept></include></compose></ValueSet>