<?xml version="1.0" encoding="UTF-8"?><ValueSet xmlns="http://hl7.org/fhir"><id value="exposure-conditions-vs"/><text><status value="generated"/><div xmlns="http://www.w3.org/1999/xhtml"><p class="res-header-id"><b>Narrativa gerada: ValueSet exposure-conditions-vs</b></p><a name="exposure-conditions-vs"> </a><a name="hcexposure-conditions-vs"> </a><ul><li>Include todos os códigos definidos em <a href="CodeSystem-exposure-conditions-cs.html"><code>https://2rdoc.pt/ig/ios-lifestyle-medicine/CodeSystem/exposure-conditions-cs</code></a></li></ul></div></text><url value="https://2rdoc.pt/ig/ios-lifestyle-medicine/ValueSet/exposure-conditions-vs"/><version value="0.1.0"/><name value="ExposureConditionsVS"/><title value="Exposure Conditions Value Set"/><status value="draft"/><experimental value="true"/><date value="2025-08-20T17:48:34+01:00"/><publisher value="Ricardo Lourenço dos Santos"/><contact><name value="Ricardo Lourenço dos Santos"/><telecom><system value="url"/><value value="https://linktr.ee/ricardolsantos"/></telecom></contact><description value="Value set for environmental exposure conditions"/><compose><include><system value="https://2rdoc.pt/ig/ios-lifestyle-medicine/CodeSystem/exposure-conditions-cs"/></include></compose></ValueSet>