<?xml version="1.0" encoding="UTF-8"?><ValueSet xmlns="http://hl7.org/fhir"><id value="measurement-device-type-vs"/><text><status value="generated"/><div xmlns="http://www.w3.org/1999/xhtml"><p class="res-header-id"><b>Narrativa gerada: ValueSet measurement-device-type-vs</b></p><a name="measurement-device-type-vs"> </a><a name="hcmeasurement-device-type-vs"> </a><ul><li>Include estes códigos, tal como definidos em <a href="http://www.snomed.org/"><code>http://snomed.info/sct</code></a><table class="none"><tr><td style="white-space:nowrap"><b>Código</b></td><td><b>Ecrã</b></td></tr><tr><td><a href="http://snomed.info/id/5159002">5159002</a></td><td>Physiologic monitoring system</td></tr><tr><td><a href="http://snomed.info/id/706767009">706767009</a></td><td>Patient data recorder</td></tr><tr><td><a href="http://snomed.info/id/49062001">49062001</a></td><td>Device</td></tr><tr><td><a href="http://snomed.info/id/13288007">13288007</a></td><td>Monitor</td></tr><tr><td><a href="http://snomed.info/id/444699000">444699000</a></td><td>Tape measure</td></tr><tr><td><a href="http://snomed.info/id/44056008">44056008</a></td><td>Digital scale</td></tr></table></li></ul></div></text><url value="https://2rdoc.pt/ig/ios-lifestyle-medicine/ValueSet/measurement-device-type-vs"/><version value="0.1.0"/><name value="MeasurementDeviceTypeVS"/><title value="Measurement Device Type Value Set"/><status value="active"/><experimental value="false"/><date value="2025-10-03T16:37:46+01:00"/><publisher value="Ricardo Lourenço dos Santos"/><contact><name value="Ricardo Lourenço dos Santos"/><telecom><system value="url"/><value value="https://linktr.ee/ricardolsantos"/></telecom></contact><description value="Types of devices used for health and body measurements"/><useContext><code><system value="http://terminology.hl7.org/CodeSystem/usage-context-type"/><code value="program"/></code><valueCodeableConcept><text value="iOS Lifestyle Medicine"/></valueCodeableConcept></useContext><jurisdiction><coding><system value="http://unstats.un.org/unsd/methods/m49/m49.htm"/><code value="150"/><display value="Europe"/></coding></jurisdiction><jurisdiction><coding><system value="http://unstats.un.org/unsd/methods/m49/m49.htm"/><code value="021"/><display value="Northern America a/"/></coding></jurisdiction><jurisdiction><coding><system value="http://unstats.un.org/unsd/methods/m49/m49.htm"/><code value="005"/><display value="South America"/></coding></jurisdiction><jurisdiction><coding><system value="urn:iso:std:iso:3166"/><code value="PT"/><display value="Portugal"/></coding></jurisdiction><jurisdiction><coding><system value="urn:iso:std:iso:3166"/><code value="US"/><display value="United States of America"/></coding></jurisdiction><jurisdiction><coding><system value="urn:iso:std:iso:3166"/><code value="BR"/><display value="Brazil"/></coding></jurisdiction><compose><include><system value="http://snomed.info/sct"/><concept><code value="5159002"/><display value="Physiologic monitoring system"/></concept><concept><code value="706767009"/><display value="Patient data recorder"/></concept><concept><code value="49062001"/><display value="Device"/></concept><concept><code value="13288007"/><display value="Monitor"/></concept><concept><code value="444699000"/><display value="Tape measure"/></concept><concept><code value="44056008"/><display value="Digital scale"/></concept></include></compose></ValueSet>