<?xml version="1.0" encoding="UTF-8"?><ValueSet xmlns="http://hl7.org/fhir"><id value="nutrition-data-source-vs"/><text><status value="generated"/><div xmlns="http://www.w3.org/1999/xhtml"><p class="res-header-id"><b>Generated Narrative: ValueSet nutrition-data-source-vs</b></p><a name="nutrition-data-source-vs"> </a><a name="hcnutrition-data-source-vs"> </a><a name="nutrition-data-source-vs-en-US"> </a><ul><li>Include all codes defined in <a href="CodeSystem-nutrition-data-source-cs.html"><code>https://github.com/RicardoLSantos/shorthand/CodeSystem/nutrition-data-source-cs</code></a></li></ul></div></text><url value="https://github.com/RicardoLSantos/shorthand/ValueSet/nutrition-data-source-vs"/><version value="0.1.0"/><name value="NutritionDataSourceVS"/><title value="Nutrition Data Source Value Set"/><status value="draft"/><experimental value="false"/><date value="2024-12-14"/><publisher value="Ricardo Lourenço dos Santos"/><contact><name value="Ricardo Lourenço dos Santos"/><telecom><system value="url"/><value value="https://linktr.ee/ricardolsantos"/></telecom></contact><description value="Value set for nutrition data sources"/><compose><include><system value="https://github.com/RicardoLSantos/shorthand/CodeSystem/nutrition-data-source-cs"/></include></compose></ValueSet>