<?xml version="1.0" encoding="UTF-8"?><ValueSet xmlns="http://hl7.org/fhir"><id value="measurement-conditions-vs"/><text><status value="generated"/><div xmlns="http://www.w3.org/1999/xhtml"><p class="res-header-id"><b>Generated Narrative: ValueSet measurement-conditions-vs</b></p><a name="measurement-conditions-vs"> </a><a name="hcmeasurement-conditions-vs"> </a><a name="measurement-conditions-vs-en-US"> </a><ul><li>Include these codes as defined in <a href="http://www.snomed.org/"><code>http://snomed.info/sct</code></a><table class="none"><tr><td style="white-space:nowrap"><b>Code</b></td><td><b>Display</b></td></tr><tr><td><a href="http://snomed.info/id/307818003">307818003</a></td><td>Pre-breakfast</td></tr><tr><td><a href="http://snomed.info/id/307819006">307819006</a></td><td>Post-exercise</td></tr><tr><td><a href="http://snomed.info/id/307820000">307820000</a></td><td>Wearing light clothing</td></tr><tr><td><a href="http://snomed.info/id/255203001">255203001</a></td><td>First thing in morning</td></tr><tr><td><a href="http://snomed.info/id/255214005">255214005</a></td><td>After void</td></tr><tr><td><a href="http://snomed.info/id/309604004">309604004</a></td><td>During rest</td></tr></table></li></ul></div></text><url value="https://github.com/RicardoLSantos/shorthand/ValueSet/measurement-conditions-vs"/><version value="0.1.0"/><name value="MeasurementConditionsVS"/><title value="Measurement Conditions Value Set"/><status value="draft"/><date value="2024-12-27T22:28:35+00:00"/><publisher value="Ricardo Lourenço dos Santos"/><contact><name value="Ricardo Lourenço dos Santos"/><telecom><system value="url"/><value value="https://linktr.ee/ricardolsantos"/></telecom></contact><description value="Standard conditions under which measurements are taken"/><compose><include><system value="http://snomed.info/sct"/><concept><code value="307818003"/><display value="Pre-breakfast"/></concept><concept><code value="307819006"/><display value="Post-exercise"/></concept><concept><code value="307820000"/><display value="Wearing light clothing"/></concept><concept><code value="255203001"/><display value="First thing in morning"/></concept><concept><code value="255214005"/><display value="After void"/></concept><concept><code value="309604004"/><display value="During rest"/></concept></include></compose></ValueSet>