<?xml version="1.0" encoding="UTF-8"?><ValueSet xmlns="http://hl7.org/fhir"><id value="social-context-vs"/><text><status value="generated"/><div xmlns="http://www.w3.org/1999/xhtml"><p class="res-header-id"><b>Narrativa gerada: ValueSet social-context-vs</b></p><a name="social-context-vs"> </a><a name="hcsocial-context-vs"> </a><ul><li>Include todos os códigos definidos em <a href="CodeSystem-social-context-cs.html"><code>https://2rdoc.pt/ig/ios-lifestyle-medicine/CodeSystem/social-context-cs</code></a></li></ul></div></text><url value="https://2rdoc.pt/ig/ios-lifestyle-medicine/ValueSet/social-context-vs"/><version value="0.1.0"/><name value="SocialContextVS"/><title value="Social Context Value Set"/><status value="draft"/><date value="2025-08-20T17:48:34+01:00"/><publisher value="Ricardo Lourenço dos Santos"/><contact><name value="Ricardo Lourenço dos Santos"/><telecom><system value="url"/><value value="https://linktr.ee/ricardolsantos"/></telecom></contact><description value="Value set for social interaction contexts"/><compose><include><system value="https://2rdoc.pt/ig/ios-lifestyle-medicine/CodeSystem/social-context-cs"/></include></compose></ValueSet>