<?xml version="1.0" encoding="UTF-8"?><ValueSet xmlns="http://hl7.org/fhir"><id value="recreational-substance-use-status-vs"/><text><status value="generated"/><div xmlns="http://www.w3.org/1999/xhtml"><p class="res-header-id"><b>Narrativa gerada: ValueSet recreational-substance-use-status-vs</b></p><a name="recreational-substance-use-status-vs"> </a><a name="hcrecreational-substance-use-status-vs"> </a><ul><li>Include estes códigos, tal como definidos em <a href="http://www.snomed.org/"><code>http://snomed.info/sct</code></a><table class="none"><tr><td style="white-space:nowrap"><b>Código</b></td><td><b>Ecrã</b></td></tr><tr><td><a href="http://snomed.info/id/228366006">228366006</a></td><td>Finding relating to drug misuse behavior (finding)</td></tr><tr><td><a href="http://snomed.info/id/44870007">44870007</a></td><td>Substance misuse (finding)</td></tr><tr><td><a href="http://snomed.info/id/707848009">707848009</a></td><td>Never used recreational drugs (finding)</td></tr><tr><td><a href="http://snomed.info/id/228368007">228368007</a></td><td>Former drug user (finding)</td></tr><tr><td><a href="http://snomed.info/id/228369004">228369004</a></td><td>Current drug user (finding)</td></tr></table></li></ul></div></text><url value="https://2rdoc.pt/ig/ios-lifestyle-medicine/ValueSet/recreational-substance-use-status-vs"/><version value="0.1.0"/><name value="RecreationalSubstanceUseStatusVS"/><title value="Recreational Substance Use Status ValueSet"/><status value="active"/><experimental value="false"/><date value="2025-11-27T11:57:11+00:00"/><publisher value="Ricardo Lourenço dos Santos"/><contact><name value="Ricardo Lourenço dos Santos"/><telecom><system value="url"/><value value="https://linktr.ee/ricardolsantos"/></telecom></contact><description value="Status categories for recreational substance use"/><jurisdiction><coding><system value="http://unstats.un.org/unsd/methods/m49/m49.htm"/><code value="150"/><display value="Europe"/></coding></jurisdiction><jurisdiction><coding><system value="http://unstats.un.org/unsd/methods/m49/m49.htm"/><code value="021"/><display value="Northern America a/"/></coding></jurisdiction><jurisdiction><coding><system value="http://unstats.un.org/unsd/methods/m49/m49.htm"/><code value="005"/><display value="South America"/></coding></jurisdiction><jurisdiction><coding><system value="urn:iso:std:iso:3166"/><code value="PT"/><display value="Portugal"/></coding></jurisdiction><jurisdiction><coding><system value="urn:iso:std:iso:3166"/><code value="US"/><display value="United States of America"/></coding></jurisdiction><jurisdiction><coding><system value="urn:iso:std:iso:3166"/><code value="BR"/><display value="Brazil"/></coding></jurisdiction><compose><include><system value="http://snomed.info/sct"/><concept><code value="228366006"/><display value="Finding relating to drug misuse behavior (finding)"/></concept><concept><code value="44870007"/><display value="Substance misuse (finding)"/></concept><concept><code value="707848009"/><display value="Never used recreational drugs (finding)"/></concept><concept><code value="228368007"/><display value="Former drug user (finding)"/></concept><concept><code value="228369004"/><display value="Current drug user (finding)"/></concept></include></compose></ValueSet>