<?xml version="1.0" encoding="UTF-8"?><ValueSet xmlns="http://hl7.org/fhir"><id value="mindfulness-type-vs"/><text><status value="generated"/><div xmlns="http://www.w3.org/1999/xhtml"><p class="res-header-id"><b>Narrativa gerada: ValueSet mindfulness-type-vs</b></p><a name="mindfulness-type-vs"> </a><a name="hcmindfulness-type-vs"> </a><ul><li>Include todos os códigos definidos em <a href="CodeSystem-mindfulness-type-cs.html"><code>https://2rdoc.pt/ig/ios-lifestyle-medicine/CodeSystem/mindfulness-type-cs</code></a></li></ul></div></text><url value="https://2rdoc.pt/ig/ios-lifestyle-medicine/ValueSet/mindfulness-type-vs"/><version value="0.1.0"/><name value="MindfulnessTypeVS"/><title value="Mindfulness Practice Types Value Set"/><status value="draft"/><experimental value="false"/><date value="2025-08-20T10:40:04+01:00"/><publisher value="Ricardo Lourenço dos Santos"/><contact><name value="Ricardo Lourenço dos Santos"/><telecom><system value="url"/><value value="https://linktr.ee/ricardolsantos"/></telecom></contact><description value="Value set of mindfulness practice types"/><compose><include><system value="https://2rdoc.pt/ig/ios-lifestyle-medicine/CodeSystem/mindfulness-type-cs"/></include></compose></ValueSet>