<?xml version="1.0" encoding="UTF-8"?><ValueSet xmlns="http://hl7.org/fhir"><id value="risk-level"/><text><status value="generated"/><div xmlns="http://www.w3.org/1999/xhtml"><p class="res-header-id"><b>Generated Narrative: ValueSet risk-level</b></p><a name="risk-level"> </a><a name="hcrisk-level"> </a><a name="risk-level-en-US"> </a><ul><li>Include all codes defined in <code>http://example.org/fhir/CodeSystem/risk-level</code></li></ul></div></text><url value="http://example.org/fhir/ValueSet/risk-level"/><version value="0.1.0"/><name value="RiskLevelValueSet"/><title value="Risk Level Value Set"/><status value="active"/><date value="2025-01-02T19:32:36+00:00"/><publisher value="Ricardo Lourenço dos Santos"/><contact><name value="Ricardo Lourenço dos Santos"/><telecom><system value="url"/><value value="https://linktr.ee/ricardolsantos"/></telecom></contact><description value="Value set for general risk levels"/><compose><include><system value="http://example.org/fhir/CodeSystem/risk-level"/></include></compose></ValueSet>