<?xml version="1.0" encoding="UTF-8"?><ValueSet xmlns="http://hl7.org/fhir"><id value="environment-type-vs"/><text><status value="generated"/><div xmlns="http://www.w3.org/1999/xhtml"><p class="res-header-id"><b>Generated Narrative: ValueSet environment-type-vs</b></p><a name="environment-type-vs"> </a><a name="hcenvironment-type-vs"> </a><a name="environment-type-vs-en-US"> </a><ul><li>Include all codes defined in <a href="CodeSystem-environment-type-cs.html"><code>https://github.com/RicardoLSantos/shorthand/CodeSystem/environment-type-cs</code></a></li></ul></div></text><url value="https://github.com/RicardoLSantos/shorthand/ValueSet/environment-type-vs"/><version value="0.1.0"/><name value="EnvironmentTypeVS"/><title value="Practice Environment Types Value Set"/><status value="draft"/><experimental value="false"/><date value="2025-01-04T22:27:27+00:00"/><publisher value="Ricardo Lourenço dos Santos"/><contact><name value="Ricardo Lourenço dos Santos"/><telecom><system value="url"/><value value="https://linktr.ee/ricardolsantos"/></telecom></contact><description value="Value set of practice environment types"/><compose><include><system value="https://github.com/RicardoLSantos/shorthand/CodeSystem/environment-type-cs"/></include></compose></ValueSet>