<?xml version="1.0" encoding="UTF-8"?><ValueSet xmlns="http://hl7.org/fhir"><id value="mindfulness-outcome-vs"/><text><status value="generated"/><div xmlns="http://www.w3.org/1999/xhtml"><p class="res-header-id"><b>Narrativa gerada: ValueSet mindfulness-outcome-vs</b></p><a name="mindfulness-outcome-vs"> </a><a name="hcmindfulness-outcome-vs"> </a><p>Este conjunto de valores inclui códigos baseados nas seguintes regras:</p><ul><li>Incluir todos os códigos definidos em <a href="CodeSystem-mindfulness-outcome-cs.html"><code>https://2rdoc.pt/ig/ios-lifestyle-medicine/CodeSystem/mindfulness-outcome-cs</code></a></li><li>Incluir estes códigos, tal como definidos em <a href="http://www.snomed.org/"><code>http://snomed.info/sct</code></a><table class="none"><tr><td style="white-space:nowrap"><b>Código</b></td><td><b>Ecrã</b></td><td><b><a href="ValueSet-mindfulness-snomed-vs.html">Mindfulness Diagnostic Mappings</a></b></td></tr><tr><td><a href="http://snomed.info/id/365949003">365949003</a></td><td>Finding of level of stress</td><td/></tr><tr><td><a href="http://snomed.info/id/106131003">106131003</a></td><td>Mood finding</td><td/></tr></table></li></ul></div></text><url value="https://2rdoc.pt/ig/ios-lifestyle-medicine/ValueSet/mindfulness-outcome-vs"/><version value="0.1.0"/><name value="MindfulnessOutcomeVS"/><title value="Mindfulness Outcomes Value Set"/><status value="active"/><experimental value="false"/><date value="2025-11-27T11:57:11+00:00"/><publisher value="Ricardo Lourenço dos Santos"/><contact><name value="Ricardo Lourenço dos Santos"/><telecom><system value="url"/><value value="https://linktr.ee/ricardolsantos"/></telecom></contact><description value="Value set for mindfulness practice outcomes"/><jurisdiction><coding><system value="http://unstats.un.org/unsd/methods/m49/m49.htm"/><code value="150"/><display value="Europe"/></coding></jurisdiction><jurisdiction><coding><system value="http://unstats.un.org/unsd/methods/m49/m49.htm"/><code value="021"/><display value="Northern America a/"/></coding></jurisdiction><jurisdiction><coding><system value="http://unstats.un.org/unsd/methods/m49/m49.htm"/><code value="005"/><display value="South America"/></coding></jurisdiction><jurisdiction><coding><system value="urn:iso:std:iso:3166"/><code value="PT"/><display value="Portugal"/></coding></jurisdiction><jurisdiction><coding><system value="urn:iso:std:iso:3166"/><code value="US"/><display value="United States of America"/></coding></jurisdiction><jurisdiction><coding><system value="urn:iso:std:iso:3166"/><code value="BR"/><display value="Brazil"/></coding></jurisdiction><compose><include><system value="https://2rdoc.pt/ig/ios-lifestyle-medicine/CodeSystem/mindfulness-outcome-cs"/></include><include><system value="http://snomed.info/sct"/><concept><code value="365949003"/><display value="Finding of level of stress"/></concept><concept><code value="106131003"/><display value="Mood finding"/></concept></include></compose></ValueSet>