<?xml version="1.0" encoding="UTF-8"?><ValueSet xmlns="http://hl7.org/fhir"><id value="advanced-vital-signs-context-vs"/><text><status value="generated"/><div xmlns="http://www.w3.org/1999/xhtml"><p class="res-header-id"><b>Generated Narrative: ValueSet advanced-vital-signs-context-vs</b></p><a name="advanced-vital-signs-context-vs"> </a><a name="hcadvanced-vital-signs-context-vs"> </a><a name="advanced-vital-signs-context-vs-en-US"> </a><ul><li>Include all codes defined in <a href="CodeSystem-advanced-vital-signs-context-cs.html"><code>https://github.com/RicardoLSantos/shorthand/CodeSystem/advanced-vital-signs-context-cs</code></a></li></ul></div></text><url value="https://github.com/RicardoLSantos/shorthand/ValueSet/advanced-vital-signs-context-vs"/><version value="0.1.0"/><name value="AdvancedVitalSignsContextVS"/><title value="Advanced Vital Signs Context Value Set"/><status value="draft"/><experimental value="true"/><date value="2025-01-14T13:24:18+00:00"/><publisher value="Ricardo Lourenço dos Santos"/><contact><name value="Ricardo Lourenço dos Santos"/><telecom><system value="url"/><value value="https://linktr.ee/ricardolsantos"/></telecom></contact><description value="Context codes for advanced vital sign measurements"/><compose><include><system value="https://github.com/RicardoLSantos/shorthand/CodeSystem/advanced-vital-signs-context-cs"/></include></compose></ValueSet>