<?xml version="1.0" encoding="UTF-8"?><ValueSet xmlns="http://hl7.org/fhir"><id value="cervical-mucus-valueset"/><text><status value="generated"/><div xmlns="http://www.w3.org/1999/xhtml"><p class="res-header-id"><b>Generated Narrative: ValueSet cervical-mucus-valueset</b></p><a name="cervical-mucus-valueset"> </a><a name="hccervical-mucus-valueset"> </a><a name="cervical-mucus-valueset-en-US"> </a><ul><li>Include all codes defined in <a href="CodeSystem-cervical-mucus-cs.html"><code>http://example.org/fhir/CodeSystem/cervical-mucus-cs</code></a></li></ul></div></text><url value="http://example.org/fhir/ValueSet/cervical-mucus-vs"/><version value="0.1.0"/><name value="CervicalMucusValueSet"/><title value="Cervical Mucus Value Set"/><status value="active"/><date value="2025-01-24T12:30:11+00:00"/><publisher value="Ricardo Lourenço dos Santos"/><contact><name value="Ricardo Lourenço dos Santos"/><telecom><system value="url"/><value value="https://linktr.ee/ricardolsantos"/></telecom></contact><description value="Value set for cervical mucus observations"/><compose><include><system value="http://example.org/fhir/CodeSystem/cervical-mucus-cs"/></include></compose></ValueSet>