<?xml version="1.0" encoding="UTF-8"?><ValueSet xmlns="http://hl7.org/fhir"><id value="activity-quality-extended-vs"/><text><status value="generated"/><div xmlns="http://www.w3.org/1999/xhtml"><p class="res-header-id"><b>Narrativa gerada: ValueSet activity-quality-extended-vs</b></p><a name="activity-quality-extended-vs"> </a><a name="hcactivity-quality-extended-vs"> </a><ul><li>Include estes códigos, tal como definidos em <a href="http://www.snomed.org/"><code>http://snomed.info/sct</code></a><table class="none"><tr><td style="white-space:nowrap"><b>Código</b></td><td><b>Ecrã</b></td></tr><tr><td><a href="http://snomed.info/id/248220008">248220008</a></td><td>Very good quality activity</td></tr><tr><td><a href="http://snomed.info/id/248221007">248221007</a></td><td>Good quality activity</td></tr><tr><td><a href="http://snomed.info/id/248222000">248222000</a></td><td>Poor quality activity</td></tr><tr><td><a href="http://snomed.info/id/248223005">248223005</a></td><td>Very poor quality activity</td></tr></table></li></ul></div></text><url value="https://2rdoc.pt/ig/ios-lifestyle-medicine/ValueSet/activity-quality-extended-vs"/><version value="0.1.0"/><name value="SleepQualityExtendedVS"/><title value="Sleep Quality Value Set"/><status value="active"/><date value="2025-10-02T18:31:12+01:00"/><publisher value="Ricardo Lourenço dos Santos"/><contact><name value="Ricardo Lourenço dos Santos"/><telecom><system value="url"/><value value="https://linktr.ee/ricardolsantos"/></telecom></contact><description value="Extended value set for activity quality assessment"/><jurisdiction><coding><system value="http://unstats.un.org/unsd/methods/m49/m49.htm"/><code value="150"/><display value="Europe"/></coding></jurisdiction><jurisdiction><coding><system value="http://unstats.un.org/unsd/methods/m49/m49.htm"/><code value="021"/><display value="Northern America a/"/></coding></jurisdiction><jurisdiction><coding><system value="http://unstats.un.org/unsd/methods/m49/m49.htm"/><code value="005"/><display value="South America"/></coding></jurisdiction><jurisdiction><coding><system value="urn:iso:std:iso:3166"/><code value="PT"/><display value="Portugal"/></coding></jurisdiction><jurisdiction><coding><system value="urn:iso:std:iso:3166"/><code value="US"/><display value="United States of America"/></coding></jurisdiction><jurisdiction><coding><system value="urn:iso:std:iso:3166"/><code value="BR"/><display value="Brazil"/></coding></jurisdiction><compose><include><system value="http://snomed.info/sct"/><concept><code value="248220008"/><display value="Very good quality activity"/></concept><concept><code value="248221007"/><display value="Good quality activity"/></concept><concept><code value="248222000"/><display value="Poor quality activity"/></concept><concept><code value="248223005"/><display value="Very poor quality activity"/></concept></include></compose></ValueSet>