<?xml version="1.0" encoding="UTF-8"?><ValueSet xmlns="http://hl7.org/fhir"><id value="measurement-quality-vs"/><text><status value="generated"/><div xmlns="http://www.w3.org/1999/xhtml"><p class="res-header-id"><b>Narrativa gerada: ValueSet measurement-quality-vs</b></p><a name="measurement-quality-vs"> </a><a name="hcmeasurement-quality-vs"> </a><ul><li>Include todos os códigos definidos em <a href="CodeSystem-measurement-quality-cs.html"><code>https://2rdoc.pt/ig/ios-lifestyle-medicine/CodeSystem/measurement-quality-cs</code></a></li></ul></div></text><url value="https://2rdoc.pt/ig/ios-lifestyle-medicine/ValueSet/measurement-quality-vs"/><version value="0.1.0"/><name value="MeasurementQualityVS"/><title value="Measurement Quality Value Set"/><status value="draft"/><experimental value="true"/><date value="2025-08-20T10:40:04+01:00"/><publisher value="Ricardo Lourenço dos Santos"/><contact><name value="Ricardo Lourenço dos Santos"/><telecom><system value="url"/><value value="https://linktr.ee/ricardolsantos"/></telecom></contact><description value="Value set for measurement quality indicators"/><compose><include><system value="https://2rdoc.pt/ig/ios-lifestyle-medicine/CodeSystem/measurement-quality-cs"/></include></compose></ValueSet>