<?xml version="1.0" encoding="UTF-8"?><ValueSet xmlns="http://hl7.org/fhir"><id value="mindfulness-qualifier-vs"/><text><status value="generated"/><div xmlns="http://www.w3.org/1999/xhtml"><p class="res-header-id"><b>Narrativa gerada: ValueSet mindfulness-qualifier-vs</b></p><a name="mindfulness-qualifier-vs"> </a><a name="hcmindfulness-qualifier-vs"> </a><p>Este conjunto de valores inclui códigos baseados nas seguintes regras:</p><ul><li>Incluir todos os códigos definidos em <a href="CodeSystem-mindfulness-qualifier-cs.html"><code>https://2rdoc.pt/ig/ios-lifestyle-medicine/CodeSystem/mindfulness-qualifier-cs</code></a></li><li>Incluir estes códigos, tal como definidos em <a href="http://www.snomed.org/"><code>http://snomed.info/sct</code></a><table class="none"><tr><td style="white-space:nowrap"><b>Código</b></td><td><b>Ecrã</b></td></tr><tr><td><a href="http://snomed.info/id/410534003">410534003</a></td><td>During exercise</td></tr><tr><td><a href="http://snomed.info/id/225386006">225386006</a></td><td>Exercise therapy</td></tr></table></li></ul></div></text><url value="https://2rdoc.pt/ig/ios-lifestyle-medicine/ValueSet/mindfulness-qualifier-vs"/><version value="0.1.0"/><name value="MindfulnessQualifierVS"/><title value="Mindfulness Practice Qualifiers Value Set"/><status value="active"/><experimental value="false"/><date value="2025-10-03T16:37:46+01:00"/><publisher value="Ricardo Lourenço dos Santos"/><contact><name value="Ricardo Lourenço dos Santos"/><telecom><system value="url"/><value value="https://linktr.ee/ricardolsantos"/></telecom></contact><description value="Value set for mindfulness practice qualifiers"/><jurisdiction><coding><system value="http://unstats.un.org/unsd/methods/m49/m49.htm"/><code value="150"/><display value="Europe"/></coding></jurisdiction><jurisdiction><coding><system value="http://unstats.un.org/unsd/methods/m49/m49.htm"/><code value="021"/><display value="Northern America a/"/></coding></jurisdiction><jurisdiction><coding><system value="http://unstats.un.org/unsd/methods/m49/m49.htm"/><code value="005"/><display value="South America"/></coding></jurisdiction><jurisdiction><coding><system value="urn:iso:std:iso:3166"/><code value="PT"/><display value="Portugal"/></coding></jurisdiction><jurisdiction><coding><system value="urn:iso:std:iso:3166"/><code value="US"/><display value="United States of America"/></coding></jurisdiction><jurisdiction><coding><system value="urn:iso:std:iso:3166"/><code value="BR"/><display value="Brazil"/></coding></jurisdiction><copyright value="This value set includes content from SNOMED CT, which is copyright © 2002+ International Health Terminology Standards Development Organisation (IHTSDO)"/><compose><include><system value="https://2rdoc.pt/ig/ios-lifestyle-medicine/CodeSystem/mindfulness-qualifier-cs"/></include><include><system value="http://snomed.info/sct"/><concept><code value="410534003"/><display value="During exercise"/></concept><concept><code value="225386006"/><display value="Exercise therapy"/></concept></include></compose></ValueSet>