<?xml version="1.0" encoding="UTF-8"?><ValueSet xmlns="http://hl7.org/fhir"><id value="tobacco-use-status-vs"/><text><status value="generated"/><div xmlns="http://www.w3.org/1999/xhtml"><p class="res-header-id"><b>Narrativa gerada: ValueSet tobacco-use-status-vs</b></p><a name="tobacco-use-status-vs"> </a><a name="hctobacco-use-status-vs"> </a><ul><li>Include estes códigos, tal como definidos em <a href="http://www.snomed.org/"><code>http://snomed.info/sct</code></a><table class="none"><tr><td style="white-space:nowrap"><b>Código</b></td><td><b>Ecrã</b></td></tr><tr><td><a href="http://snomed.info/id/266919005">266919005</a></td><td>Never smoked tobacco (finding)</td></tr><tr><td><a href="http://snomed.info/id/8517006">8517006</a></td><td>Ex-smoker (finding)</td></tr><tr><td><a href="http://snomed.info/id/77176002">77176002</a></td><td>Smoker (finding)</td></tr><tr><td><a href="http://snomed.info/id/449868002">449868002</a></td><td>Smokes tobacco daily (finding)</td></tr><tr><td><a href="http://snomed.info/id/428041000124106">428041000124106</a></td><td>Occasional tobacco smoker (finding)</td></tr><tr><td><a href="http://snomed.info/id/266927001">266927001</a></td><td>Tobacco smoking consumption unknown (finding)</td></tr><tr><td><a href="http://snomed.info/id/405746006">405746006</a></td><td>Current some day smoker</td></tr></table></li></ul></div></text><url value="https://2rdoc.pt/ig/ios-lifestyle-medicine/ValueSet/tobacco-use-status-vs"/><version value="0.1.0"/><name value="TobaccoUseStatusVS"/><title value="Tobacco Use Status ValueSet"/><status value="active"/><experimental value="false"/><date value="2025-11-28T14:35:57+00:00"/><publisher value="Ricardo Lourenço dos Santos"/><contact><name value="Ricardo Lourenço dos Santos"/><telecom><system value="url"/><value value="https://linktr.ee/ricardolsantos"/></telecom></contact><description value="Status categories for tobacco use aligned with US Core and IPS"/><jurisdiction><coding><system value="http://unstats.un.org/unsd/methods/m49/m49.htm"/><code value="150"/><display value="Europe"/></coding></jurisdiction><jurisdiction><coding><system value="http://unstats.un.org/unsd/methods/m49/m49.htm"/><code value="021"/><display value="Northern America a/"/></coding></jurisdiction><jurisdiction><coding><system value="http://unstats.un.org/unsd/methods/m49/m49.htm"/><code value="005"/><display value="South America"/></coding></jurisdiction><jurisdiction><coding><system value="urn:iso:std:iso:3166"/><code value="PT"/><display value="Portugal"/></coding></jurisdiction><jurisdiction><coding><system value="urn:iso:std:iso:3166"/><code value="US"/><display value="United States of America"/></coding></jurisdiction><jurisdiction><coding><system value="urn:iso:std:iso:3166"/><code value="BR"/><display value="Brazil"/></coding></jurisdiction><compose><include><system value="http://snomed.info/sct"/><concept><code value="266919005"/><display value="Never smoked tobacco (finding)"/></concept><concept><code value="8517006"/><display value="Ex-smoker (finding)"/></concept><concept><code value="77176002"/><display value="Smoker (finding)"/></concept><concept><code value="449868002"/><display value="Smokes tobacco daily (finding)"/></concept><concept><code value="428041000124106"/><display value="Occasional tobacco smoker (finding)"/></concept><concept><code value="266927001"/><display value="Tobacco smoking consumption unknown (finding)"/></concept><concept><code value="405746006"/><display value="Current some day smoker"/></concept></include></compose></ValueSet>