<?xml version="1.0" encoding="UTF-8"?><ValueSet xmlns="http://hl7.org/fhir"><id value="measurement-quality-vs"/><text><status value="generated"/><div xmlns="http://www.w3.org/1999/xhtml"><p class="res-header-id"><b>Narrativa gerada: ValueSet measurement-quality-vs</b></p><a name="measurement-quality-vs"> </a><a name="hcmeasurement-quality-vs"> </a><ul><li>Include todos os códigos definidos em <a href="CodeSystem-measurement-quality-cs.html"><code>https://2rdoc.pt/ig/ios-lifestyle-medicine/CodeSystem/measurement-quality-cs</code></a></li></ul></div></text><url value="https://2rdoc.pt/ig/ios-lifestyle-medicine/ValueSet/measurement-quality-vs"/><version value="0.1.0"/><name value="MeasurementQualityVS"/><title value="Measurement Quality Value Set"/><status value="active"/><experimental value="false"/><date value="2025-11-28T14:35:57+00:00"/><publisher value="Ricardo Lourenço dos Santos"/><contact><name value="Ricardo Lourenço dos Santos"/><telecom><system value="url"/><value value="https://linktr.ee/ricardolsantos"/></telecom></contact><description value="Value set for measurement quality indicators"/><jurisdiction><coding><system value="http://unstats.un.org/unsd/methods/m49/m49.htm"/><code value="150"/><display value="Europe"/></coding></jurisdiction><jurisdiction><coding><system value="http://unstats.un.org/unsd/methods/m49/m49.htm"/><code value="021"/><display value="Northern America a/"/></coding></jurisdiction><jurisdiction><coding><system value="http://unstats.un.org/unsd/methods/m49/m49.htm"/><code value="005"/><display value="South America"/></coding></jurisdiction><jurisdiction><coding><system value="urn:iso:std:iso:3166"/><code value="PT"/><display value="Portugal"/></coding></jurisdiction><jurisdiction><coding><system value="urn:iso:std:iso:3166"/><code value="US"/><display value="United States of America"/></coding></jurisdiction><jurisdiction><coding><system value="urn:iso:std:iso:3166"/><code value="BR"/><display value="Brazil"/></coding></jurisdiction><compose><include><system value="https://2rdoc.pt/ig/ios-lifestyle-medicine/CodeSystem/measurement-quality-cs"/></include></compose></ValueSet>