<?xml version="1.0" encoding="UTF-8"?><ValueSet xmlns="http://hl7.org/fhir"><id value="social-interaction-medium-vs"/><text><status value="generated"/><div xmlns="http://www.w3.org/1999/xhtml"><p class="res-header-id"><b>Generated Narrative: ValueSet social-interaction-medium-vs</b></p><a name="social-interaction-medium-vs"> </a><a name="hcsocial-interaction-medium-vs"> </a><a name="social-interaction-medium-vs-en-US"> </a><ul><li>Include all codes defined in <a href="CodeSystem-social-interaction-medium-cs.html"><code>https://github.com/RicardoLSantos/shorthand/CodeSystem/social-interaction-medium-cs</code></a></li></ul></div></text><url value="https://github.com/RicardoLSantos/shorthand/ValueSet/social-interaction-medium-vs"/><version value="0.1.0"/><name value="SocialInteractionMediumVS"/><title value="Social Interaction Medium Value Set"/><status value="draft"/><date value="2025-01-04T22:47:01+00:00"/><publisher value="Ricardo Lourenço dos Santos"/><contact><name value="Ricardo Lourenço dos Santos"/><telecom><system value="url"/><value value="https://linktr.ee/ricardolsantos"/></telecom></contact><description value="Mediums through which social interaction occurs"/><compose><include><system value="https://github.com/RicardoLSantos/shorthand/CodeSystem/social-interaction-medium-cs"/></include></compose></ValueSet>