<?xml version="1.0" encoding="UTF-8"?><ValueSet xmlns="http://hl7.org/fhir"><id value="environment-type"/><text><status value="generated"/><div xmlns="http://www.w3.org/1999/xhtml"><p class="res-header-id"><b>Narrativa gerada: ValueSet environment-type</b></p><a name="environment-type"> </a><a name="hcenvironment-type"> </a><ul><li>Include todos os códigos definidos em <code>https://2rdoc.pt/fhir/CodeSystem/environment-type</code></li></ul></div></text><url value="https://2rdoc.pt/fhir/ValueSet/environment-type"/><version value="0.1.0"/><name value="EnvironmentTypeValueSet"/><title value="Environment Type Value Set"/><status value="active"/><date value="2025-08-20T17:48:34+01:00"/><publisher value="Ricardo Lourenço dos Santos"/><contact><name value="Ricardo Lourenço dos Santos"/><telecom><system value="url"/><value value="https://linktr.ee/ricardolsantos"/></telecom></contact><description value="Value set for environmental context types"/><compose><include><system value="https://2rdoc.pt/fhir/CodeSystem/environment-type"/></include></compose></ValueSet>