<?xml version="1.0" encoding="UTF-8"?><ValueSet xmlns="http://hl7.org/fhir"><id value="mobility-alert-level-vs"/><text><status value="generated"/><div xmlns="http://www.w3.org/1999/xhtml"><p class="res-header-id"><b>Generated Narrative: ValueSet mobility-alert-level-vs</b></p><a name="mobility-alert-level-vs"> </a><a name="hcmobility-alert-level-vs"> </a><a name="mobility-alert-level-vs-en-US"> </a><ul><li>Include all codes defined in <a href="CodeSystem-mobility-alert-level-cs.html"><code>https://github.com/RicardoLSantos/shorthand/CodeSystem/mobility-alert-level-cs</code></a></li></ul></div></text><url value="https://github.com/RicardoLSantos/shorthand/ValueSet/mobility-alert-level-vs"/><version value="0.1.0"/><name value="MobilityAlertLevelVS"/><title value="Mobility Alert Level Value Set"/><status value="active"/><experimental value="false"/><date value="2024-12-27T22:28:35+00:00"/><publisher value="Ricardo Lourenço dos Santos"/><contact><name value="Ricardo Lourenço dos Santos"/><telecom><system value="url"/><value value="https://linktr.ee/ricardolsantos"/></telecom></contact><description value="Value set for mobility measurement alert levels used to categorize the severity of mobility changes or concerns"/><purpose value="To provide standardized alert levels for mobility measurements"/><compose><include><system value="https://github.com/RicardoLSantos/shorthand/CodeSystem/mobility-alert-level-cs"/></include></compose></ValueSet>