<?xml version="1.0" encoding="UTF-8"?><ValueSet xmlns="http://hl7.org/fhir"><id value="social-interaction-quality-vs"/><text><status value="generated"/><div xmlns="http://www.w3.org/1999/xhtml"><p class="res-header-id"><b>Generated Narrative: ValueSet social-interaction-quality-vs</b></p><a name="social-interaction-quality-vs"> </a><a name="hcsocial-interaction-quality-vs"> </a><a name="social-interaction-quality-vs-en-US"> </a><ul><li>Include all codes defined in <a href="CodeSystem-social-interaction-quality-cs.html"><code>https://github.com/RicardoLSantos/shorthand/CodeSystem/social-interaction-quality-cs</code></a></li></ul></div></text><url value="https://github.com/RicardoLSantos/shorthand/ValueSet/social-interaction-quality-vs"/><version value="0.1.0"/><name value="SocialInteractionQualityVS"/><title value="Social Interaction Quality Value Set"/><status value="draft"/><date value="2025-01-04T22:09:55+00:00"/><publisher value="Ricardo Lourenço dos Santos"/><contact><name value="Ricardo Lourenço dos Santos"/><telecom><system value="url"/><value value="https://linktr.ee/ricardolsantos"/></telecom></contact><description value="Quality measures for social interactions"/><compose><include><system value="https://github.com/RicardoLSantos/shorthand/CodeSystem/social-interaction-quality-cs"/></include></compose></ValueSet>