<?xml version="1.0" encoding="UTF-8"?><ValueSet xmlns="http://hl7.org/fhir"><id value="social-support-vs"/><text><status value="generated"/><div xmlns="http://www.w3.org/1999/xhtml"><p class="res-header-id"><b>Narrativa gerada: ValueSet social-support-vs</b></p><a name="social-support-vs"> </a><a name="hcsocial-support-vs"> </a><ul><li>Include todos os códigos definidos em <a href="CodeSystem-social-support-cs.html"><code>https://2rdoc.pt/ig/ios-lifestyle-medicine/CodeSystem/social-support-cs</code></a></li></ul></div></text><url value="https://2rdoc.pt/ig/ios-lifestyle-medicine/ValueSet/social-support-vs"/><version value="0.1.0"/><name value="SocialSupportVS"/><title value="Social Support Value Set"/><status value="draft"/><date value="2025-08-20T10:40:04+01:00"/><publisher value="Ricardo Lourenço dos Santos"/><contact><name value="Ricardo Lourenço dos Santos"/><telecom><system value="url"/><value value="https://linktr.ee/ricardolsantos"/></telecom></contact><description value="Value set for levels of social support"/><compose><include><system value="https://2rdoc.pt/ig/ios-lifestyle-medicine/CodeSystem/social-support-cs"/></include></compose></ValueSet>