<?xml version="1.0" encoding="UTF-8"?><ValueSet xmlns="http://hl7.org/fhir"><id value="mood-vs"/><text><status value="generated"/><div xmlns="http://www.w3.org/1999/xhtml"><p class="res-header-id"><b>Generated Narrative: ValueSet mood-vs</b></p><a name="mood-vs"> </a><a name="hcmood-vs"> </a><a name="mood-vs-en-US"> </a><ul><li>Include these codes as defined in <a href="http://www.snomed.org/"><code>http://snomed.info/sct</code></a><table class="none"><tr><td style="white-space:nowrap"><b>Code</b></td><td><b>Display</b></td></tr><tr><td><a href="http://snomed.info/id/285854004">285854004</a></td><td>Mood elevation</td></tr><tr><td><a href="http://snomed.info/id/130987000">130987000</a></td><td>Anxious mood</td></tr><tr><td><a href="http://snomed.info/id/130988005">130988005</a></td><td>Depressed mood</td></tr><tr><td><a href="http://snomed.info/id/130989002">130989002</a></td><td>Irritable mood</td></tr><tr><td><a href="http://snomed.info/id/130990006">130990006</a></td><td>Labile mood</td></tr><tr><td><a href="http://snomed.info/id/130991005">130991005</a></td><td>Neutral mood</td></tr></table></li></ul></div></text><url value="https://github.com/RicardoLSantos/shorthand/ValueSet/mood-vs"/><version value="0.1.0"/><name value="MoodValueSet"/><title value="Mood Value Set"/><status value="draft"/><experimental value="false"/><date value="2024-12-27T22:28:35+00:00"/><publisher value="Ricardo Lourenço dos Santos"/><contact><name value="Ricardo Lourenço dos Santos"/><telecom><system value="url"/><value value="https://linktr.ee/ricardolsantos"/></telecom></contact><description value="Codes representing different mood states"/><compose><include><system value="http://snomed.info/sct"/><concept><code value="285854004"/><display value="Mood elevation"/></concept><concept><code value="130987000"/><display value="Anxious mood"/></concept><concept><code value="130988005"/><display value="Depressed mood"/></concept><concept><code value="130989002"/><display value="Irritable mood"/></concept><concept><code value="130990006"/><display value="Labile mood"/></concept><concept><code value="130991005"/><display value="Neutral mood"/></concept></include></compose></ValueSet>