<?xml version="1.0" encoding="UTF-8"?><ValueSet xmlns="http://hl7.org/fhir"><id value="mobility-decline-outcomes"/><text><status value="generated"/><div xmlns="http://www.w3.org/1999/xhtml"><p class="res-header-id"><b>Generated Narrative: ValueSet mobility-decline-outcomes</b></p><a name="mobility-decline-outcomes"> </a><a name="hcmobility-decline-outcomes"> </a><a name="mobility-decline-outcomes-en-US"> </a><ul><li>Include all codes defined in <code>http://example.org/fhir/CodeSystem/mobility-decline-outcomes</code></li></ul></div></text><url value="http://example.org/fhir/ValueSet/mobility-decline-outcomes"/><version value="0.1.0"/><name value="MobilityDeclineOutcomesValueSet"/><title value="Mobility Decline Outcomes Value Set"/><status value="active"/><date value="2025-01-04T21:28:42+00:00"/><publisher value="Ricardo Lourenço dos Santos"/><contact><name value="Ricardo Lourenço dos Santos"/><telecom><system value="url"/><value value="https://linktr.ee/ricardolsantos"/></telecom></contact><description value="Value set for mobility decline assessment outcomes"/><compose><include><system value="http://example.org/fhir/CodeSystem/mobility-decline-outcomes"/></include></compose></ValueSet>