<?xml version="1.0" encoding="UTF-8"?><ValueSet xmlns="http://hl7.org/fhir"><id value="body-locations-vs"/><text><status value="generated"/><div xmlns="http://www.w3.org/1999/xhtml"><p class="res-header-id"><b>Generated Narrative: ValueSet body-locations-vs</b></p><a name="body-locations-vs"> </a><a name="hcbody-locations-vs"> </a><a name="body-locations-vs-en-US"> </a><ul><li>Include these codes as defined in <a href="http://www.snomed.org/"><code>http://snomed.info/sct</code></a><table class="none"><tr><td style="white-space:nowrap"><b>Code</b></td><td><b>Display</b></td></tr><tr><td><a href="http://snomed.info/id/12738006">12738006</a></td><td>Brain</td></tr><tr><td><a href="http://snomed.info/id/69536005">69536005</a></td><td>Head</td></tr><tr><td><a href="http://snomed.info/id/45048000">45048000</a></td><td>Neck</td></tr><tr><td><a href="http://snomed.info/id/51185008">51185008</a></td><td>Chest</td></tr><tr><td><a href="http://snomed.info/id/62413002">62413002</a></td><td>Abdomen</td></tr><tr><td><a href="http://snomed.info/id/32849002">32849002</a></td><td>Back</td></tr><tr><td><a href="http://snomed.info/id/53120007">53120007</a></td><td>Upper limb</td></tr><tr><td><a href="http://snomed.info/id/61685007">61685007</a></td><td>Lower limb</td></tr></table></li></ul></div></text><url value="https://github.com/RicardoLSantos/shorthand/ValueSet/body-locations-vs"/><version value="0.1.0"/><name value="BodyLocationsVS"/><title value="Body Locations Value Set"/><status value="draft"/><date value="2025-01-03T09:54:59+00:00"/><publisher value="Ricardo Lourenço dos Santos"/><contact><name value="Ricardo Lourenço dos Santos"/><telecom><system value="url"/><value value="https://linktr.ee/ricardolsantos"/></telecom></contact><description value="Anatomical locations for symptom recording"/><compose><include><system value="http://snomed.info/sct"/><concept><code value="12738006"/><display value="Brain"/></concept><concept><code value="69536005"/><display value="Head"/></concept><concept><code value="45048000"/><display value="Neck"/></concept><concept><code value="51185008"/><display value="Chest"/></concept><concept><code value="62413002"/><display value="Abdomen"/></concept><concept><code value="32849002"/><display value="Back"/></concept><concept><code value="53120007"/><display value="Upper limb"/></concept><concept><code value="61685007"/><display value="Lower limb"/></concept></include></compose></ValueSet>