<?xml version="1.0" encoding="UTF-8"?><ValueSet xmlns="http://hl7.org/fhir"><id value="mindfulness-type-vs"/><text><status value="generated"/><div xmlns="http://www.w3.org/1999/xhtml"><p class="res-header-id"><b>Generated Narrative: ValueSet mindfulness-type-vs</b></p><a name="mindfulness-type-vs"> </a><a name="hcmindfulness-type-vs"> </a><a name="mindfulness-type-vs-en-US"> </a><ul><li>Include all codes defined in <a href="CodeSystem-mindfulness-type-cs.html"><code>https://github.com/RicardoLSantos/shorthand/CodeSystem/mindfulness-type-cs</code></a></li></ul></div></text><url value="https://github.com/RicardoLSantos/shorthand/ValueSet/mindfulness-type-vs"/><version value="0.1.0"/><name value="MindfulnessTypeVS"/><title value="Mindfulness Practice Types Value Set"/><status value="draft"/><experimental value="false"/><date value="2025-01-03T09:54:59+00:00"/><publisher value="Ricardo Lourenço dos Santos"/><contact><name value="Ricardo Lourenço dos Santos"/><telecom><system value="url"/><value value="https://linktr.ee/ricardolsantos"/></telecom></contact><description value="Value set of mindfulness practice types"/><compose><include><system value="https://github.com/RicardoLSantos/shorthand/CodeSystem/mindfulness-type-cs"/></include></compose></ValueSet>