<?xml version="1.0" encoding="UTF-8"?><ValueSet xmlns="http://hl7.org/fhir"><id value="exposure-location-vs"/><text><status value="generated"/><div xmlns="http://www.w3.org/1999/xhtml"><p class="res-header-id"><b>Generated Narrative: ValueSet exposure-location-vs</b></p><a name="exposure-location-vs"> </a><a name="hcexposure-location-vs"> </a><a name="exposure-location-vs-en-US"> </a><ul><li>Include all codes defined in <a href="CodeSystem-exposure-location-cs.html"><code>https://github.com/RicardoLSantos/shorthand/CodeSystem/exposure-location-cs</code></a></li></ul></div></text><url value="https://github.com/RicardoLSantos/shorthand/ValueSet/exposure-location-vs"/><version value="0.1.0"/><name value="ExposureLocationVS"/><title value="Exposure Location Value Set"/><status value="draft"/><experimental value="true"/><date value="2025-01-04T22:09:55+00:00"/><publisher value="Ricardo Lourenço dos Santos"/><contact><name value="Ricardo Lourenço dos Santos"/><telecom><system value="url"/><value value="https://linktr.ee/ricardolsantos"/></telecom></contact><description value="Value set for environmental exposure locations"/><compose><include><system value="https://github.com/RicardoLSantos/shorthand/CodeSystem/exposure-location-cs"/></include></compose></ValueSet>