<?xml version="1.0" encoding="UTF-8"?><ValueSet xmlns="http://hl7.org/fhir"><id value="physical-activity-type-vs"/><text><status value="generated"/><div xmlns="http://www.w3.org/1999/xhtml"><p class="res-header-id"><b>Narrativa gerada: ValueSet physical-activity-type-vs</b></p><a name="physical-activity-type-vs"> </a><a name="hcphysical-activity-type-vs"> </a><ul><li>Include estes códigos, tal como definidos em <a href="http://www.snomed.org/"><code>http://snomed.info/sct</code></a><table class="none"><tr><td style="white-space:nowrap"><b>Código</b></td><td><b>Ecrã</b></td></tr><tr><td><a href="http://snomed.info/id/255604002">255604002</a></td><td>Physical activity (observable entity)</td></tr><tr><td><a href="http://snomed.info/id/129006008">129006008</a></td><td>Walking</td></tr><tr><td><a href="http://snomed.info/id/229065009">229065009</a></td><td>Running</td></tr><tr><td><a href="http://snomed.info/id/266938001">266938001</a></td><td>Swimming</td></tr><tr><td><a href="http://snomed.info/id/266940006">266940006</a></td><td>Cycling</td></tr><tr><td><a href="http://snomed.info/id/48761009">48761009</a></td><td>Regular exercise</td></tr></table></li></ul></div></text><url value="https://2rdoc.pt/ig/ios-lifestyle-medicine/ValueSet/physical-activity-type-vs"/><version value="0.1.0"/><name value="PhysicalActivityTypeVS"/><title value="Physical Activity Types Value Set"/><status value="active"/><experimental value="false"/><date value="2025-10-02T18:31:12+01:00"/><publisher value="Ricardo Lourenço dos Santos"/><contact><name value="Ricardo Lourenço dos Santos"/><telecom><system value="url"/><value value="https://linktr.ee/ricardolsantos"/></telecom></contact><description value="Types of physical activities from iOS Health App"/><useContext><code><system value="http://terminology.hl7.org/CodeSystem/usage-context-type"/><code value="program"/></code><valueCodeableConcept><text value="iOS Lifestyle Medicine"/></valueCodeableConcept></useContext><jurisdiction><coding><system value="http://unstats.un.org/unsd/methods/m49/m49.htm"/><code value="150"/><display value="Europe"/></coding></jurisdiction><jurisdiction><coding><system value="http://unstats.un.org/unsd/methods/m49/m49.htm"/><code value="021"/><display value="Northern America a/"/></coding></jurisdiction><jurisdiction><coding><system value="http://unstats.un.org/unsd/methods/m49/m49.htm"/><code value="005"/><display value="South America"/></coding></jurisdiction><jurisdiction><coding><system value="urn:iso:std:iso:3166"/><code value="PT"/><display value="Portugal"/></coding></jurisdiction><jurisdiction><coding><system value="urn:iso:std:iso:3166"/><code value="US"/><display value="United States of America"/></coding></jurisdiction><jurisdiction><coding><system value="urn:iso:std:iso:3166"/><code value="BR"/><display value="Brazil"/></coding></jurisdiction><compose><include><system value="http://snomed.info/sct"/><concept><code value="255604002"/><display value="Physical activity (observable entity)"/></concept><concept><code value="129006008"/><display value="Walking"/></concept><concept><code value="229065009"/><display value="Running"/></concept><concept><code value="266938001"/><display value="Swimming"/></concept><concept><code value="266940006"/><display value="Cycling"/></concept><concept><code value="48761009"/><display value="Regular exercise"/></concept></include></compose></ValueSet>