<?xml version="1.0" encoding="UTF-8"?><ValueSet xmlns="http://hl7.org/fhir"><id value="social-activity-vs"/><text><status value="generated"/><div xmlns="http://www.w3.org/1999/xhtml"><p class="res-header-id"><b>Generated Narrative: ValueSet social-activity-vs</b></p><a name="social-activity-vs"> </a><a name="hcsocial-activity-vs"> </a><a name="social-activity-vs-en-US"> </a><ul><li>Include all codes defined in <a href="CodeSystem-social-activity-cs.html"><code>https://github.com/RicardoLSantos/shorthand/CodeSystem/social-activity-cs</code></a></li></ul></div></text><url value="https://github.com/RicardoLSantos/shorthand/ValueSet/social-activity-vs"/><version value="0.1.0"/><name value="SocialActivityVS"/><title value="Social Activity Value Set"/><status value="draft"/><date value="2025-01-24T12:30:11+00:00"/><publisher value="Ricardo Lourenço dos Santos"/><contact><name value="Ricardo Lourenço dos Santos"/><telecom><system value="url"/><value value="https://linktr.ee/ricardolsantos"/></telecom></contact><description value="Value set for types of social activities"/><compose><include><system value="https://github.com/RicardoLSantos/shorthand/CodeSystem/social-activity-cs"/></include></compose></ValueSet>