<?xml version="1.0" encoding="UTF-8"?><ValueSet xmlns="http://hl7.org/fhir"><id value="hrv-inflammation-trend-vs"/><text><status value="generated"/><div xmlns="http://www.w3.org/1999/xhtml"><p class="res-header-id"><b>Narrativa gerada: ValueSet hrv-inflammation-trend-vs</b></p><a name="hrv-inflammation-trend-vs"> </a><a name="hchrv-inflammation-trend-vs"> </a><ul><li>Include estes códigos, tal como definidos em <a href="http://www.snomed.org/"><code>http://snomed.info/sct</code></a><table class="none"><tr><td style="white-space:nowrap"><b>Código</b></td><td><b>Ecrã</b></td></tr><tr><td><a href="http://snomed.info/id/268910001">268910001</a></td><td>Patient's condition improved</td></tr><tr><td><a href="http://snomed.info/id/359746009">359746009</a></td><td>Patient's condition stable</td></tr><tr><td><a href="http://snomed.info/id/271299001">271299001</a></td><td>Patient's condition worsened</td></tr></table></li></ul></div></text><url value="https://2rdoc.pt/ig/ios-lifestyle-medicine/ValueSet/hrv-inflammation-trend-vs"/><version value="0.1.0"/><name value="HRVInflammationTrendVS"/><title value="HRV-Inflammation Trend ValueSet"/><status value="active"/><experimental value="false"/><date value="2025-11-27T17:03:01+00:00"/><publisher value="Ricardo Lourenço dos Santos"/><contact><name value="Ricardo Lourenço dos Santos"/><telecom><system value="url"/><value value="https://linktr.ee/ricardolsantos"/></telecom></contact><description value="Trend direction for HRV-Inflammation correlation assessment.&#xA;Uses SNOMED-CT codes from mCODE (minimal Common Oncology Data Elements) IG.&#xA;&#xA;Source: HL7 mCODE Implementation Guide v4.0.0&#xA;  - https://build.fhir.org/ig/HL7/fhir-mCODE-ig/ValueSet-mcode-condition-status-trend-vs.html&#xA;&#xA;SNOMED-CT codes validated via mCODE IG (HL7 International / Clinical Interoperability Council)."/><jurisdiction><coding><system value="http://unstats.un.org/unsd/methods/m49/m49.htm"/><code value="150"/><display value="Europe"/></coding></jurisdiction><jurisdiction><coding><system value="http://unstats.un.org/unsd/methods/m49/m49.htm"/><code value="021"/><display value="Northern America a/"/></coding></jurisdiction><jurisdiction><coding><system value="http://unstats.un.org/unsd/methods/m49/m49.htm"/><code value="005"/><display value="South America"/></coding></jurisdiction><jurisdiction><coding><system value="urn:iso:std:iso:3166"/><code value="PT"/><display value="Portugal"/></coding></jurisdiction><jurisdiction><coding><system value="urn:iso:std:iso:3166"/><code value="US"/><display value="United States of America"/></coding></jurisdiction><jurisdiction><coding><system value="urn:iso:std:iso:3166"/><code value="BR"/><display value="Brazil"/></coding></jurisdiction><copyright value="This value set includes content from SNOMED CT, which is copyright © 2002+ International Health Terminology Standards Development Organisation (IHTSDO)"/><compose><include><system value="http://snomed.info/sct"/><concept><code value="268910001"/><display value="Patient's condition improved"/></concept><concept><code value="359746009"/><display value="Patient's condition stable"/></concept><concept><code value="271299001"/><display value="Patient's condition worsened"/></concept></include></compose></ValueSet>