<?xml version="1.0" encoding="UTF-8"?>

<Basic xmlns="http://hl7.org/fhir">
  <id value="MindfulnessAuditExample"/>
  <meta>
    <profile value="https://github.com/RicardoLSantos/shorthand/StructureDefinition/mindfulness-audit"/>
  </meta>
  <text>
    <status value="extensions"/><div xmlns="http://www.w3.org/1999/xhtml"><p class="res-header-id"><b>Generated Narrative: Basic MindfulnessAuditExample</b></p><a name="MindfulnessAuditExample"> </a><a name="hcMindfulnessAuditExample"> </a><a name="MindfulnessAuditExample-en-US"> </a><p><b>Audit Level Extension</b>: detailed</p><p><b>Audit Retention Extension</b>: No display for Duration  (value: 90; system: http://unitsofmeasure.org; code: days)</p><p><b>Audit Format Extension</b>: fhir</p><p><b>code</b>: <span title="Codes:{http://example.org/CodeSystem/mindfulness-audit-type session}">Session Audit</span></p><p><b>created</b>: 2024-03-15</p></div>
  </text>
  <extension url="https://github.com/RicardoLSantos/shorthand/StructureDefinition/audit-level">
    <valueCode value="detailed"/>
  </extension>
  <extension url="https://github.com/RicardoLSantos/shorthand/StructureDefinition/audit-retention">
    <valueDuration>
      <value value="90"/>
      <system value="http://unitsofmeasure.org"/>
      <code value="days"/>
    </valueDuration>
  </extension>
  <extension url="https://github.com/RicardoLSantos/shorthand/StructureDefinition/audit-format">
    <valueCode value="fhir"/>
  </extension>
  <code>
    <coding>
      <system value="http://example.org/CodeSystem/mindfulness-audit-type"/>
      <code value="session"/>
      <display value="Session Audit"/>
    </coding>
  </code>
  <created value="2024-03-15"/>
</Basic>