<?xml version="1.0" encoding="UTF-8"?>

<Basic xmlns="http://hl7.org/fhir">
  <id value="DefaultMindfulnessConfig"/>
  <meta>
    <profile value="https://2rdoc.pt/ig/ios-lifestyle-medicine/StructureDefinition/mindfulness-configuration"/>
  </meta>
  <text>
    <status value="extensions"/><div xmlns="http://www.w3.org/1999/xhtml"><p class="res-header-id"><b>Narrativa gerada: Basic DefaultMindfulnessConfig</b></p><a name="DefaultMindfulnessConfig"> </a><a name="hcDefaultMindfulnessConfig"> </a><div style="display: inline-block; background-color: #d9e0e7; padding: 6px; margin: 4px; border: 1px solid #8da1b4; border-radius: 5px; line-height: 60%"><p style="margin-bottom: 0px"/><p style="margin-bottom: 0px">Perfil: <a href="StructureDefinition-mindfulness-configuration.html">Mindfulness Configuration</a></p></div><p><b>Mindfulness Session Duration</b>: 15</p><p><b>Mindfulness Reminder Time</b>: 08:00:00</p><p><b>Mindfulness Preferred Guide</b>: Jane Smith</p><p><b>Mindfulness Notification Enabled</b>: true</p><p><b>code</b>: <span title="Códigos:{https://2rdoc.pt/ig/ios-lifestyle-medicine/CodeSystem/mindfulness-config-type settings}">Mindfulness Settings</span></p></div>
  </text>
  <extension url="https://2rdoc.pt/ig/ios-lifestyle-medicine/StructureDefinition/mindfulness-session-duration">
    <valueInteger value="15"/>
  </extension>
  <extension url="https://2rdoc.pt/ig/ios-lifestyle-medicine/StructureDefinition/mindfulness-reminder-time">
    <valueTime value="08:00:00"/>
  </extension>
  <extension url="https://2rdoc.pt/ig/ios-lifestyle-medicine/StructureDefinition/mindfulness-preferred-guide">
    <valueString value="Jane Smith"/>
  </extension>
  <extension url="https://2rdoc.pt/ig/ios-lifestyle-medicine/StructureDefinition/mindfulness-notification-enabled">
    <valueBoolean value="true"/>
  </extension>
  <code>
    <coding>
      <system value="https://2rdoc.pt/ig/ios-lifestyle-medicine/CodeSystem/mindfulness-config-type"/>
      <code value="settings"/>
      <display value="Mindfulness Settings"/>
    </coding>
  </code>
</Basic>