<?xml version="1.0" encoding="UTF-8"?>

<CarePlan xmlns="http://hl7.org/fhir">
  <id value="ExampleReproductiveActivity"/>
  <text>
    <status value="generated"/><div xmlns="http://www.w3.org/1999/xhtml"><p class="res-header-id"><b>Narrativa gerada: CarePlan ExampleReproductiveActivity</b></p><a name="ExampleReproductiveActivity"> </a><a name="hcExampleReproductiveActivity"> </a><p><b>status</b>: Active</p><p><b>intent</b>: Plan</p><p><b>subject</b>: <a href="Patient-PatientExample.html">John Doe  Male, DoB: 1970-01-01 ( urn:oid:2.16.858.1.1.1#12345)</a></p><blockquote><p><b>activity</b></p><h3>Details</h3><table class="grid"><tr><td style="display: none">-</td><td><b>Kind</b></td><td><b>Code</b></td><td><b>Status</b></td></tr><tr><td style="display: none">*</td><td>ServiceRequest</td><td><span title="Códigos:{https://2rdoc.pt/ig/ios-lifestyle-medicine/CodeSystem/social-history-activity-cs cycle-tracking}">Cycle Tracking</span></td><td>Scheduled</td></tr></table></blockquote></div>
  </text>
  <status value="active"/>
  <intent value="plan"/>
  <subject>
    <reference value="Patient/PatientExample"/>
  </subject>
  <activity>
    <detail>
      <kind value="ServiceRequest"/>
      <code>
        <coding>
          <system value="https://2rdoc.pt/ig/ios-lifestyle-medicine/CodeSystem/social-history-activity-cs"/>
          <code value="cycle-tracking"/>
        </coding>
      </code>
      <status value="scheduled"/>
    </detail>
  </activity>
</CarePlan>