<?xml version="1.0" encoding="UTF-8"?>

<CodeSystem xmlns="http://hl7.org/fhir">
  <id value="nutrition-data-source-cs"/>
  <text>
    <status value="generated"/><div xmlns="http://www.w3.org/1999/xhtml"><p class="res-header-id"><b>Generated Narrative: CodeSystem nutrition-data-source-cs</b></p><a name="nutrition-data-source-cs"> </a><a name="hcnutrition-data-source-cs"> </a><a name="nutrition-data-source-cs-en-US"> </a><p>This case-sensitive code system <code>https://github.com/RicardoLSantos/shorthand/CodeSystem/nutrition-data-source-cs</code> defines the following codes:</p><table class="codes"><tr><td style="white-space:nowrap"><b>Code</b></td><td><b>Display</b></td><td><b>Definition</b></td></tr><tr><td style="white-space:nowrap">manual<a name="nutrition-data-source-cs-manual"> </a></td><td>Manual Entry</td><td>Data entered manually by user</td></tr><tr><td style="white-space:nowrap">app<a name="nutrition-data-source-cs-app"> </a></td><td>App Integration</td><td>Data from integrated third-party apps</td></tr><tr><td style="white-space:nowrap">device<a name="nutrition-data-source-cs-device"> </a></td><td>Connected Device</td><td>Data from connected nutrition tracking devices</td></tr><tr><td style="white-space:nowrap">questionnaire<a name="nutrition-data-source-cs-questionnaire"> </a></td><td>Questionnaire Response</td><td>Data collected through questionnaires</td></tr></table></div>
  </text>
  <url value="https://github.com/RicardoLSantos/shorthand/CodeSystem/nutrition-data-source-cs"/>
  <version value="0.1.0"/>
  <name value="NutritionDataSourceCS"/>
  <title value="Nutrition Data Source Code System"/>
  <status value="draft"/>
  <experimental value="false"/>
  <date value="2024-12-14"/>
  <publisher value="Ricardo Lourenço dos Santos"/>
  <contact>
    <name value="Ricardo Lourenço dos Santos"/>
    <telecom>
      <system value="url"/>
      <value value="https://linktr.ee/ricardolsantos"/>
    </telecom>
  </contact>
  <description value="Code system for nutrition data sources"/>
  <caseSensitive value="true"/>
  <content value="complete"/>
  <count value="4"/>
  <concept>
    <code value="manual"/>
    <display value="Manual Entry"/>
    <definition value="Data entered manually by user"/>
  </concept>
  <concept>
    <code value="app"/>
    <display value="App Integration"/>
    <definition value="Data from integrated third-party apps"/>
  </concept>
  <concept>
    <code value="device"/>
    <display value="Connected Device"/>
    <definition value="Data from connected nutrition tracking devices"/>
  </concept>
  <concept>
    <code value="questionnaire"/>
    <display value="Questionnaire Response"/>
    <definition value="Data collected through questionnaires"/>
  </concept>
</CodeSystem>