<?xml version="1.0" encoding="UTF-8"?>

<CodeSystem xmlns="http://hl7.org/fhir">
  <id value="social-context-cs"/>
  <text>
    <status value="generated"/><div xmlns="http://www.w3.org/1999/xhtml"><p class="res-header-id"><b>Generated Narrative: CodeSystem social-context-cs</b></p><a name="social-context-cs"> </a><a name="hcsocial-context-cs"> </a><a name="social-context-cs-en-US"> </a><p>This  code system <code>https://github.com/RicardoLSantos/shorthand/CodeSystem/social-context-cs</code> defines the following codes:</p><table class="codes"><tr><td style="white-space:nowrap"><b>Code</b></td><td><b>Display</b></td><td><b>Definition</b></td></tr><tr><td style="white-space:nowrap">home<a name="social-context-cs-home"> </a></td><td>Home</td><td>Home environment</td></tr><tr><td style="white-space:nowrap">work<a name="social-context-cs-work"> </a></td><td>Work</td><td>Work environment</td></tr><tr><td style="white-space:nowrap">education<a name="social-context-cs-education"> </a></td><td>Educational</td><td>Educational setting</td></tr><tr><td style="white-space:nowrap">community<a name="social-context-cs-community"> </a></td><td>Community</td><td>Community setting</td></tr><tr><td style="white-space:nowrap">recreational<a name="social-context-cs-recreational"> </a></td><td>Recreational</td><td>Recreational setting</td></tr><tr><td style="white-space:nowrap">healthcare<a name="social-context-cs-healthcare"> </a></td><td>Healthcare</td><td>Healthcare setting</td></tr></table></div>
  </text>
  <url value="https://github.com/RicardoLSantos/shorthand/CodeSystem/social-context-cs"/>
  <version value="0.1.0"/>
  <name value="SocialContextCS"/>
  <title value="Social Context Code System"/>
  <status value="draft"/>
  <date value="2025-01-14T13:24:18+00:00"/>
  <publisher value="Ricardo Lourenço dos Santos"/>
  <contact>
    <name value="Ricardo Lourenço dos Santos"/>
    <telecom>
      <system value="url"/>
      <value value="https://linktr.ee/ricardolsantos"/>
    </telecom>
  </contact>
  <description value="Code system for social interaction contexts"/>
  <content value="complete"/>
  <count value="6"/>
  <concept>
    <code value="home"/>
    <display value="Home"/>
    <definition value="Home environment"/>
  </concept>
  <concept>
    <code value="work"/>
    <display value="Work"/>
    <definition value="Work environment"/>
  </concept>
  <concept>
    <code value="education"/>
    <display value="Educational"/>
    <definition value="Educational setting"/>
  </concept>
  <concept>
    <code value="community"/>
    <display value="Community"/>
    <definition value="Community setting"/>
  </concept>
  <concept>
    <code value="recreational"/>
    <display value="Recreational"/>
    <definition value="Recreational setting"/>
  </concept>
  <concept>
    <code value="healthcare"/>
    <display value="Healthcare"/>
    <definition value="Healthcare setting"/>
  </concept>
</CodeSystem>