<?xml version="1.0" encoding="UTF-8"?>

<CodeSystem xmlns="http://hl7.org/fhir">
  <id value="exposure-location-cs"/>
  <text>
    <status value="generated"/><div xmlns="http://www.w3.org/1999/xhtml"><p class="res-header-id"><b>Generated Narrative: CodeSystem exposure-location-cs</b></p><a name="exposure-location-cs"> </a><a name="hcexposure-location-cs"> </a><a name="exposure-location-cs-en-US"> </a><p>This case-sensitive code system <code>https://github.com/RicardoLSantos/shorthand/CodeSystem/exposure-location-cs</code> defines the following codes:</p><table class="codes"><tr><td style="white-space:nowrap"><b>Code</b></td><td><b>Display</b></td><td><b>Definition</b></td></tr><tr><td style="white-space:nowrap">indoor<a name="exposure-location-cs-indoor"> </a></td><td>Indoor environment</td><td>Environment within buildings or enclosed spaces</td></tr><tr><td style="white-space:nowrap">outdoor<a name="exposure-location-cs-outdoor"> </a></td><td>Outdoor environment</td><td>Open-air environment</td></tr><tr><td style="white-space:nowrap">workplace<a name="exposure-location-cs-workplace"> </a></td><td>Workplace</td><td>Professional or occupational environment</td></tr><tr><td style="white-space:nowrap">transit<a name="exposure-location-cs-transit"> </a></td><td>In transit</td><td>While in transportation or commuting</td></tr><tr><td style="white-space:nowrap">recreational<a name="exposure-location-cs-recreational"> </a></td><td>Recreational area</td><td>Leisure or sports facilities</td></tr><tr><td style="white-space:nowrap">urban<a name="exposure-location-cs-urban"> </a></td><td>Urban area</td><td>City or densely populated area</td></tr><tr><td style="white-space:nowrap">rural<a name="exposure-location-cs-rural"> </a></td><td>Rural area</td><td>Countryside or sparsely populated area</td></tr></table></div>
  </text>
  <url value="https://github.com/RicardoLSantos/shorthand/CodeSystem/exposure-location-cs"/>
  <version value="0.1.0"/>
  <name value="ExposureLocationCS"/>
  <title value="Exposure Location Code System"/>
  <status value="draft"/>
  <experimental value="true"/>
  <date value="2025-01-04T21:28:42+00:00"/>
  <publisher value="Ricardo Lourenço dos Santos"/>
  <contact>
    <name value="Ricardo Lourenço dos Santos"/>
    <telecom>
      <system value="url"/>
      <value value="https://linktr.ee/ricardolsantos"/>
    </telecom>
  </contact>
  <description value="Code system for environmental exposure locations"/>
  <caseSensitive value="true"/>
  <content value="complete"/>
  <count value="7"/>
  <concept>
    <code value="indoor"/>
    <display value="Indoor environment"/>
    <definition value="Environment within buildings or enclosed spaces"/>
  </concept>
  <concept>
    <code value="outdoor"/>
    <display value="Outdoor environment"/>
    <definition value="Open-air environment"/>
  </concept>
  <concept>
    <code value="workplace"/>
    <display value="Workplace"/>
    <definition value="Professional or occupational environment"/>
  </concept>
  <concept>
    <code value="transit"/>
    <display value="In transit"/>
    <definition value="While in transportation or commuting"/>
  </concept>
  <concept>
    <code value="recreational"/>
    <display value="Recreational area"/>
    <definition value="Leisure or sports facilities"/>
  </concept>
  <concept>
    <code value="urban"/>
    <display value="Urban area"/>
    <definition value="City or densely populated area"/>
  </concept>
  <concept>
    <code value="rural"/>
    <display value="Rural area"/>
    <definition value="Countryside or sparsely populated area"/>
  </concept>
</CodeSystem>