<?xml version="1.0" encoding="UTF-8"?>

<CodeSystem xmlns="http://hl7.org/fhir">
  <id value="fertility-status-cs"/>
  <text>
    <status value="generated"/><div xmlns="http://www.w3.org/1999/xhtml"><p class="res-header-id"><b>Generated Narrative: CodeSystem fertility-status-cs</b></p><a name="fertility-status-cs"> </a><a name="hcfertility-status-cs"> </a><a name="fertility-status-cs-en-US"> </a><p>This case-sensitive code system <code>http://example.org/fhir/CodeSystem/fertility-status-cs</code> defines the following codes:</p><table class="codes"><tr><td style="white-space:nowrap"><b>Code</b></td><td><b>Display</b></td></tr><tr><td style="white-space:nowrap">fertile<a name="fertility-status-cs-fertile"> </a></td><td>Fertile</td></tr><tr><td style="white-space:nowrap">notFertile<a name="fertility-status-cs-notFertile"> </a></td><td>Not Fertile</td></tr><tr><td style="white-space:nowrap">uncertain<a name="fertility-status-cs-uncertain"> </a></td><td>Uncertain</td></tr></table></div>
  </text>
  <url value="http://example.org/fhir/CodeSystem/fertility-status-cs"/>
  <version value="0.1.0"/>
  <name value="FertilityStatusCodeSystem"/>
  <title value="Fertility Status Code System"/>
  <status value="active"/>
  <date value="2025-01-04T22:47:01+00:00"/>
  <publisher value="Ricardo Lourenço dos Santos"/>
  <contact>
    <name value="Ricardo Lourenço dos Santos"/>
    <telecom>
      <system value="url"/>
      <value value="https://linktr.ee/ricardolsantos"/>
    </telecom>
  </contact>
  <caseSensitive value="true"/>
  <content value="complete"/>
  <count value="3"/>
  <concept>
    <code value="fertile"/>
    <display value="Fertile"/>
  </concept>
  <concept>
    <code value="notFertile"/>
    <display value="Not Fertile"/>
  </concept>
  <concept>
    <code value="uncertain"/>
    <display value="Uncertain"/>
  </concept>
</CodeSystem>