<?xml version="1.0" encoding="UTF-8"?>

<CodeSystem xmlns="http://hl7.org/fhir">
  <id value="circadian-phase-cs"/>
  <text>
    <status value="generated"/><div xmlns="http://www.w3.org/1999/xhtml"><p class="res-header-id"><b>Generated Narrative: CodeSystem circadian-phase-cs</b></p><a name="circadian-phase-cs"> </a><a name="hccircadian-phase-cs"> </a><a name="circadian-phase-cs-en-US"> </a><p>This case-sensitive code system <code>https://github.com/RicardoLSantos/shorthand/CodeSystem/circadian-phase-cs</code> defines the following codes:</p><table class="codes"><tr><td style="white-space:nowrap"><b>Code</b></td><td><b>Display</b></td><td><b>Definition</b></td></tr><tr><td style="white-space:nowrap">early-morning<a name="circadian-phase-cs-early-morning"> </a></td><td>Early Morning Phase</td><td>Period shortly after awakening</td></tr><tr><td style="white-space:nowrap">mid-morning<a name="circadian-phase-cs-mid-morning"> </a></td><td>Mid Morning Phase</td><td>Mid-morning period</td></tr><tr><td style="white-space:nowrap">afternoon<a name="circadian-phase-cs-afternoon"> </a></td><td>Afternoon Phase</td><td>Afternoon period</td></tr><tr><td style="white-space:nowrap">evening<a name="circadian-phase-cs-evening"> </a></td><td>Evening Phase</td><td>Evening period</td></tr><tr><td style="white-space:nowrap">night<a name="circadian-phase-cs-night"> </a></td><td>Night Phase</td><td>Nighttime period</td></tr><tr><td style="white-space:nowrap">deep-night<a name="circadian-phase-cs-deep-night"> </a></td><td>Deep Night Phase</td><td>Deep night period</td></tr></table></div>
  </text>
  <url value="https://github.com/RicardoLSantos/shorthand/CodeSystem/circadian-phase-cs"/>
  <version value="0.1.0"/>
  <name value="CircadianPhaseCS"/>
  <title value="Circadian Phase Code System"/>
  <status value="draft"/>
  <experimental value="true"/>
  <date value="2025-01-03T09:54:59+00:00"/>
  <publisher value="Ricardo Lourenço dos Santos"/>
  <contact>
    <name value="Ricardo Lourenço dos Santos"/>
    <telecom>
      <system value="url"/>
      <value value="https://linktr.ee/ricardolsantos"/>
    </telecom>
  </contact>
  <description value="Code system for circadian rhythm phases"/>
  <caseSensitive value="true"/>
  <content value="complete"/>
  <count value="6"/>
  <concept>
    <code value="early-morning"/>
    <display value="Early Morning Phase"/>
    <definition value="Period shortly after awakening"/>
  </concept>
  <concept>
    <code value="mid-morning"/>
    <display value="Mid Morning Phase"/>
    <definition value="Mid-morning period"/>
  </concept>
  <concept>
    <code value="afternoon"/>
    <display value="Afternoon Phase"/>
    <definition value="Afternoon period"/>
  </concept>
  <concept>
    <code value="evening"/>
    <display value="Evening Phase"/>
    <definition value="Evening period"/>
  </concept>
  <concept>
    <code value="night"/>
    <display value="Night Phase"/>
    <definition value="Nighttime period"/>
  </concept>
  <concept>
    <code value="deep-night"/>
    <display value="Deep Night Phase"/>
    <definition value="Deep night period"/>
  </concept>
</CodeSystem>