<?xml version="1.0" encoding="UTF-8"?>

<CodeSystem xmlns="http://hl7.org/fhir">
  <id value="social-interaction-quality-cs"/>
  <text>
    <status value="generated"/><div xmlns="http://www.w3.org/1999/xhtml"><p class="res-header-id"><b>Generated Narrative: CodeSystem social-interaction-quality-cs</b></p><a name="social-interaction-quality-cs"> </a><a name="hcsocial-interaction-quality-cs"> </a><a name="social-interaction-quality-cs-en-US"> </a><p>This  code system <code>https://github.com/RicardoLSantos/shorthand/CodeSystem/social-interaction-quality-cs</code> defines the following codes:</p><table class="codes"><tr><td style="white-space:nowrap"><b>Code</b></td><td><b>Display</b></td><td><b>Definition</b></td></tr><tr><td style="white-space:nowrap">meaningful<a name="social-interaction-quality-cs-meaningful"> </a></td><td>Meaningful</td><td>Deep, meaningful interaction</td></tr><tr><td style="white-space:nowrap">supportive<a name="social-interaction-quality-cs-supportive"> </a></td><td>Supportive</td><td>Supportive interaction</td></tr><tr><td style="white-space:nowrap">neutral<a name="social-interaction-quality-cs-neutral"> </a></td><td>Neutral</td><td>Neither positive nor negative</td></tr><tr><td style="white-space:nowrap">superficial<a name="social-interaction-quality-cs-superficial"> </a></td><td>Superficial</td><td>Surface-level interaction</td></tr><tr><td style="white-space:nowrap">stressful<a name="social-interaction-quality-cs-stressful"> </a></td><td>Stressful</td><td>Stressful or difficult interaction</td></tr></table></div>
  </text>
  <url value="https://github.com/RicardoLSantos/shorthand/CodeSystem/social-interaction-quality-cs"/>
  <version value="0.1.0"/>
  <name value="SocialInteractionQualityCS"/>
  <title value="Social Interaction Quality Code System"/>
  <status value="draft"/>
  <date value="2025-01-04T22:09:55+00:00"/>
  <publisher value="Ricardo Lourenço dos Santos"/>
  <contact>
    <name value="Ricardo Lourenço dos Santos"/>
    <telecom>
      <system value="url"/>
      <value value="https://linktr.ee/ricardolsantos"/>
    </telecom>
  </contact>
  <description value="Quality measures for social interactions"/>
  <content value="complete"/>
  <count value="5"/>
  <concept>
    <code value="meaningful"/>
    <display value="Meaningful"/>
    <definition value="Deep, meaningful interaction"/>
  </concept>
  <concept>
    <code value="supportive"/>
    <display value="Supportive"/>
    <definition value="Supportive interaction"/>
  </concept>
  <concept>
    <code value="neutral"/>
    <display value="Neutral"/>
    <definition value="Neither positive nor negative"/>
  </concept>
  <concept>
    <code value="superficial"/>
    <display value="Superficial"/>
    <definition value="Surface-level interaction"/>
  </concept>
  <concept>
    <code value="stressful"/>
    <display value="Stressful"/>
    <definition value="Stressful or difficult interaction"/>
  </concept>
</CodeSystem>