<?xml version="1.0" encoding="UTF-8"?>

<CodeSystem xmlns="http://hl7.org/fhir">
  <id value="measurement-quality-cs"/>
  <text>
    <status value="generated"/><div xmlns="http://www.w3.org/1999/xhtml"><p class="res-header-id"><b>Generated Narrative: CodeSystem measurement-quality-cs</b></p><a name="measurement-quality-cs"> </a><a name="hcmeasurement-quality-cs"> </a><a name="measurement-quality-cs-en-US"> </a><p>This case-sensitive code system <code>https://github.com/RicardoLSantos/shorthand/CodeSystem/measurement-quality-cs</code> defines the following codes:</p><table class="codes"><tr><td style="white-space:nowrap"><b>Code</b></td><td><b>Display</b></td><td><b>Definition</b></td></tr><tr><td style="white-space:nowrap">excellent<a name="measurement-quality-cs-excellent"> </a></td><td>Excellent Quality</td><td>High quality measurement with minimal noise</td></tr><tr><td style="white-space:nowrap">good<a name="measurement-quality-cs-good"> </a></td><td>Good Quality</td><td>Good quality measurement with acceptable noise</td></tr><tr><td style="white-space:nowrap">fair<a name="measurement-quality-cs-fair"> </a></td><td>Fair Quality</td><td>Fair quality measurement with some interference</td></tr><tr><td style="white-space:nowrap">poor<a name="measurement-quality-cs-poor"> </a></td><td>Poor Quality</td><td>Poor quality measurement with significant interference</td></tr><tr><td style="white-space:nowrap">unreliable<a name="measurement-quality-cs-unreliable"> </a></td><td>Unreliable</td><td>Unreliable measurement requiring verification</td></tr></table></div>
  </text>
  <url value="https://github.com/RicardoLSantos/shorthand/CodeSystem/measurement-quality-cs"/>
  <version value="0.1.0"/>
  <name value="MeasurementQualityCS"/>
  <title value="Measurement Quality Code System"/>
  <status value="draft"/>
  <experimental value="true"/>
  <date value="2025-01-02T19:32:36+00:00"/>
  <publisher value="Ricardo Lourenço dos Santos"/>
  <contact>
    <name value="Ricardo Lourenço dos Santos"/>
    <telecom>
      <system value="url"/>
      <value value="https://linktr.ee/ricardolsantos"/>
    </telecom>
  </contact>
  <description value="Code system for measurement quality indicators"/>
  <caseSensitive value="true"/>
  <content value="complete"/>
  <count value="5"/>
  <concept>
    <code value="excellent"/>
    <display value="Excellent Quality"/>
    <definition value="High quality measurement with minimal noise"/>
  </concept>
  <concept>
    <code value="good"/>
    <display value="Good Quality"/>
    <definition value="Good quality measurement with acceptable noise"/>
  </concept>
  <concept>
    <code value="fair"/>
    <display value="Fair Quality"/>
    <definition value="Fair quality measurement with some interference"/>
  </concept>
  <concept>
    <code value="poor"/>
    <display value="Poor Quality"/>
    <definition value="Poor quality measurement with significant interference"/>
  </concept>
  <concept>
    <code value="unreliable"/>
    <display value="Unreliable"/>
    <definition value="Unreliable measurement requiring verification"/>
  </concept>
</CodeSystem>