<?xml version="1.0" encoding="UTF-8"?>

<CodeSystem xmlns="http://hl7.org/fhir">
  <id value="stress-impact-cs"/>
  <text>
    <status value="generated"/><div xmlns="http://www.w3.org/1999/xhtml"><p class="res-header-id"><b>Generated Narrative: CodeSystem stress-impact-cs</b></p><a name="stress-impact-cs"> </a><a name="hcstress-impact-cs"> </a><a name="stress-impact-cs-en-US"> </a><p>This  code system <code>https://github.com/RicardoLSantos/shorthand/CodeSystem/stress-impact-cs</code> defines the following codes:</p><table class="codes"><tr><td style="white-space:nowrap"><b>Code</b></td><td><b>Display</b></td><td><b>Definition</b></td></tr><tr><td style="white-space:nowrap">minimal<a name="stress-impact-cs-minimal"> </a></td><td>Minimal Impact</td><td>Little to no interference with daily activities</td></tr><tr><td style="white-space:nowrap">mild<a name="stress-impact-cs-mild"> </a></td><td>Mild Impact</td><td>Some interference with daily activities</td></tr><tr><td style="white-space:nowrap">moderate<a name="stress-impact-cs-moderate"> </a></td><td>Moderate Impact</td><td>Significant interference with daily activities</td></tr><tr><td style="white-space:nowrap">severe<a name="stress-impact-cs-severe"> </a></td><td>Severe Impact</td><td>Major interference with daily activities</td></tr><tr><td style="white-space:nowrap">extreme<a name="stress-impact-cs-extreme"> </a></td><td>Extreme Impact</td><td>Unable to perform daily activities</td></tr></table></div>
  </text>
  <url value="https://github.com/RicardoLSantos/shorthand/CodeSystem/stress-impact-cs"/>
  <version value="0.1.0"/>
  <name value="StressImpactCS"/>
  <title value="Stress Impact Code System"/>
  <status value="draft"/>
  <date value="2025-01-04T22:27:27+00:00"/>
  <publisher value="Ricardo Lourenço dos Santos"/>
  <contact>
    <name value="Ricardo Lourenço dos Santos"/>
    <telecom>
      <system value="url"/>
      <value value="https://linktr.ee/ricardolsantos"/>
    </telecom>
  </contact>
  <description value="Code system for stress impact levels"/>
  <content value="complete"/>
  <count value="5"/>
  <concept>
    <code value="minimal"/>
    <display value="Minimal Impact"/>
    <definition value="Little to no interference with daily activities"/>
  </concept>
  <concept>
    <code value="mild"/>
    <display value="Mild Impact"/>
    <definition value="Some interference with daily activities"/>
  </concept>
  <concept>
    <code value="moderate"/>
    <display value="Moderate Impact"/>
    <definition value="Significant interference with daily activities"/>
  </concept>
  <concept>
    <code value="severe"/>
    <display value="Severe Impact"/>
    <definition value="Major interference with daily activities"/>
  </concept>
  <concept>
    <code value="extreme"/>
    <display value="Extreme Impact"/>
    <definition value="Unable to perform daily activities"/>
  </concept>
</CodeSystem>