<?xml version="1.0" encoding="UTF-8"?>

<CodeSystem xmlns="http://hl7.org/fhir">
  <id value="symptom-frequency-cs"/>
  <text>
    <status value="generated"/><div xmlns="http://www.w3.org/1999/xhtml"><p class="res-header-id"><b>Generated Narrative: CodeSystem symptom-frequency-cs</b></p><a name="symptom-frequency-cs"> </a><a name="hcsymptom-frequency-cs"> </a><a name="symptom-frequency-cs-en-US"> </a><p>This  code system <code>https://github.com/RicardoLSantos/shorthand/CodeSystem/symptom-frequency-cs</code> defines the following codes:</p><table class="codes"><tr><td style="white-space:nowrap"><b>Code</b></td><td><b>Display</b></td><td><b>Definition</b></td></tr><tr><td style="white-space:nowrap">rare<a name="symptom-frequency-cs-rare"> </a></td><td>Rare</td><td>Less than once per month</td></tr><tr><td style="white-space:nowrap">occasional<a name="symptom-frequency-cs-occasional"> </a></td><td>Occasional</td><td>Several times per month</td></tr><tr><td style="white-space:nowrap">frequent<a name="symptom-frequency-cs-frequent"> </a></td><td>Frequent</td><td>Several times per week</td></tr><tr><td style="white-space:nowrap">daily<a name="symptom-frequency-cs-daily"> </a></td><td>Daily</td><td>Once or more per day</td></tr><tr><td style="white-space:nowrap">constant<a name="symptom-frequency-cs-constant"> </a></td><td>Constant</td><td>Present most of the time</td></tr></table></div>
  </text>
  <url value="https://github.com/RicardoLSantos/shorthand/CodeSystem/symptom-frequency-cs"/>
  <version value="0.1.0"/>
  <name value="SymptomFrequencyCS"/>
  <title value="Symptom Frequency Code System"/>
  <status value="draft"/>
  <date value="2025-01-03T09:54:59+00:00"/>
  <publisher value="Ricardo Lourenço dos Santos"/>
  <contact>
    <name value="Ricardo Lourenço dos Santos"/>
    <telecom>
      <system value="url"/>
      <value value="https://linktr.ee/ricardolsantos"/>
    </telecom>
  </contact>
  <description value="Frequency patterns for symptoms"/>
  <content value="complete"/>
  <count value="5"/>
  <concept>
    <code value="rare"/>
    <display value="Rare"/>
    <definition value="Less than once per month"/>
  </concept>
  <concept>
    <code value="occasional"/>
    <display value="Occasional"/>
    <definition value="Several times per month"/>
  </concept>
  <concept>
    <code value="frequent"/>
    <display value="Frequent"/>
    <definition value="Several times per week"/>
  </concept>
  <concept>
    <code value="daily"/>
    <display value="Daily"/>
    <definition value="Once or more per day"/>
  </concept>
  <concept>
    <code value="constant"/>
    <display value="Constant"/>
    <definition value="Present most of the time"/>
  </concept>
</CodeSystem>