<?xml version="1.0" encoding="UTF-8"?>

<CodeSystem xmlns="http://hl7.org/fhir">
  <id value="exposure-conditions-cs"/>
  <text>
    <status value="generated"/><div xmlns="http://www.w3.org/1999/xhtml"><p class="res-header-id"><b>Generated Narrative: CodeSystem exposure-conditions-cs</b></p><a name="exposure-conditions-cs"> </a><a name="hcexposure-conditions-cs"> </a><a name="exposure-conditions-cs-en-US"> </a><p>This case-sensitive code system <code>https://github.com/RicardoLSantos/shorthand/CodeSystem/exposure-conditions-cs</code> defines the following codes:</p><table class="codes"><tr><td style="white-space:nowrap"><b>Code</b></td><td><b>Display</b></td><td><b>Definition</b></td></tr><tr><td style="white-space:nowrap">normal<a name="exposure-conditions-cs-normal"> </a></td><td>Normal conditions</td><td>Standard environmental conditions</td></tr><tr><td style="white-space:nowrap">extreme<a name="exposure-conditions-cs-extreme"> </a></td><td>Extreme conditions</td><td>Unusual or severe environmental conditions</td></tr><tr><td style="white-space:nowrap">controlled<a name="exposure-conditions-cs-controlled"> </a></td><td>Controlled environment</td><td>Environment with controlled conditions</td></tr><tr><td style="white-space:nowrap">variable<a name="exposure-conditions-cs-variable"> </a></td><td>Variable conditions</td><td>Changing environmental conditions</td></tr></table></div>
  </text>
  <url value="https://github.com/RicardoLSantos/shorthand/CodeSystem/exposure-conditions-cs"/>
  <version value="0.1.0"/>
  <name value="ExposureConditionsCS"/>
  <title value="Exposure Conditions Code System"/>
  <status value="draft"/>
  <experimental value="true"/>
  <date value="2025-01-14T13:24:18+00:00"/>
  <publisher value="Ricardo Lourenço dos Santos"/>
  <contact>
    <name value="Ricardo Lourenço dos Santos"/>
    <telecom>
      <system value="url"/>
      <value value="https://linktr.ee/ricardolsantos"/>
    </telecom>
  </contact>
  <description value="Code system for conditions during environmental exposure"/>
  <caseSensitive value="true"/>
  <content value="complete"/>
  <count value="4"/>
  <concept>
    <code value="normal"/>
    <display value="Normal conditions"/>
    <definition value="Standard environmental conditions"/>
  </concept>
  <concept>
    <code value="extreme"/>
    <display value="Extreme conditions"/>
    <definition value="Unusual or severe environmental conditions"/>
  </concept>
  <concept>
    <code value="controlled"/>
    <display value="Controlled environment"/>
    <definition value="Environment with controlled conditions"/>
  </concept>
  <concept>
    <code value="variable"/>
    <display value="Variable conditions"/>
    <definition value="Changing environmental conditions"/>
  </concept>
</CodeSystem>