<?xml version="1.0" encoding="UTF-8"?>

<CodeSystem xmlns="http://hl7.org/fhir">
  <id value="advanced-vital-signs-context-cs"/>
  <text>
    <status value="generated"/><div xmlns="http://www.w3.org/1999/xhtml"><p class="res-header-id"><b>Generated Narrative: CodeSystem advanced-vital-signs-context-cs</b></p><a name="advanced-vital-signs-context-cs"> </a><a name="hcadvanced-vital-signs-context-cs"> </a><a name="advanced-vital-signs-context-cs-en-US"> </a><p>This case-sensitive code system <code>https://github.com/RicardoLSantos/shorthand/CodeSystem/advanced-vital-signs-context-cs</code> defines the following codes:</p><table class="codes"><tr><td style="white-space:nowrap"><b>Code</b></td><td><b>Display</b></td><td><b>Definition</b></td></tr><tr><td style="white-space:nowrap">resting<a name="advanced-vital-signs-context-cs-resting"> </a></td><td>Resting state</td><td>Measurement taken during rest</td></tr><tr><td style="white-space:nowrap">active<a name="advanced-vital-signs-context-cs-active"> </a></td><td>Active state</td><td>Measurement taken during activity</td></tr><tr><td style="white-space:nowrap">recovery<a name="advanced-vital-signs-context-cs-recovery"> </a></td><td>Recovery state</td><td>Measurement taken during recovery</td></tr><tr><td style="white-space:nowrap">sleep<a name="advanced-vital-signs-context-cs-sleep"> </a></td><td>Sleep state</td><td>Measurement taken during sleep</td></tr><tr><td style="white-space:nowrap">stress<a name="advanced-vital-signs-context-cs-stress"> </a></td><td>Stress state</td><td>Measurement taken during stress</td></tr></table></div>
  </text>
  <url value="https://github.com/RicardoLSantos/shorthand/CodeSystem/advanced-vital-signs-context-cs"/>
  <version value="0.1.0"/>
  <name value="AdvancedVitalSignsContextCS"/>
  <title value="Advanced Vital Signs Context Code System"/>
  <status value="draft"/>
  <experimental value="true"/>
  <date value="2025-01-04T21:28:42+00:00"/>
  <publisher value="Ricardo Lourenço dos Santos"/>
  <contact>
    <name value="Ricardo Lourenço dos Santos"/>
    <telecom>
      <system value="url"/>
      <value value="https://linktr.ee/ricardolsantos"/>
    </telecom>
  </contact>
  <description value="Codes for advanced vital signs measurement context"/>
  <caseSensitive value="true"/>
  <content value="complete"/>
  <count value="5"/>
  <concept>
    <code value="resting"/>
    <display value="Resting state"/>
    <definition value="Measurement taken during rest"/>
  </concept>
  <concept>
    <code value="active"/>
    <display value="Active state"/>
    <definition value="Measurement taken during activity"/>
  </concept>
  <concept>
    <code value="recovery"/>
    <display value="Recovery state"/>
    <definition value="Measurement taken during recovery"/>
  </concept>
  <concept>
    <code value="sleep"/>
    <display value="Sleep state"/>
    <definition value="Measurement taken during sleep"/>
  </concept>
  <concept>
    <code value="stress"/>
    <display value="Stress state"/>
    <definition value="Measurement taken during stress"/>
  </concept>
</CodeSystem>