<?xml version="1.0" encoding="UTF-8"?>

<CodeSystem xmlns="http://hl7.org/fhir">
  <id value="mood"/>
  <text>
    <status value="generated"/><div xmlns="http://www.w3.org/1999/xhtml"><p class="res-header-id"><b>Generated Narrative: CodeSystem mood</b></p><a name="mood"> </a><a name="hcmood"> </a><a name="mood-en-US"> </a><p>This case-sensitive code system <code>http://example.org/fhir/CodeSystem/mood</code> defines the following codes:</p><table class="codes"><tr><td style="white-space:nowrap"><b>Code</b></td><td><b>Display</b></td><td><b>Definition</b></td></tr><tr><td style="white-space:nowrap">elevated<a name="mood-elevated"> </a></td><td>Elevated</td><td>Mood is higher than normal</td></tr><tr><td style="white-space:nowrap">neutral<a name="mood-neutral"> </a></td><td>Neutral</td><td>Neither elevated nor depressed mood</td></tr><tr><td style="white-space:nowrap">depressed<a name="mood-depressed"> </a></td><td>Depressed</td><td>Mood is lower than normal</td></tr><tr><td style="white-space:nowrap">anxious<a name="mood-anxious"> </a></td><td>Anxious</td><td>Feeling worried or nervous</td></tr><tr><td style="white-space:nowrap">irritable<a name="mood-irritable"> </a></td><td>Irritable</td><td>Easily annoyed or angered</td></tr><tr><td style="white-space:nowrap">calm<a name="mood-calm"> </a></td><td>Calm</td><td>Feeling peaceful and relaxed</td></tr></table></div>
  </text>
  <url value="http://example.org/fhir/CodeSystem/mood"/>
  <version value="0.1.0"/>
  <name value="MoodCodeSystem"/>
  <title value="Mood Code System"/>
  <status value="active"/>
  <date value="2025-01-02T19:32:36+00:00"/>
  <publisher value="Ricardo Lourenço dos Santos"/>
  <contact>
    <name value="Ricardo Lourenço dos Santos"/>
    <telecom>
      <system value="url"/>
      <value value="https://linktr.ee/ricardolsantos"/>
    </telecom>
  </contact>
  <description value="Code system for mood states"/>
  <caseSensitive value="true"/>
  <content value="complete"/>
  <count value="6"/>
  <concept>
    <code value="elevated"/>
    <display value="Elevated"/>
    <definition value="Mood is higher than normal"/>
  </concept>
  <concept>
    <code value="neutral"/>
    <display value="Neutral"/>
    <definition value="Neither elevated nor depressed mood"/>
  </concept>
  <concept>
    <code value="depressed"/>
    <display value="Depressed"/>
    <definition value="Mood is lower than normal"/>
  </concept>
  <concept>
    <code value="anxious"/>
    <display value="Anxious"/>
    <definition value="Feeling worried or nervous"/>
  </concept>
  <concept>
    <code value="irritable"/>
    <display value="Irritable"/>
    <definition value="Easily annoyed or angered"/>
  </concept>
  <concept>
    <code value="calm"/>
    <display value="Calm"/>
    <definition value="Feeling peaceful and relaxed"/>
  </concept>
</CodeSystem>