<?xml version="1.0" encoding="UTF-8"?>

<CodeSystem xmlns="http://hl7.org/fhir">
  <id value="stress-chronicity-cs"/>
  <text>
    <status value="generated"/><div xmlns="http://www.w3.org/1999/xhtml"><p class="res-header-id"><b>Generated Narrative: CodeSystem stress-chronicity-cs</b></p><a name="stress-chronicity-cs"> </a><a name="hcstress-chronicity-cs"> </a><a name="stress-chronicity-cs-en-US"> </a><p>This  code system <code>https://github.com/RicardoLSantos/shorthand/CodeSystem/stress-chronicity-cs</code> defines the following codes:</p><table class="codes"><tr><td style="white-space:nowrap"><b>Code</b></td><td><b>Display</b></td><td><b>Definition</b></td></tr><tr><td style="white-space:nowrap">acute<a name="stress-chronicity-cs-acute"> </a></td><td>Acute</td><td>Short-term stress response</td></tr><tr><td style="white-space:nowrap">subacute<a name="stress-chronicity-cs-subacute"> </a></td><td>Subacute</td><td>Medium-term stress response</td></tr><tr><td style="white-space:nowrap">chronic<a name="stress-chronicity-cs-chronic"> </a></td><td>Chronic</td><td>Long-term stress response</td></tr><tr><td style="white-space:nowrap">episodic<a name="stress-chronicity-cs-episodic"> </a></td><td>Episodic</td><td>Recurring stress episodes</td></tr><tr><td style="white-space:nowrap">persistent<a name="stress-chronicity-cs-persistent"> </a></td><td>Persistent</td><td>Continuous stress state</td></tr></table></div>
  </text>
  <url value="https://github.com/RicardoLSantos/shorthand/CodeSystem/stress-chronicity-cs"/>
  <version value="0.1.0"/>
  <name value="StressChronicityCS"/>
  <title value="Stress Chronicity Code System"/>
  <status value="draft"/>
  <date value="2025-01-04T21:28:42+00:00"/>
  <publisher value="Ricardo Lourenço dos Santos"/>
  <contact>
    <name value="Ricardo Lourenço dos Santos"/>
    <telecom>
      <system value="url"/>
      <value value="https://linktr.ee/ricardolsantos"/>
    </telecom>
  </contact>
  <description value="Code system for stress chronicity classification"/>
  <content value="complete"/>
  <count value="5"/>
  <concept>
    <code value="acute"/>
    <display value="Acute"/>
    <definition value="Short-term stress response"/>
  </concept>
  <concept>
    <code value="subacute"/>
    <display value="Subacute"/>
    <definition value="Medium-term stress response"/>
  </concept>
  <concept>
    <code value="chronic"/>
    <display value="Chronic"/>
    <definition value="Long-term stress response"/>
  </concept>
  <concept>
    <code value="episodic"/>
    <display value="Episodic"/>
    <definition value="Recurring stress episodes"/>
  </concept>
  <concept>
    <code value="persistent"/>
    <display value="Persistent"/>
    <definition value="Continuous stress state"/>
  </concept>
</CodeSystem>