<?xml version="1.0" encoding="UTF-8"?>

<CodeSystem xmlns="http://hl7.org/fhir">
  <id value="stress-triggers-cs"/>
  <text>
    <status value="generated"/><div xmlns="http://www.w3.org/1999/xhtml"><p class="res-header-id"><b>Generated Narrative: CodeSystem stress-triggers-cs</b></p><a name="stress-triggers-cs"> </a><a name="hcstress-triggers-cs"> </a><a name="stress-triggers-cs-en-US"> </a><p>This  code system <code>https://github.com/RicardoLSantos/shorthand/CodeSystem/stress-triggers-cs</code> defines the following codes:</p><table class="codes"><tr><td style="white-space:nowrap"><b>Code</b></td><td><b>Display</b></td><td><b>Definition</b></td></tr><tr><td style="white-space:nowrap">work<a name="stress-triggers-cs-work"> </a></td><td>Work-related</td><td>Stress from work or professional activities</td></tr><tr><td style="white-space:nowrap">financial<a name="stress-triggers-cs-financial"> </a></td><td>Financial</td><td>Financial-related stress</td></tr><tr><td style="white-space:nowrap">relationships<a name="stress-triggers-cs-relationships"> </a></td><td>Relationships</td><td>Stress from personal relationships</td></tr><tr><td style="white-space:nowrap">health<a name="stress-triggers-cs-health"> </a></td><td>Health</td><td>Health-related concerns</td></tr><tr><td style="white-space:nowrap">environment<a name="stress-triggers-cs-environment"> </a></td><td>Environmental</td><td>Environmental factors</td></tr><tr><td style="white-space:nowrap">time<a name="stress-triggers-cs-time"> </a></td><td>Time Management</td><td>Time pressure and deadlines</td></tr><tr><td style="white-space:nowrap">change<a name="stress-triggers-cs-change"> </a></td><td>Life Changes</td><td>Major life changes or transitions</td></tr></table></div>
  </text>
  <url value="https://github.com/RicardoLSantos/shorthand/CodeSystem/stress-triggers-cs"/>
  <version value="0.1.0"/>
  <name value="StressTriggersCS"/>
  <title value="Stress Triggers Code System"/>
  <status value="draft"/>
  <date value="2025-01-14T13:24:18+00:00"/>
  <publisher value="Ricardo Lourenço dos Santos"/>
  <contact>
    <name value="Ricardo Lourenço dos Santos"/>
    <telecom>
      <system value="url"/>
      <value value="https://linktr.ee/ricardolsantos"/>
    </telecom>
  </contact>
  <description value="Code system for common stress triggers"/>
  <content value="complete"/>
  <count value="7"/>
  <concept>
    <code value="work"/>
    <display value="Work-related"/>
    <definition value="Stress from work or professional activities"/>
  </concept>
  <concept>
    <code value="financial"/>
    <display value="Financial"/>
    <definition value="Financial-related stress"/>
  </concept>
  <concept>
    <code value="relationships"/>
    <display value="Relationships"/>
    <definition value="Stress from personal relationships"/>
  </concept>
  <concept>
    <code value="health"/>
    <display value="Health"/>
    <definition value="Health-related concerns"/>
  </concept>
  <concept>
    <code value="environment"/>
    <display value="Environmental"/>
    <definition value="Environmental factors"/>
  </concept>
  <concept>
    <code value="time"/>
    <display value="Time Management"/>
    <definition value="Time pressure and deadlines"/>
  </concept>
  <concept>
    <code value="change"/>
    <display value="Life Changes"/>
    <definition value="Major life changes or transitions"/>
  </concept>
</CodeSystem>