<?xml version="1.0" encoding="UTF-8"?>

<CodeSystem xmlns="http://hl7.org/fhir">
  <id value="symptom-severity-cs"/>
  <text>
    <status value="generated"/><div xmlns="http://www.w3.org/1999/xhtml"><p class="res-header-id"><b>Generated Narrative: CodeSystem symptom-severity-cs</b></p><a name="symptom-severity-cs"> </a><a name="hcsymptom-severity-cs"> </a><a name="symptom-severity-cs-en-US"> </a><p>This  code system <code>https://github.com/RicardoLSantos/shorthand/CodeSystem/symptom-severity-cs</code> defines the following codes:</p><table class="codes"><tr><td style="white-space:nowrap"><b>Code</b></td><td><b>Display</b></td><td><b>Definition</b></td></tr><tr><td style="white-space:nowrap">1-3<a name="symptom-severity-cs-1-3"> </a></td><td>Light</td><td>Symptom barely noticeable</td></tr><tr><td style="white-space:nowrap">4-6<a name="symptom-severity-cs-4-6"> </a></td><td>Mild</td><td>Symptom noticeable but not interfering with daily activities</td></tr><tr><td style="white-space:nowrap">7-8<a name="symptom-severity-cs-7-8"> </a></td><td>Intense</td><td>Symptom interfering with daily activities</td></tr><tr><td style="white-space:nowrap">9-10<a name="symptom-severity-cs-9-10"> </a></td><td>Severe</td><td>Symptom preventing daily activities</td></tr></table></div>
  </text>
  <url value="https://github.com/RicardoLSantos/shorthand/CodeSystem/symptom-severity-cs"/>
  <version value="0.1.0"/>
  <name value="SymptomSeverityCS"/>
  <title value="Symptom Severity Code System"/>
  <status value="draft"/>
  <date value="2025-01-03T09:54:59+00:00"/>
  <publisher value="Ricardo Lourenço dos Santos"/>
  <contact>
    <name value="Ricardo Lourenço dos Santos"/>
    <telecom>
      <system value="url"/>
      <value value="https://linktr.ee/ricardolsantos"/>
    </telecom>
  </contact>
  <description value="Severity levels for symptoms"/>
  <content value="complete"/>
  <count value="4"/>
  <concept>
    <code value="1-3"/>
    <display value="Light"/>
    <definition value="Symptom barely noticeable"/>
  </concept>
  <concept>
    <code value="4-6"/>
    <display value="Mild"/>
    <definition value="Symptom noticeable but not interfering with daily activities"/>
  </concept>
  <concept>
    <code value="7-8"/>
    <display value="Intense"/>
    <definition value="Symptom interfering with daily activities"/>
  </concept>
  <concept>
    <code value="9-10"/>
    <display value="Severe"/>
    <definition value="Symptom preventing daily activities"/>
  </concept>
</CodeSystem>