<?xml version="1.0" encoding="UTF-8"?>

<CodeSystem xmlns="http://hl7.org/fhir">
  <id value="audit-levels"/>
  <text>
    <status value="generated"/><div xmlns="http://www.w3.org/1999/xhtml"><p class="res-header-id"><b>Generated Narrative: CodeSystem audit-levels</b></p><a name="audit-levels"> </a><a name="hcaudit-levels"> </a><a name="audit-levels-en-US"> </a><p>This case-sensitive code system <code>http://example.org/fhir/CodeSystem/audit-levels</code> defines the following codes:</p><table class="codes"><tr><td style="white-space:nowrap"><b>Code</b></td><td><b>Display</b></td></tr><tr><td style="white-space:nowrap">low<a name="audit-levels-low"> </a></td><td>Low Level</td></tr><tr><td style="white-space:nowrap">medium<a name="audit-levels-medium"> </a></td><td>Medium Level</td></tr><tr><td style="white-space:nowrap">high<a name="audit-levels-high"> </a></td><td>High Level</td></tr></table></div>
  </text>
  <url value="http://example.org/fhir/CodeSystem/audit-levels"/>
  <version value="0.1.0"/>
  <name value="AuditLevelsCodeSystem"/>
  <title value="Audit Levels Code System"/>
  <status value="active"/>
  <experimental value="false"/>
  <date value="2025-01-24T12:30:11+00:00"/>
  <publisher value="Ricardo Lourenço dos Santos"/>
  <contact>
    <name value="Ricardo Lourenço dos Santos"/>
    <telecom>
      <system value="url"/>
      <value value="https://linktr.ee/ricardolsantos"/>
    </telecom>
  </contact>
  <description value="Code system for audit level types"/>
  <caseSensitive value="true"/>
  <content value="complete"/>
  <count value="3"/>
  <concept>
    <code value="low"/>
    <display value="Low Level"/>
  </concept>
  <concept>
    <code value="medium"/>
    <display value="Medium Level"/>
  </concept>
  <concept>
    <code value="high"/>
    <display value="High Level"/>
  </concept>
</CodeSystem>