<?xml version="1.0" encoding="UTF-8"?>

<CodeSystem xmlns="http://hl7.org/fhir">
  <id value="mindfulness-outcome-cs"/>
  <text>
    <status value="generated"/><div xmlns="http://www.w3.org/1999/xhtml"><p class="res-header-id"><b>Generated Narrative: CodeSystem mindfulness-outcome-cs</b></p><a name="mindfulness-outcome-cs"> </a><a name="hcmindfulness-outcome-cs"> </a><a name="mindfulness-outcome-cs-en-US"> </a><p>This case-sensitive code system <code>https://github.com/RicardoLSantos/shorthand/CodeSystem/mindfulness-outcome-cs</code> defines the following codes:</p><table class="codes"><tr><td style="white-space:nowrap"><b>Code</b></td><td><b>Display</b></td><td><b>Definition</b></td></tr><tr><td style="white-space:nowrap">increasedAwareness<a name="mindfulness-outcome-cs-increasedAwareness"> </a></td><td>Increased Awareness</td><td>Greater awareness of thoughts and sensations</td></tr><tr><td style="white-space:nowrap">improvedFocus<a name="mindfulness-outcome-cs-improvedFocus"> </a></td><td>Improved Focus</td><td>Enhanced ability to concentrate</td></tr><tr><td style="white-space:nowrap">stressReduction<a name="mindfulness-outcome-cs-stressReduction"> </a></td><td>Stress Reduction</td><td>Decreased levels of stress and tension</td></tr><tr><td style="white-space:nowrap">emotionalBalance<a name="mindfulness-outcome-cs-emotionalBalance"> </a></td><td>Emotional Balance</td><td>Better emotional regulation</td></tr><tr><td style="white-space:nowrap">improvedSleep<a name="mindfulness-outcome-cs-improvedSleep"> </a></td><td>Improved Sleep</td><td>Enhanced sleep quality</td></tr></table></div>
  </text>
  <url value="https://github.com/RicardoLSantos/shorthand/CodeSystem/mindfulness-outcome-cs"/>
  <version value="0.1.0"/>
  <name value="MindfulnessOutcomeCS"/>
  <title value="Mindfulness Outcomes"/>
  <status value="draft"/>
  <experimental value="false"/>
  <date value="2025-01-04T21:28:42+00:00"/>
  <publisher value="Ricardo Lourenço dos Santos"/>
  <contact>
    <name value="Ricardo Lourenço dos Santos"/>
    <telecom>
      <system value="url"/>
      <value value="https://linktr.ee/ricardolsantos"/>
    </telecom>
  </contact>
  <description value="Outcomes and effects of mindfulness practice"/>
  <caseSensitive value="true"/>
  <content value="complete"/>
  <count value="5"/>
  <concept>
    <code value="increasedAwareness"/>
    <display value="Increased Awareness"/>
    <definition value="Greater awareness of thoughts and sensations"/>
  </concept>
  <concept>
    <code value="improvedFocus"/>
    <display value="Improved Focus"/>
    <definition value="Enhanced ability to concentrate"/>
  </concept>
  <concept>
    <code value="stressReduction"/>
    <display value="Stress Reduction"/>
    <definition value="Decreased levels of stress and tension"/>
  </concept>
  <concept>
    <code value="emotionalBalance"/>
    <display value="Emotional Balance"/>
    <definition value="Better emotional regulation"/>
  </concept>
  <concept>
    <code value="improvedSleep"/>
    <display value="Improved Sleep"/>
    <definition value="Enhanced sleep quality"/>
  </concept>
</CodeSystem>