<?xml version="1.0" encoding="UTF-8"?>

<CodeSystem xmlns="http://hl7.org/fhir">
  <id value="reproductive-activity-cs"/>
  <text>
    <status value="generated"/><div xmlns="http://www.w3.org/1999/xhtml"><p class="res-header-id"><b>Generated Narrative: CodeSystem reproductive-activity-cs</b></p><a name="reproductive-activity-cs"> </a><a name="hcreproductive-activity-cs"> </a><a name="reproductive-activity-cs-en-US"> </a><p>This case-sensitive code system <code>https://github.com/RicardoLSantos/shorthand/CodeSystem/reproductive-activity-cs</code> defines the following codes:</p><table class="codes"><tr><td style="white-space:nowrap"><b>Code</b></td><td><b>Display</b></td><td><b>Definition</b></td></tr><tr><td style="white-space:nowrap">cycle-tracking<a name="reproductive-activity-cs-cycle-tracking"> </a></td><td>Cycle Tracking</td><td>Track menstrual cycle dates and characteristics</td></tr><tr><td style="white-space:nowrap">temp-monitoring<a name="reproductive-activity-cs-temp-monitoring"> </a></td><td>Temperature Monitoring</td><td>Monitor basal body temperature</td></tr><tr><td style="white-space:nowrap">symptom-tracking<a name="reproductive-activity-cs-symptom-tracking"> </a></td><td>Symptom Tracking</td><td>Track reproductive health symptoms</td></tr><tr><td style="white-space:nowrap">vitals-monitoring<a name="reproductive-activity-cs-vitals-monitoring"> </a></td><td>Vitals Monitoring</td><td>Monitor vital signs related to reproductive health</td></tr><tr><td style="white-space:nowrap">fertility-signs<a name="reproductive-activity-cs-fertility-signs"> </a></td><td>Fertility Signs</td><td>Monitor fertility signs and indicators</td></tr><tr><td style="white-space:nowrap">mood-tracking<a name="reproductive-activity-cs-mood-tracking"> </a></td><td>Mood Tracking</td><td>Track mood changes related to reproductive cycle</td></tr><tr><td style="white-space:nowrap">medication-log<a name="reproductive-activity-cs-medication-log"> </a></td><td>Medication Log</td><td>Log reproductive health medications</td></tr><tr><td style="white-space:nowrap">exercise-tracking<a name="reproductive-activity-cs-exercise-tracking"> </a></td><td>Exercise Tracking</td><td>Track physical activity during cycle</td></tr></table></div>
  </text>
  <url value="https://github.com/RicardoLSantos/shorthand/CodeSystem/reproductive-activity-cs"/>
  <version value="0.1.0"/>
  <name value="ReproductiveActivityCS"/>
  <title value="Reproductive Health Activities Code System"/>
  <status value="active"/>
  <experimental value="false"/>
  <date value="2025-01-04T21:28:42+00:00"/>
  <publisher value="Ricardo Lourenço dos Santos"/>
  <contact>
    <name value="Ricardo Lourenço dos Santos"/>
    <telecom>
      <system value="url"/>
      <value value="https://linktr.ee/ricardolsantos"/>
    </telecom>
  </contact>
  <description value="Code system for reproductive health monitoring activities"/>
  <caseSensitive value="true"/>
  <content value="complete"/>
  <count value="8"/>
  <concept>
    <code value="cycle-tracking"/>
    <display value="Cycle Tracking"/>
    <definition value="Track menstrual cycle dates and characteristics"/>
  </concept>
  <concept>
    <code value="temp-monitoring"/>
    <display value="Temperature Monitoring"/>
    <definition value="Monitor basal body temperature"/>
  </concept>
  <concept>
    <code value="symptom-tracking"/>
    <display value="Symptom Tracking"/>
    <definition value="Track reproductive health symptoms"/>
  </concept>
  <concept>
    <code value="vitals-monitoring"/>
    <display value="Vitals Monitoring"/>
    <definition value="Monitor vital signs related to reproductive health"/>
  </concept>
  <concept>
    <code value="fertility-signs"/>
    <display value="Fertility Signs"/>
    <definition value="Monitor fertility signs and indicators"/>
  </concept>
  <concept>
    <code value="mood-tracking"/>
    <display value="Mood Tracking"/>
    <definition value="Track mood changes related to reproductive cycle"/>
  </concept>
  <concept>
    <code value="medication-log"/>
    <display value="Medication Log"/>
    <definition value="Log reproductive health medications"/>
  </concept>
  <concept>
    <code value="exercise-tracking"/>
    <display value="Exercise Tracking"/>
    <definition value="Track physical activity during cycle"/>
  </concept>
</CodeSystem>