<?xml version="1.0" encoding="UTF-8"?>

<Device xmlns="http://hl7.org/fhir">
  <id value="EnvironmentalDeviceExample"/>
  <text>
    <status value="generated"/><div xmlns="http://www.w3.org/1999/xhtml"><p class="res-header-id"><b>Narrativa gerada: Device EnvironmentalDeviceExample</b></p><a name="EnvironmentalDeviceExample"> </a><a name="hcEnvironmentalDeviceExample"> </a><p><b>identifier</b>: <code>urn:oid:2.16.840.1.113883.3.4.5.4</code>/iPhone-ENV-001</p><p><b>status</b>: Active</p><p><b>manufacturer</b>: Apple Inc.</p><p><b>modelNumber</b>: iPhone 15 Pro</p><p><b>type</b>: <span title="Códigos:{https://2rdoc.pt/ig/ios-lifestyle-medicine/CodeSystem/lifestyle-observation-cs environmental-sensor}">Environmental sensor device</span></p></div>
  </text>
  <identifier>
    <system value="urn:oid:2.16.840.1.113883.3.4.5.4"/>
    <value value="iPhone-ENV-001"/>
  </identifier>
  <status value="active"/>
  <manufacturer value="Apple Inc."/>
  <modelNumber value="iPhone 15 Pro"/>
  <type>
    <coding>
      <system value="https://2rdoc.pt/ig/ios-lifestyle-medicine/CodeSystem/lifestyle-observation-cs"/>
      <code value="environmental-sensor"/>
      <display value="Environmental sensor device"/>
    </coding>
  </type>
</Device>