<?xml version="1.0" encoding="UTF-8"?>

<Device xmlns="http://hl7.org/fhir">
  <id value="DevicePulseOximeter"/>
  <text>
    <status value="generated"/><div xmlns="http://www.w3.org/1999/xhtml"><p class="res-header-id"><b>Narrativa gerada: Device DevicePulseOximeter</b></p><a name="DevicePulseOximeter"> </a><a name="hcDevicePulseOximeter"> </a><p><b>manufacturer</b>: HealthTech Devices</p><h3>DeviceNames</h3><table class="grid"><tr><td style="display: none">-</td><td><b>Name</b></td><td><b>Type</b></td></tr><tr><td style="display: none">*</td><td>Digital Pulse Oximeter</td><td>User Friendly name</td></tr></table><p><b>modelNumber</b>: POX-2024</p><p><b>type</b>: <span title="Códigos:{http://snomed.info/sct 448703006}">Pulse oximeter</span></p></div>
  </text>
  <manufacturer value="HealthTech Devices"/>
  <deviceName>
    <name value="Digital Pulse Oximeter"/>
    <type value="user-friendly-name"/>
  </deviceName>
  <modelNumber value="POX-2024"/>
  <type>
    <coding>
      <system value="http://snomed.info/sct"/>
      <code value="448703006"/>
      <display value="Pulse oximeter"/>
    </coding>
  </type>
</Device>