<?xml version="1.0" encoding="UTF-8"?>

<Device xmlns="http://hl7.org/fhir">
  <id value="DeviceHeartRateMonitor"/>
  <text>
    <status value="generated"/><div xmlns="http://www.w3.org/1999/xhtml"><p class="res-header-id"><b>Narrativa gerada: Device DeviceHeartRateMonitor</b></p><a name="DeviceHeartRateMonitor"> </a><a name="hcDeviceHeartRateMonitor"> </a><p><b>manufacturer</b>: HealthTech Devices</p><h3>DeviceNames</h3><table class="grid"><tr><td style="display: none">-</td><td><b>Name</b></td><td><b>Type</b></td></tr><tr><td style="display: none">*</td><td>Continuous Heart Rate Monitor</td><td>User Friendly name</td></tr></table><p><b>modelNumber</b>: HRM-2024</p><p><b>type</b>: <span title="Códigos:{http://snomed.info/sct 364075005}">Heart rate</span></p></div>
  </text>
  <manufacturer value="HealthTech Devices"/>
  <deviceName>
    <name value="Continuous Heart Rate Monitor"/>
    <type value="user-friendly-name"/>
  </deviceName>
  <modelNumber value="HRM-2024"/>
  <type>
    <coding>
      <system value="http://snomed.info/sct"/>
      <code value="364075005"/>
      <display value="Heart rate"/>
    </coding>
  </type>
</Device>