<?xml version="1.0" encoding="UTF-8"?>

<Device xmlns="http://hl7.org/fhir">
  <id value="SmartScale"/>
  <text>
    <status value="generated"/><div xmlns="http://www.w3.org/1999/xhtml"><p class="res-header-id"><b>Generated Narrative: Device SmartScale</b></p><a name="SmartScale"> </a><a name="hcSmartScale"> </a><a name="SmartScale-en-US"> </a><p><b>manufacturer</b>: HealthTech Devices</p><h3>DeviceNames</h3><table class="grid"><tr><td style="display: none">-</td><td><b>Name</b></td><td><b>Type</b></td></tr><tr><td style="display: none">*</td><td>Smart Body Analyzer</td><td>User Friendly name</td></tr></table><p><b>modelNumber</b>: SBA-2024</p><p><b>type</b>: <span title="Codes:{http://snomed.info/sct 469576000}">Digital scale device</span></p></div>
  </text>
  <manufacturer value="HealthTech Devices"/>
  <deviceName>
    <name value="Smart Body Analyzer"/>
    <type value="user-friendly-name"/>
  </deviceName>
  <modelNumber value="SBA-2024"/>
  <type>
    <coding>
      <system value="http://snomed.info/sct"/>
      <code value="469576000"/>
      <display value="Digital scale device"/>
    </coding>
  </type>
</Device>