<?xml version="1.0" encoding="UTF-8"?>

<Device xmlns="http://hl7.org/fhir">
  <id value="DeviceBloodPressureMonitor"/>
  <text>
    <status value="generated"/><div xmlns="http://www.w3.org/1999/xhtml"><p class="res-header-id"><b>Narrativa gerada: Device DeviceBloodPressureMonitor</b></p><a name="DeviceBloodPressureMonitor"> </a><a name="hcDeviceBloodPressureMonitor"> </a><p><b>manufacturer</b>: HealthTech Devices</p><h3>DeviceNames</h3><table class="grid"><tr><td style="display: none">-</td><td><b>Name</b></td><td><b>Type</b></td></tr><tr><td style="display: none">*</td><td>Digital Blood Pressure Monitor</td><td>User Friendly name</td></tr></table><p><b>modelNumber</b>: BPM-2024</p><p><b>type</b>: <span title="Códigos:{http://snomed.info/sct 258057004}">Non-invasive blood pressure monitor</span></p></div>
  </text>
  <manufacturer value="HealthTech Devices"/>
  <deviceName>
    <name value="Digital Blood Pressure Monitor"/>
    <type value="user-friendly-name"/>
  </deviceName>
  <modelNumber value="BPM-2024"/>
  <type>
    <coding>
      <system value="http://snomed.info/sct"/>
      <code value="258057004"/>
      <display value="Non-invasive blood pressure monitor"/>
    </coding>
  </type>
</Device>