<?xml version="1.0" encoding="UTF-8"?>

<Device xmlns="http://hl7.org/fhir">
  <id value="OuraRingDevice"/>
  <text>
    <status value="generated"/><div xmlns="http://www.w3.org/1999/xhtml"><p class="res-header-id"><b>Narrativa gerada: Device OuraRingDevice</b></p><a name="OuraRingDevice"> </a><a name="hcOuraRingDevice"> </a><p><b>manufacturer</b>: Oura Health Oy</p><h3>DeviceNames</h3><table class="grid"><tr><td style="display: none">-</td><td><b>Name</b></td><td><b>Type</b></td></tr><tr><td style="display: none">*</td><td>Oura Ring Generation 3</td><td>User Friendly name</td></tr></table><p><b>modelNumber</b>: Gen 3</p></div>
  </text>
  <manufacturer value="Oura Health Oy"/>
  <deviceName>
    <name value="Oura Ring Generation 3"/>
    <type value="user-friendly-name"/>
  </deviceName>
  <modelNumber value="Gen 3"/>
</Device>