<?xml version="1.0" encoding="UTF-8"?>

<Device xmlns="http://hl7.org/fhir">
  <id value="HealthKitDevice"/>
  <text>
    <status value="generated"/><div xmlns="http://www.w3.org/1999/xhtml"><p class="res-header-id"><b>Narrativa gerada: Device HealthKitDevice</b></p><a name="HealthKitDevice"> </a><a name="hcHealthKitDevice"> </a><p><b>status</b>: Active</p><p><b>manufacturer</b>: Apple Inc.</p><h3>DeviceNames</h3><table class="grid"><tr><td style="display: none">-</td><td><b>Name</b></td><td><b>Type</b></td></tr><tr><td style="display: none">*</td><td>Apple HealthKit</td><td>User Friendly name</td></tr></table><p><b>type</b>: <span title="Códigos:">Health Data Platform</span></p><h3>Versions</h3><table class="grid"><tr><td style="display: none">-</td><td><b>Value</b></td></tr><tr><td style="display: none">*</td><td>iOS 17.2</td></tr></table></div>
  </text>
  <status value="active"/>
  <manufacturer value="Apple Inc."/>
  <deviceName>
    <name value="Apple HealthKit"/>
    <type value="user-friendly-name"/>
  </deviceName>
  <type>
    <text value="Health Data Platform"/>
  </type>
  <version>
    <value value="iOS 17.2"/>
  </version>
</Device>