<?xml version="1.0" encoding="UTF-8"?>

<Device xmlns="http://hl7.org/fhir">
  <id value="AppleWatchDevice"/>
  <text>
    <status value="generated"/><div xmlns="http://www.w3.org/1999/xhtml"><p class="res-header-id"><b>Narrativa gerada: Device AppleWatchDevice</b></p><a name="AppleWatchDevice"> </a><a name="hcAppleWatchDevice"> </a><p><b>status</b>: Active</p><p><b>manufacturer</b>: Apple Inc.</p><p><b>serialNumber</b>: DNPXYZ123456</p><h3>DeviceNames</h3><table class="grid"><tr><td style="display: none">-</td><td><b>Name</b></td><td><b>Type</b></td></tr><tr><td style="display: none">*</td><td>Apple Watch Series 9</td><td>User Friendly name</td></tr></table><p><b>modelNumber</b>: A2978</p><p><b>type</b>: <span title="Códigos:{http://snomed.info/sct 469801002}">Pulse oximeter</span></p><h3>Versions</h3><table class="grid"><tr><td style="display: none">-</td><td><b>Value</b></td></tr><tr><td style="display: none">*</td><td>watchOS 10.2</td></tr></table><h3>Properties</h3><table class="grid"><tr><td style="display: none">-</td><td><b>Type</b></td><td><b>ValueCode</b></td></tr><tr><td style="display: none">*</td><td><span title="Códigos:">Sensor Type</span></td><td><span title="Códigos:{https://2rdoc.pt/ig/ios-lifestyle-medicine/CodeSystem/wearable-sensor-type-cs ppg}">Photoplethysmography (PPG)</span></td></tr></table></div>
  </text>
  <status value="active"/>
  <manufacturer value="Apple Inc."/>
  <serialNumber value="DNPXYZ123456"/>
  <deviceName>
    <name value="Apple Watch Series 9"/>
    <type value="user-friendly-name"/>
  </deviceName>
  <modelNumber value="A2978"/>
  <type>
    <coding>
      <system value="http://snomed.info/sct"/>
      <code value="469801002"/>
      <display value="Pulse oximeter"/>
    </coding>
  </type>
  <version>
    <value value="watchOS 10.2"/>
  </version>
  <property>
    <type>
      <text value="Sensor Type"/>
    </type>
    <valueCode>
      <coding>
        <system value="https://2rdoc.pt/ig/ios-lifestyle-medicine/CodeSystem/wearable-sensor-type-cs"/>
        <code value="ppg"/>
        <display value="Photoplethysmography (PPG)"/>
      </coding>
    </valueCode>
  </property>
</Device>