<?xml version="1.0" encoding="UTF-8"?>

<MessageDefinition xmlns="http://hl7.org/fhir">
  <id value="StartSessionMessage"/>
  <meta>
    <profile value="https://2rdoc.pt/ig/ios-lifestyle-medicine/StructureDefinition/mindfulness-message-definition"/>
  </meta>
  <text>
    <status value="generated"/><div xmlns="http://www.w3.org/1999/xhtml"><p class="res-header-id"><b>Narrativa gerada: MessageDefinition StartSessionMessage</b></p><a name="StartSessionMessage"> </a><a name="hcStartSessionMessage"> </a><div style="display: inline-block; background-color: #d9e0e7; padding: 6px; margin: 4px; border: 1px solid #8da1b4; border-radius: 5px; line-height: 60%"><p style="margin-bottom: 0px"/><p style="margin-bottom: 0px">Perfil: <a href="StructureDefinition-mindfulness-message-definition.html">Mindfulness Message Definition</a></p></div><p><b>url</b>: <a href="MessageDefinition-StartSessionMessage.html">MessageDefinition: url = https://2rdoc.pt/fhir/MessageDefinition/start-session; version = 0.1.0; status = active; date = 2024-03-19; publisher = Ricardo Lourenço dos Santos; contact = Ricardo Lourenço dos Santos (https://linktr.ee/ricardolsantos); jurisdiction = ; copyright = ; event[x] = Session Start (mindfulness-message-events#session-start); category = notification</a></p><p><b>version</b>: 0.1.0</p><p><b>status</b>: Active</p><p><b>date</b>: 2024-03-19</p><p><b>publisher</b>: Ricardo Lourenço dos Santos</p><p><b>contact</b>: Ricardo Lourenço dos Santos: <a href="https://linktr.ee/ricardolsantos">https://linktr.ee/ricardolsantos</a></p><p><b>event</b>: mindfulness-message-events session-start: Session Start</p><p><b>category</b>: Notification</p><h3>Focus</h3><table class="grid"><tr><td style="display: none">-</td><td><b>Code</b></td><td><b>Profile</b></td><td><b>Min</b></td></tr><tr><td style="display: none">*</td><td>Observation</td><td><code>https://2rdoc.pt/ig/ios-lifestyle-medicine/StructureDefinition/mindfulness-session</code></td><td>1</td></tr></table></div>
  </text>
  <url value="https://2rdoc.pt/fhir/MessageDefinition/start-session"/>
  <version value="0.1.0"/>
  <status value="active"/>
  <date value="2024-03-19"/>
  <publisher value="Ricardo Lourenço dos Santos"/>
  <contact>
    <name value="Ricardo Lourenço dos Santos"/>
    <telecom>
      <system value="url"/>
      <value value="https://linktr.ee/ricardolsantos"/>
    </telecom>
  </contact>
  <eventCoding>
    <system value="https://2rdoc.pt/fhir/CodeSystem/mindfulness-message-events"/>
    <code value="session-start"/>
    <display value="Session Start"/>
  </eventCoding>
  <category value="notification"/>
  <focus>
    <code value="Observation"/>
    <profile value="https://2rdoc.pt/ig/ios-lifestyle-medicine/StructureDefinition/mindfulness-session"/>
    <min value="1"/>
  </focus>
</MessageDefinition>