<?xml version="1.0" encoding="UTF-8"?>

<Observation xmlns="http://hl7.org/fhir">
  <id value="TobaccoUseExSmokerExample"/>
  <meta>
    <profile value="https://2rdoc.pt/ig/ios-lifestyle-medicine/StructureDefinition/tobacco-use-observation"/>
  </meta>
  <text>
    <status value="generated"/><div xmlns="http://www.w3.org/1999/xhtml"><p class="res-header-id"><b>Narrativa gerada: Observation TobaccoUseExSmokerExample</b></p><a name="TobaccoUseExSmokerExample"> </a><a name="hcTobaccoUseExSmokerExample"> </a><div style="display: inline-block; background-color: #d9e0e7; padding: 6px; margin: 4px; border: 1px solid #8da1b4; border-radius: 5px; line-height: 60%"><p style="margin-bottom: 0px"/><p style="margin-bottom: 0px">Perfil: <a href="StructureDefinition-tobacco-use-observation.html">Tobacco Use Observation Profile</a></p></div><p><b>status</b>: Final</p><p><b>category</b>: <span title="Códigos:{http://terminology.hl7.org/CodeSystem/observation-category social-history}">Social History</span></p><p><b>code</b>: <span title="Códigos:{http://loinc.org 72166-2}">Tobacco smoking status</span></p><p><b>subject</b>: <a href="Patient-PatientExample.html">John Doe  Male, DoB: 1970-01-01 ( urn:oid:2.16.858.1.1.1#12345)</a></p><p><b>effective</b>: 2025-11-25 10:00:00+0000</p><p><b>value</b>: <span title="Códigos:{http://snomed.info/sct 8517006}">Ex-smoker (finding)</span></p><blockquote><p><b>component</b></p><p><b>code</b>: <span title="Códigos:{http://loinc.org 8664-5}">Cigarettes smoked total (pack per year) - Reported</span></p><p><b>value</b>: 15 pack-years<span style="background: LightGoldenRodYellow"> (Detalhes: UCUM código{pack-years} = '{pack-years}')</span></p></blockquote><blockquote><p><b>component</b></p><p><b>code</b>: <span title="Códigos:{http://loinc.org 74010-0}">Date quit tobacco smoking</span></p><p><b>value</b>: 2020-03-15</p></blockquote><blockquote><p><b>component</b></p><p><b>code</b>: <span title="Códigos:{http://loinc.org 64218-1}">How many cigarettes do you smoke per day now [PhenX]</span></p><p><b>value</b>: 0 per day<span style="background: LightGoldenRodYellow"> (Detalhes: UCUM código/d = '/d')</span></p></blockquote></div>
  </text>
  <status value="final"/>
  <category>
    <coding>
      <system value="http://terminology.hl7.org/CodeSystem/observation-category"/>
      <code value="social-history"/>
      <display value="Social History"/>
    </coding>
  </category>
  <code>
    <coding>
      <system value="http://loinc.org"/>
      <code value="72166-2"/>
      <display value="Tobacco smoking status"/>
    </coding>
  </code>
  <subject>
    <reference value="Patient/PatientExample"/>
  </subject>
  <effectiveDateTime value="2025-11-25T10:00:00Z"/>
  <valueCodeableConcept>
    <coding>
      <system value="http://snomed.info/sct"/>
      <code value="8517006"/>
      <display value="Ex-smoker (finding)"/>
    </coding>
  </valueCodeableConcept>
  <component>
    <code>
      <coding>
        <system value="http://loinc.org"/>
        <code value="8664-5"/>
        <display value="Cigarettes smoked total (pack per year) - Reported"/>
      </coding>
    </code>
    <valueQuantity>
      <value value="15"/>
      <unit value="pack-years"/>
      <system value="http://unitsofmeasure.org"/>
      <code value="{pack-years}"/>
    </valueQuantity>
  </component>
  <component>
    <code>
      <coding>
        <system value="http://loinc.org"/>
        <code value="74010-0"/>
        <display value="Date quit tobacco smoking"/>
      </coding>
    </code>
    <valueDateTime value="2020-03-15"/>
  </component>
  <component>
    <code>
      <coding>
        <system value="http://loinc.org"/>
        <code value="64218-1"/>
        <display value="How many cigarettes do you smoke per day now [PhenX]"/>
      </coding>
    </code>
    <valueQuantity>
      <value value="0"/>
      <unit value="per day"/>
      <system value="http://unitsofmeasure.org"/>
      <code value="/d"/>
    </valueQuantity>
  </component>
</Observation>