<?xml version="1.0" encoding="UTF-8"?>

<Observation xmlns="http://hl7.org/fhir">
  <id value="CompleteMindfulnessSession"/>
  <meta>
    <profile value="https://2rdoc.pt/ig/ios-lifestyle-medicine/StructureDefinition/mindfulness-observation"/>
  </meta>
  <text>
    <status value="extensions"/><div xmlns="http://www.w3.org/1999/xhtml"><p class="res-header-id"><b>Narrativa gerada: Observation CompleteMindfulnessSession</b></p><a name="CompleteMindfulnessSession"> </a><a name="hcCompleteMindfulnessSession"> </a><div style="display: inline-block; background-color: #d9e0e7; padding: 6px; margin: 4px; border: 1px solid #8da1b4; border-radius: 5px; line-height: 60%"><p style="margin-bottom: 0px"/><p style="margin-bottom: 0px">Perfil: <a href="StructureDefinition-mindfulness-observation.html">Mindfulness Session Observation</a></p></div><blockquote><p><b>Mindfulness Session Context</b></p><ul><li>location: Home meditation room</li><li>environment: <span title="Códigos:{https://2rdoc.pt/ig/ios-lifestyle-medicine/CodeSystem/environment-type-cs quiet}">Quiet Space</span></li><li>guidance: true</li></ul></blockquote><p><b>status</b>: Final</p><p><b>code</b>: <span title="Códigos:{https://2rdoc.pt/ig/ios-lifestyle-medicine/CodeSystem/lifestyle-observation-cs mindfulness-session}">Mindfulness practice session</span></p><p><b>subject</b>: <a href="Patient-PatientExample.html">John Doe  Male, DoB: 1970-01-01 ( urn:oid:2.16.858.1.1.1#12345)</a></p><p><b>effective</b>: 2024-03-19 08:00:00+0000</p><p><b>performer</b>: <a href="Practitioner-PractitionerExample.html">Practitioner Jane Smith </a></p><blockquote><p><b>component</b></p><p><b>code</b>: <span title="Códigos:{http://snomed.info/sct 704323007}">Process duration</span></p><p><b>value</b>: 20 min<span style="background: LightGoldenRodYellow"> (Detalhes: UCUM códigomin = 'min')</span></p></blockquote><blockquote><p><b>component</b></p><p><b>code</b>: <span title="Códigos:{http://snomed.info/sct 365949003}">Health-related behavior finding</span></p><p><b>value</b>: 3</p></blockquote><blockquote><p><b>component</b></p><p><b>code</b>: <span title="Códigos:{http://snomed.info/sct 106131003}">Mood finding</span></p><p><b>value</b>: <span title="Códigos:{https://2rdoc.pt/ig/ios-lifestyle-medicine/CodeSystem/mood calm}">Calm</span></p></blockquote><blockquote><p><b>component</b></p><p><b>code</b>: <span title="Códigos:{https://2rdoc.pt/ig/ios-lifestyle-medicine/CodeSystem/lifestyle-observation-cs relaxation-response}">Relaxation response observation</span></p><p><b>value</b>: Deep breathing exercises with progressive relaxation</p></blockquote><blockquote><p><b>component</b></p><p><b>code</b>: <span title="Códigos:{https://2rdoc.pt/ig/ios-lifestyle-medicine/CodeSystem/lifestyle-observation-cs mindfulness-type}">Type of mindfulness practice</span></p><p><b>value</b>: <span title="Códigos:{https://2rdoc.pt/ig/ios-lifestyle-medicine/CodeSystem/mindfulness-type-cs meditation}">Meditation</span></p></blockquote></div>
  </text>
  <extension url="https://2rdoc.pt/ig/ios-lifestyle-medicine/StructureDefinition/mindfulness-context">
    <extension url="location">
      <valueString value="Home meditation room"/>
    </extension>
    <extension url="environment">
      <valueCodeableConcept>
        <coding>
          <system value="https://2rdoc.pt/ig/ios-lifestyle-medicine/CodeSystem/environment-type-cs"/>
          <code value="quiet"/>
          <display value="Quiet Space"/>
        </coding>
      </valueCodeableConcept>
    </extension>
    <extension url="guidance">
      <valueBoolean value="true"/>
    </extension>
  </extension>
  <status value="final"/>
  <code>
    <coding>
      <system value="https://2rdoc.pt/ig/ios-lifestyle-medicine/CodeSystem/lifestyle-observation-cs"/>
      <code value="mindfulness-session"/>
      <display value="Mindfulness practice session"/>
    </coding>
  </code>
  <subject>
    <reference value="Patient/PatientExample"/>
  </subject>
  <effectiveDateTime value="2024-03-19T08:00:00Z"/>
  <performer>
    <reference value="Practitioner/PractitionerExample"/>
  </performer>
  <component>
    <code>
      <coding>
        <system value="http://snomed.info/sct"/>
        <code value="704323007"/>
        <display value="Process duration"/>
      </coding>
    </code>
    <valueQuantity>
      <value value="20"/>
      <system value="http://unitsofmeasure.org"/>
      <code value="min"/>
    </valueQuantity>
  </component>
  <component>
    <code>
      <coding>
        <system value="http://snomed.info/sct"/>
        <code value="365949003"/>
        <display value="Health-related behavior finding"/>
      </coding>
    </code>
    <valueInteger value="3"/>
  </component>
  <component>
    <code>
      <coding>
        <system value="http://snomed.info/sct"/>
        <code value="106131003"/>
        <display value="Mood finding"/>
      </coding>
    </code>
    <valueCodeableConcept>
      <coding>
        <system value="https://2rdoc.pt/ig/ios-lifestyle-medicine/CodeSystem/mood"/>
        <code value="calm"/>
        <display value="Calm"/>
      </coding>
    </valueCodeableConcept>
  </component>
  <component>
    <code>
      <coding>
        <system value="https://2rdoc.pt/ig/ios-lifestyle-medicine/CodeSystem/lifestyle-observation-cs"/>
        <code value="relaxation-response"/>
        <display value="Relaxation response observation"/>
      </coding>
    </code>
    <valueString value="Deep breathing exercises with progressive relaxation"/>
  </component>
  <component>
    <code>
      <coding>
        <system value="https://2rdoc.pt/ig/ios-lifestyle-medicine/CodeSystem/lifestyle-observation-cs"/>
        <code value="mindfulness-type"/>
        <display value="Type of mindfulness practice"/>
      </coding>
    </code>
    <valueCodeableConcept>
      <coding>
        <system value="https://2rdoc.pt/ig/ios-lifestyle-medicine/CodeSystem/mindfulness-type-cs"/>
        <code value="meditation"/>
        <display value="Meditation"/>
      </coding>
    </valueCodeableConcept>
  </component>
</Observation>