<?xml version="1.0" encoding="UTF-8"?>

<Observation xmlns="http://hl7.org/fhir">
  <id value="MindfulnessObservationExample"/>
  <meta>
    <profile value="https://github.com/RicardoLSantos/shorthand/StructureDefinition/mindfulness-observation"/>
  </meta>
  <text>
    <status value="generated"/><div xmlns="http://www.w3.org/1999/xhtml"><p class="res-header-id"><b>Generated Narrative: Observation MindfulnessObservationExample</b></p><a name="MindfulnessObservationExample"> </a><a name="hcMindfulnessObservationExample"> </a><a name="MindfulnessObservationExample-en-US"> </a><p><b>status</b>: Final</p><p><b>code</b>: <span title="Codes:{http://snomed.info/sct 711020003}">Meditation</span></p><p><b>subject</b>: <a href="Patient-PatientExample.html">Example Patient Male, DoB: 1990-01-01 ( urn:oid:2.16.840.1.113883.2.4.6.3#123456789 (use: usual, ))</a></p><p><b>effective</b>: 2024-03-19 09:30:00+0000</p><p><b>performer</b>: <a href="Practitioner/example">Practitioner/example</a></p><blockquote><p><b>component</b></p><p><b>code</b>: <span title="Codes:{http://snomed.info/sct 118682006}">Duration</span></p><p><b>value</b>: 20 min<span style="background: LightGoldenRodYellow"> (Details: UCUM  codemin = 'min')</span></p></blockquote><blockquote><p><b>component</b></p><p><b>code</b>: <span title="Codes:{http://snomed.info/sct 725854004}">Assessment of stress level</span></p><p><b>value</b>: 4</p></blockquote><blockquote><p><b>component</b></p><p><b>code</b>: <span title="Codes:{http://snomed.info/sct 373931001}">Mood finding</span></p><p><b>value</b>: <span title="Codes:{http://snomed.info/sct 130991005}">Neutral mood</span></p></blockquote><blockquote><p><b>component</b></p><p><b>code</b>: <span title="Codes:{http://snomed.info/sct 276241001}">Relaxation technique</span></p><p><b>value</b>: Deep breathing exercises helped reduce tension</p></blockquote><blockquote><p><b>component</b></p><p><b>code</b>: <span title="Codes:{http://snomed.info/sct 711020003}">Meditation</span></p><p><b>value</b>: <span title="Codes:{http://snomed.info/sct 711020003}">Meditation</span></p></blockquote></div>
  </text>
  <status value="final"/>
  <code>
    <coding>
      <system value="http://snomed.info/sct"/>
      <code value="711020003"/>
      <display value="Meditation"/>
    </coding>
  </code>
  <subject>
    <reference value="Patient/PatientExample"/>
  </subject>
  <effectiveDateTime value="2024-03-19T09:30:00Z"/>
  <performer>
    <reference value="Practitioner/example"/>
  </performer>
  <component>
    <code>
      <coding>
        <system value="http://snomed.info/sct"/>
        <code value="118682006"/>
        <display value="Duration"/>
      </coding>
    </code>
    <valueQuantity>
      <value value="20"/>
      <system value="http://unitsofmeasure.org"/>
      <code value="min"/>
    </valueQuantity>
  </component>
  <component>
    <code>
      <coding>
        <system value="http://snomed.info/sct"/>
        <code value="725854004"/>
        <display value="Assessment of stress level"/>
      </coding>
    </code>
    <valueInteger value="4"/>
  </component>
  <component>
    <code>
      <coding>
        <system value="http://snomed.info/sct"/>
        <code value="373931001"/>
        <display value="Mood finding"/>
      </coding>
    </code>
    <valueCodeableConcept>
      <coding>
        <system value="http://snomed.info/sct"/>
        <code value="130991005"/>
        <display value="Neutral mood"/>
      </coding>
    </valueCodeableConcept>
  </component>
  <component>
    <code>
      <coding>
        <system value="http://snomed.info/sct"/>
        <code value="276241001"/>
        <display value="Relaxation technique"/>
      </coding>
    </code>
    <valueString value="Deep breathing exercises helped reduce tension"/>
  </component>
  <component>
    <code>
      <coding>
        <system value="http://snomed.info/sct"/>
        <code value="711020003"/>
        <display value="Meditation"/>
      </coding>
    </code>
    <valueCodeableConcept>
      <coding>
        <system value="http://snomed.info/sct"/>
        <code value="711020003"/>
        <display value="Meditation"/>
      </coding>
    </valueCodeableConcept>
  </component>
</Observation>