<?xml version="1.0" encoding="UTF-8"?>

<Observation xmlns="http://hl7.org/fhir">
  <id value="AlcoholUseNonDrinkerExample"/>
  <meta>
    <profile value="https://2rdoc.pt/ig/ios-lifestyle-medicine/StructureDefinition/alcohol-use-observation"/>
  </meta>
  <text>
    <status value="generated"/><div xmlns="http://www.w3.org/1999/xhtml"><p class="res-header-id"><b>Narrativa gerada: Observation AlcoholUseNonDrinkerExample</b></p><a name="AlcoholUseNonDrinkerExample"> </a><a name="hcAlcoholUseNonDrinkerExample"> </a><div style="display: inline-block; background-color: #d9e0e7; padding: 6px; margin: 4px; border: 1px solid #8da1b4; border-radius: 5px; line-height: 60%"><p style="margin-bottom: 0px"/><p style="margin-bottom: 0px">Perfil: <a href="StructureDefinition-alcohol-use-observation.html">Alcohol Use Observation Profile</a></p></div><p><b>status</b>: Final</p><p><b>category</b>: <span title="Códigos:{http://terminology.hl7.org/CodeSystem/observation-category social-history}">Social History</span></p><p><b>code</b>: <span title="Códigos:{http://loinc.org 11331-6}">History of Alcohol use</span></p><p><b>subject</b>: <a href="Patient-PatientExample.html">John Doe  Male, DoB: 1970-01-01 ( urn:oid:2.16.858.1.1.1#12345)</a></p><p><b>effective</b>: 2025-11-25 10:00:00+0000</p><p><b>value</b>: <span title="Códigos:{http://snomed.info/sct 105542008}">Non-drinker of alcohol (finding)</span></p><blockquote><p><b>component</b></p><p><b>code</b>: <span title="Códigos:{http://loinc.org 68518-0}">How often do you have a drink containing alcohol</span></p><p><b>value</b>: <span title="Códigos:{https://2rdoc.pt/ig/ios-lifestyle-medicine/CodeSystem/alcohol-drinking-frequency-cs never}">Never</span></p></blockquote><blockquote><p><b>component</b></p><p><b>code</b>: <span title="Códigos:{http://loinc.org 75626-2}">Total score [AUDIT-C]</span></p><p><b>value</b>: 0</p></blockquote></div>
  </text>
  <status value="final"/>
  <category>
    <coding>
      <system value="http://terminology.hl7.org/CodeSystem/observation-category"/>
      <code value="social-history"/>
      <display value="Social History"/>
    </coding>
  </category>
  <code>
    <coding>
      <system value="http://loinc.org"/>
      <code value="11331-6"/>
      <display value="History of Alcohol use"/>
    </coding>
  </code>
  <subject>
    <reference value="Patient/PatientExample"/>
  </subject>
  <effectiveDateTime value="2025-11-25T10:00:00Z"/>
  <valueCodeableConcept>
    <coding>
      <system value="http://snomed.info/sct"/>
      <code value="105542008"/>
      <display value="Non-drinker of alcohol (finding)"/>
    </coding>
  </valueCodeableConcept>
  <component>
    <code>
      <coding>
        <system value="http://loinc.org"/>
        <code value="68518-0"/>
        <display value="How often do you have a drink containing alcohol"/>
      </coding>
    </code>
    <valueCodeableConcept>
      <coding>
        <system value="https://2rdoc.pt/ig/ios-lifestyle-medicine/CodeSystem/alcohol-drinking-frequency-cs"/>
        <code value="never"/>
        <display value="Never"/>
      </coding>
    </valueCodeableConcept>
  </component>
  <component>
    <code>
      <coding>
        <system value="http://loinc.org"/>
        <code value="75626-2"/>
        <display value="Total score [AUDIT-C]"/>
      </coding>
    </code>
    <valueInteger value="0"/>
  </component>
</Observation>