<?xml version="1.0" encoding="UTF-8"?>

<Observation xmlns="http://hl7.org/fhir">
  <id value="HeartRateExample"/>
  <meta>
    <profile value="https://2rdoc.pt/ig/ios-lifestyle-medicine/StructureDefinition/heart-rate-observation"/>
  </meta>
  <text>
    <status value="generated"/><div xmlns="http://www.w3.org/1999/xhtml"><p class="res-header-id"><b>Narrativa gerada: Observation HeartRateExample</b></p><a name="HeartRateExample"> </a><a name="hcHeartRateExample"> </a><div style="display: inline-block; background-color: #d9e0e7; padding: 6px; margin: 4px; border: 1px solid #8da1b4; border-radius: 5px; line-height: 60%"><p style="margin-bottom: 0px"/><p style="margin-bottom: 0px">Perfil: <a href="StructureDefinition-heart-rate-observation.html">Heart Rate Observation Profile</a></p></div><p><b>status</b>: Final</p><p><b>category</b>: <span title="Códigos:{http://terminology.hl7.org/CodeSystem/observation-category vital-signs}">Vital Signs</span></p><p><b>code</b>: <span title="Códigos:{http://loinc.org 8867-4}">Heart rate</span></p><p><b>subject</b>: <a href="Patient-PatientExample.html">John Doe  Male, DoB: 1970-01-01 ( urn:oid:2.16.858.1.1.1#12345)</a></p><p><b>effective</b>: 2024-03-19 15:30:00+0000</p><p><b>performer</b>: <a href="Practitioner-PractitionerExample.html">Practitioner Jane Smith </a></p><p><b>value</b>: 72 per minute<span style="background: LightGoldenRodYellow"> (Detalhes: UCUM código/min = '/min')</span></p><p><b>device</b>: <a href="Device-DeviceHeartRateMonitor.html">Device: manufacturer = HealthTech Devices; modelNumber = HRM-2024; type = Pulse rate monitoring device</a></p><h3>Components</h3><table class="grid"><tr><td style="display: none">-</td><td><b>Code</b></td><td><b>Value[x]</b></td></tr><tr><td style="display: none">*</td><td><span title="Códigos:{http://loinc.org 80404-7}">R-R interval.standard deviation (Heart rate variability)</span></td><td>45 millisecond<span style="background: LightGoldenRodYellow"> (Detalhes: UCUM códigoms = 'ms')</span></td></tr></table></div>
  </text>
  <status value="final"/>
  <category>
    <coding>
      <system value="http://terminology.hl7.org/CodeSystem/observation-category"/>
      <code value="vital-signs"/>
    </coding>
  </category>
  <code>
    <coding>
      <system value="http://loinc.org"/>
      <code value="8867-4"/>
      <display value="Heart rate"/>
    </coding>
  </code>
  <subject>
    <reference value="Patient/PatientExample"/>
  </subject>
  <effectiveDateTime value="2024-03-19T15:30:00Z"/>
  <performer>
    <reference value="Practitioner/PractitionerExample"/>
  </performer>
  <valueQuantity>
    <value value="72"/>
    <unit value="per minute"/>
    <system value="http://unitsofmeasure.org"/>
    <code value="/min"/>
  </valueQuantity>
  <device>
    <reference value="Device/DeviceHeartRateMonitor"/>
  </device>
  <component>
    <code>
      <coding>
        <system value="http://loinc.org"/>
        <code value="80404-7"/>
        <display value="R-R interval.standard deviation (Heart rate variability)"/>
      </coding>
    </code>
    <valueQuantity>
      <value value="45"/>
      <unit value="millisecond"/>
      <system value="http://unitsofmeasure.org"/>
      <code value="ms"/>
    </valueQuantity>
  </component>
</Observation>