<?xml version="1.0" encoding="UTF-8"?>

<Observation xmlns="http://hl7.org/fhir">
  <id value="WalkingSteadinessExample"/>
  <meta>
    <profile value="https://github.com/RicardoLSantos/shorthand/StructureDefinition/walking-steadiness-observation"/>
  </meta>
  <text>
    <status value="generated"/><div xmlns="http://www.w3.org/1999/xhtml"><p class="res-header-id"><b>Generated Narrative: Observation WalkingSteadinessExample</b></p><a name="WalkingSteadinessExample"> </a><a name="hcWalkingSteadinessExample"> </a><a name="WalkingSteadinessExample-en-US"> </a><p><b>status</b>: Final</p><p><b>category</b>: <span title="Codes:{http://terminology.hl7.org/CodeSystem/observation-category activity}">Activity</span></p><p><b>code</b>: <span title="Codes:{http://loinc.org LA32-8}">Balance</span></p><p><b>subject</b>: <a href="Patient/example">Patient/example</a></p><p><b>effective</b>: 2024-03-19 15:30:00+0000</p><p><b>value</b>: 85 score<span style="background: LightGoldenRodYellow"> (Details: UCUM  code1 = '1')</span></p><p><b>device</b>: <a href="Device/iphone-example">Device/iphone-example</a></p><blockquote><p><b>component</b></p><p><b>code</b>: <span title="Codes:{http://loinc.org LA32-8}">Balance score</span></p><p><b>value</b>: 85 percent<span style="background: LightGoldenRodYellow"> (Details: UCUM  code% = '%')</span></p></blockquote><blockquote><p><b>component</b></p><p><b>code</b>: <span title="Codes:{http://loinc.org LA32-9}">Balance status</span></p><p><b>value</b>: <span title="Codes:{http://loinc.org LA32-10}">OK</span></p></blockquote></div>
  </text>
  <status value="final"/>
  <category>
    <coding>
      <system value="http://terminology.hl7.org/CodeSystem/observation-category"/>
      <code value="activity"/>
    </coding>
  </category>
  <code>
    <coding>
      <system value="http://loinc.org"/>
      <code value="LA32-8"/>
      <display value="Balance"/>
    </coding>
  </code>
  <subject>
    <reference value="Patient/example"/>
  </subject>
  <effectiveDateTime value="2024-03-19T15:30:00Z"/>
  <valueQuantity>
    <value value="85"/>
    <unit value="score"/>
    <system value="http://unitsofmeasure.org"/>
    <code value="1"/>
  </valueQuantity>
  <device>
    <reference value="Device/iphone-example"/>
  </device>
  <component>
    <code>
      <coding>
        <system value="http://loinc.org"/>
        <code value="LA32-8"/>
        <display value="Balance score"/>
      </coding>
    </code>
    <valueQuantity>
      <value value="85"/>
      <unit value="percent"/>
      <system value="http://unitsofmeasure.org"/>
      <code value="%"/>
    </valueQuantity>
  </component>
  <component>
    <code>
      <coding>
        <system value="http://loinc.org"/>
        <code value="LA32-9"/>
        <display value="Balance status"/>
      </coding>
    </code>
    <valueCodeableConcept>
      <coding>
        <system value="http://loinc.org"/>
        <code value="LA32-10"/>
        <display value="OK"/>
      </coding>
    </valueCodeableConcept>
  </component>
</Observation>