<?xml version="1.0" encoding="UTF-8"?>

<Observation xmlns="http://hl7.org/fhir">
  <id value="UVExposureExample"/>
  <meta>
    <profile value="https://github.com/RicardoLSantos/shorthand/StructureDefinition/uv-exposure-observation"/>
    <security>
      <system value="http://terminology.hl7.org/CodeSystem/v3-Confidentiality"/>
      <code value="N"/>
    </security>
  </meta>
  <text>
    <status value="generated"/><div xmlns="http://www.w3.org/1999/xhtml"><p class="res-header-id"><b>Generated Narrative: Observation UVExposureExample</b></p><a name="UVExposureExample"> </a><a name="hcUVExposureExample"> </a><a name="UVExposureExample-en-US"> </a><p><b>status</b>: Final</p><p><b>category</b>: <span title="Codes:{http://terminology.hl7.org/CodeSystem/observation-category environment}">environment</span></p><p><b>code</b>: <span title="Codes:{http://loinc.org 28574-5}">UV exposure</span></p><p><b>subject</b>: <a href="Patient/example">Patient/example</a></p><p><b>effective</b>: 2024-03-19 12:00:00+0000</p><p><b>note</b>: Measurement taken during outdoor activity</p><p><b>method</b>: <span title="Codes:{http://snomed.info/sct 37016008}">Automatic measurement</span></p><p><b>device</b>: <a href="Device/iphone-example">Device/iphone-example</a></p><blockquote><p><b>component</b></p><p><b>code</b>: <span title="Codes:{http://loinc.org 89022-8}">UV index</span></p><p><b>value</b>: 8 {index}<span style="background: LightGoldenRodYellow"> (Details: UCUM  code{index} = '{index}')</span></p><p><b>interpretation</b>: <span title="Codes:{http://terminology.hl7.org/CodeSystem/v3-ObservationInterpretation H}">High</span></p></blockquote><blockquote><p><b>component</b></p><p><b>code</b>: <span title="Codes:{http://loinc.org 89023-6}">UV exposure duration</span></p><p><b>value</b>: 45 min<span style="background: LightGoldenRodYellow"> (Details: UCUM  codemin = 'min')</span></p></blockquote><blockquote><p><b>component</b></p><p><b>code</b>: <span title="Codes:{http://loinc.org 89026-9}">Time of exposure</span></p><p><b>value</b>: 2024-03-19 12:00:00+0000</p></blockquote><blockquote><p><b>component</b></p><p><b>code</b>: <span title="Codes:{http://loinc.org 89027-7}">UV intensity</span></p><p><b>value</b>: 0.3 W/m2<span style="background: LightGoldenRodYellow"> (Details: UCUM  codeW/m2 = 'W/m2')</span></p></blockquote></div>
  </text>
  <status value="final"/>
  <category>
    <coding>
      <system value="http://terminology.hl7.org/CodeSystem/observation-category"/>
      <code value="environment"/>
    </coding>
  </category>
  <code>
    <coding>
      <system value="http://loinc.org"/>
      <code value="28574-5"/>
      <display value="UV exposure"/>
    </coding>
  </code>
  <subject>
    <reference value="Patient/example"/>
  </subject>
  <effectiveDateTime value="2024-03-19T12:00:00Z"/>
  <note>
    <text value="Measurement taken during outdoor activity"/>
  </note>
  <method>
    <coding>
      <system value="http://snomed.info/sct"/>
      <code value="37016008"/>
      <display value="Automatic measurement"/>
    </coding>
  </method>
  <device>
    <reference value="Device/iphone-example"/>
  </device>
  <component>
    <code>
      <coding>
        <system value="http://loinc.org"/>
        <code value="89022-8"/>
        <display value="UV index"/>
      </coding>
    </code>
    <valueQuantity>
      <value value="8"/>
      <system value="http://unitsofmeasure.org"/>
      <code value="{index}"/>
    </valueQuantity>
    <interpretation>
      <coding>
        <system value="http://terminology.hl7.org/CodeSystem/v3-ObservationInterpretation"/>
        <code value="H"/>
        <display value="High"/>
      </coding>
    </interpretation>
  </component>
  <component>
    <code>
      <coding>
        <system value="http://loinc.org"/>
        <code value="89023-6"/>
        <display value="UV exposure duration"/>
      </coding>
    </code>
    <valueQuantity>
      <value value="45"/>
      <system value="http://unitsofmeasure.org"/>
      <code value="min"/>
    </valueQuantity>
  </component>
  <component>
    <code>
      <coding>
        <system value="http://loinc.org"/>
        <code value="89026-9"/>
        <display value="Time of exposure"/>
      </coding>
    </code>
    <valueDateTime value="2024-03-19T12:00:00Z"/>
  </component>
  <component>
    <code>
      <coding>
        <system value="http://loinc.org"/>
        <code value="89027-7"/>
        <display value="UV intensity"/>
      </coding>
    </code>
    <valueQuantity>
      <value value="0.3"/>
      <system value="http://unitsofmeasure.org"/>
      <code value="W/m2"/>
    </valueQuantity>
  </component>
</Observation>