<?xml version="1.0" encoding="UTF-8"?>

<Observation xmlns="http://hl7.org/fhir">
  <id value="FertilitySignsExample"/>
  <meta>
    <profile value="https://github.com/RicardoLSantos/shorthand/StructureDefinition/fertility-observation"/>
  </meta>
  <text>
    <status value="generated"/><div xmlns="http://www.w3.org/1999/xhtml"><p class="res-header-id"><b>Generated Narrative: Observation FertilitySignsExample</b></p><a name="FertilitySignsExample"> </a><a name="hcFertilitySignsExample"> </a><a name="FertilitySignsExample-en-US"> </a><p><b>status</b>: Final</p><p><b>category</b>: <span title="Codes:{http://terminology.hl7.org/CodeSystem/observation-category reproductive}">reproductive</span></p><p><b>code</b>: <span title="Codes:{http://loinc.org 8669-4}">Ovulation status</span></p><p><b>subject</b>: <a href="Patient/example">Patient/example</a></p><p><b>effective</b>: 2024-03-19 08:00:00+0000</p><blockquote><p><b>component</b></p><p><b>code</b>: <span title="Codes:{http://loinc.org 89020-2}">Cervical mucus observation</span></p><p><b>value</b>: <span title="Codes:{http://example.org/fhir/CodeSystem/cervical-mucus-cs eggwhite}">eggwhite</span></p></blockquote><blockquote><p><b>component</b></p><p><b>code</b>: <span title="Codes:{http://loinc.org 89021-0}">Ovulation test</span></p><p><b>value</b>: <span title="Codes:{http://example.org/fhir/CodeSystem/ovulation-test-cs positive}">positive</span></p></blockquote><blockquote><p><b>component</b></p><p><b>code</b>: <span title="Codes:{http://loinc.org 89022-8}">Fertility status</span></p><p><b>value</b>: <span title="Codes:{http://example.org/fhir/CodeSystem/fertility-status-cs fertile}">fertile</span></p></blockquote></div>
  </text>
  <status value="final"/>
  <category>
    <coding>
      <system value="http://terminology.hl7.org/CodeSystem/observation-category"/>
      <code value="reproductive"/>
    </coding>
  </category>
  <code>
    <coding>
      <system value="http://loinc.org"/>
      <code value="8669-4"/>
      <display value="Ovulation status"/>
    </coding>
  </code>
  <subject>
    <reference value="Patient/example"/>
  </subject>
  <effectiveDateTime value="2024-03-19T08:00:00Z"/>
  <component>
    <code>
      <coding>
        <system value="http://loinc.org"/>
        <code value="89020-2"/>
        <display value="Cervical mucus observation"/>
      </coding>
    </code>
    <valueCodeableConcept>
      <coding>
        <system value="http://example.org/fhir/CodeSystem/cervical-mucus-cs"/>
        <code value="eggwhite"/>
      </coding>
    </valueCodeableConcept>
  </component>
  <component>
    <code>
      <coding>
        <system value="http://loinc.org"/>
        <code value="89021-0"/>
        <display value="Ovulation test"/>
      </coding>
    </code>
    <valueCodeableConcept>
      <coding>
        <system value="http://example.org/fhir/CodeSystem/ovulation-test-cs"/>
        <code value="positive"/>
      </coding>
    </valueCodeableConcept>
  </component>
  <component>
    <code>
      <coding>
        <system value="http://loinc.org"/>
        <code value="89022-8"/>
        <display value="Fertility status"/>
      </coding>
    </code>
    <valueCodeableConcept>
      <coding>
        <system value="http://example.org/fhir/CodeSystem/fertility-status-cs"/>
        <code value="fertile"/>
      </coding>
    </valueCodeableConcept>
  </component>
</Observation>