<?xml version="1.0" encoding="UTF-8"?>

<Observation xmlns="http://hl7.org/fhir">
  <id value="WalkingSteadinessExample"/>
  <meta>
    <profile value="https://2rdoc.pt/ig/ios-lifestyle-medicine/StructureDefinition/walking-steadiness-observation"/>
  </meta>
  <text>
    <status value="generated"/><div xmlns="http://www.w3.org/1999/xhtml"><p class="res-header-id"><b>Narrativa gerada: Observation WalkingSteadinessExample</b></p><a name="WalkingSteadinessExample"> </a><a name="hcWalkingSteadinessExample"> </a><div style="display: inline-block; background-color: #d9e0e7; padding: 6px; margin: 4px; border: 1px solid #8da1b4; border-radius: 5px; line-height: 60%"><p style="margin-bottom: 0px"/><p style="margin-bottom: 0px">Perfil: <a href="StructureDefinition-walking-steadiness-observation.html">Walking Steadiness Observation Profile</a></p></div><p><b>status</b>: Final</p><p><b>category</b>: <span title="Códigos:{http://terminology.hl7.org/CodeSystem/observation-category activity}">Activity</span></p><p><b>code</b>: <span title="Códigos:{http://loinc.org balance-score}">Balance assessment score</span></p><p><b>subject</b>: <a href="Patient-PatientExample.html">John Doe  Male, DoB: 1970-01-01 ( urn:oid:2.16.858.1.1.1#12345)</a></p><p><b>effective</b>: 2024-03-19 15:30:00+0000</p><p><b>value</b>: 85 score<span style="background: LightGoldenRodYellow"> (Detalhes: UCUM código1 = '1')</span></p><p><b>device</b>: <a href="Device-iphone-example.html">Device: status = active; manufacturer = Apple Inc.; type = Application programme software; note = iPhone 15 Pro running iOS 17.0 - Apple Inc.</a></p><blockquote><p><b>component</b></p><p><b>code</b>: <span title="Códigos:{http://loinc.org balance-score}">Balance assessment score</span></p><p><b>value</b>: 85 percent<span style="background: LightGoldenRodYellow"> (Detalhes: UCUM código% = '%')</span></p></blockquote><blockquote><p><b>component</b></p><p><b>code</b>: <span title="Códigos:{https://2rdoc.pt/ig/ios-lifestyle-medicine/CodeSystem/lifestyle-observation-cs balance-assessment}">Balance assessment</span></p><p><b>value</b>: <span title="Códigos:{http://terminology.hl7.org/CodeSystem/v3-ObservationInterpretation N}">Normal</span></p></blockquote></div>
  </text>
  <status value="final"/>
  <category>
    <coding>
      <system value="http://terminology.hl7.org/CodeSystem/observation-category"/>
      <code value="activity"/>
    </coding>
  </category>
  <code>
    <coding>
      <system value="http://loinc.org"/>
      <code value="balance-score"/>
      <display value="Balance assessment score"/>
    </coding>
  </code>
  <subject>
    <reference value="Patient/PatientExample"/>
  </subject>
  <effectiveDateTime value="2024-03-19T15:30:00Z"/>
  <valueQuantity>
    <value value="85"/>
    <unit value="score"/>
    <system value="http://unitsofmeasure.org"/>
    <code value="1"/>
  </valueQuantity>
  <device>
    <reference value="Device/iphone-example"/>
  </device>
  <component>
    <code>
      <coding>
        <system value="http://loinc.org"/>
        <code value="balance-score"/>
        <display value="Balance assessment score"/>
      </coding>
    </code>
    <valueQuantity>
      <value value="85"/>
      <unit value="percent"/>
      <system value="http://unitsofmeasure.org"/>
      <code value="%"/>
    </valueQuantity>
  </component>
  <component>
    <code>
      <coding>
        <system value="https://2rdoc.pt/ig/ios-lifestyle-medicine/CodeSystem/lifestyle-observation-cs"/>
        <code value="balance-assessment"/>
        <display value="Balance assessment"/>
      </coding>
    </code>
    <valueCodeableConcept>
      <coding>
        <system value="http://terminology.hl7.org/CodeSystem/v3-ObservationInterpretation"/>
        <code value="N"/>
        <display value="Normal"/>
      </coding>
    </valueCodeableConcept>
  </component>
</Observation>