<?xml version="1.0" encoding="UTF-8"?>

<Observation xmlns="http://hl7.org/fhir">
  <id value="NoiseExposureExample"/>
  <meta>
    <profile value="https://github.com/RicardoLSantos/shorthand/StructureDefinition/noise-exposure-observation"/>
    <security>
      <system value="http://terminology.hl7.org/CodeSystem/v3-Confidentiality"/>
      <code value="N"/>
    </security>
  </meta>
  <text>
    <status value="generated"/><div xmlns="http://www.w3.org/1999/xhtml"><p class="res-header-id"><b>Generated Narrative: Observation NoiseExposureExample</b></p><a name="NoiseExposureExample"> </a><a name="hcNoiseExposureExample"> </a><a name="NoiseExposureExample-en-US"> </a><p><b>status</b>: Final</p><p><b>category</b>: <span title="Codes:{http://terminology.hl7.org/CodeSystem/observation-category environment}">environment</span></p><p><b>code</b>: <span title="Codes:{http://loinc.org 28573-7}">Noise exposure time</span></p><p><b>subject</b>: <a href="Patient/example">Patient/example</a></p><p><b>effective</b>: 2024-03-19 15:30:00+0000</p><p><b>note</b>: Measurement taken during urban commute</p><p><b>method</b>: <span title="Codes:{http://snomed.info/sct 37016008}">Automatic measurement</span></p><p><b>device</b>: <a href="Device/iphone-example">Device/iphone-example</a></p><blockquote><p><b>component</b></p><p><b>code</b>: <span title="Codes:{http://loinc.org 89020-2}">Environmental noise average</span></p><p><b>value</b>: 85 dB<span style="background: LightGoldenRodYellow"> (Details: UCUM  codedB = 'dB')</span></p><p><b>interpretation</b>: <span title="Codes:{http://terminology.hl7.org/CodeSystem/v3-ObservationInterpretation H}">High</span></p></blockquote><blockquote><p><b>component</b></p><p><b>code</b>: <span title="Codes:{http://loinc.org 89021-0}">Environmental noise duration</span></p><p><b>value</b>: 120 min<span style="background: LightGoldenRodYellow"> (Details: UCUM  codemin = 'min')</span></p></blockquote><blockquote><p><b>component</b></p><p><b>code</b>: <span title="Codes:{http://loinc.org 89024-4}">Peak sound level</span></p><p><b>value</b>: 95 dB<span style="background: LightGoldenRodYellow"> (Details: UCUM  codedB = 'dB')</span></p></blockquote><blockquote><p><b>component</b></p><p><b>code</b>: <span title="Codes:{http://loinc.org 89025-1}">Background noise level</span></p><p><b>value</b>: 45 dB<span style="background: LightGoldenRodYellow"> (Details: UCUM  codedB = 'dB')</span></p></blockquote></div>
  </text>
  <status value="final"/>
  <category>
    <coding>
      <system value="http://terminology.hl7.org/CodeSystem/observation-category"/>
      <code value="environment"/>
    </coding>
  </category>
  <code>
    <coding>
      <system value="http://loinc.org"/>
      <code value="28573-7"/>
      <display value="Noise exposure time"/>
    </coding>
  </code>
  <subject>
    <reference value="Patient/example"/>
  </subject>
  <effectiveDateTime value="2024-03-19T15:30:00Z"/>
  <note>
    <text value="Measurement taken during urban commute"/>
  </note>
  <method>
    <coding>
      <system value="http://snomed.info/sct"/>
      <code value="37016008"/>
      <display value="Automatic measurement"/>
    </coding>
  </method>
  <device>
    <reference value="Device/iphone-example"/>
  </device>
  <component>
    <code>
      <coding>
        <system value="http://loinc.org"/>
        <code value="89020-2"/>
        <display value="Environmental noise average"/>
      </coding>
    </code>
    <valueQuantity>
      <value value="85"/>
      <system value="http://unitsofmeasure.org"/>
      <code value="dB"/>
    </valueQuantity>
    <interpretation>
      <coding>
        <system value="http://terminology.hl7.org/CodeSystem/v3-ObservationInterpretation"/>
        <code value="H"/>
        <display value="High"/>
      </coding>
    </interpretation>
  </component>
  <component>
    <code>
      <coding>
        <system value="http://loinc.org"/>
        <code value="89021-0"/>
        <display value="Environmental noise duration"/>
      </coding>
    </code>
    <valueQuantity>
      <value value="120"/>
      <system value="http://unitsofmeasure.org"/>
      <code value="min"/>
    </valueQuantity>
  </component>
  <component>
    <code>
      <coding>
        <system value="http://loinc.org"/>
        <code value="89024-4"/>
        <display value="Peak sound level"/>
      </coding>
    </code>
    <valueQuantity>
      <value value="95"/>
      <system value="http://unitsofmeasure.org"/>
      <code value="dB"/>
    </valueQuantity>
  </component>
  <component>
    <code>
      <coding>
        <system value="http://loinc.org"/>
        <code value="89025-1"/>
        <display value="Background noise level"/>
      </coding>
    </code>
    <valueQuantity>
      <value value="45"/>
      <system value="http://unitsofmeasure.org"/>
      <code value="dB"/>
    </valueQuantity>
  </component>
</Observation>