<?xml version="1.0" encoding="UTF-8"?>

<Observation xmlns="http://hl7.org/fhir">
  <id value="SocialInteractionExample"/>
  <meta>
    <profile value="https://2rdoc.pt/ig/ios-lifestyle-medicine/StructureDefinition/social-interaction"/>
  </meta>
  <text>
    <status value="extensions"/><div xmlns="http://www.w3.org/1999/xhtml"><p class="res-header-id"><b>Narrativa gerada: Observation SocialInteractionExample</b></p><a name="SocialInteractionExample"> </a><a name="hcSocialInteractionExample"> </a><div style="display: inline-block; background-color: #d9e0e7; padding: 6px; margin: 4px; border: 1px solid #8da1b4; border-radius: 5px; line-height: 60%"><p style="margin-bottom: 0px"/><p style="margin-bottom: 0px">Perfil: <a href="StructureDefinition-social-interaction.html">Social Interaction Profile</a></p></div><p><b>Social Context Extension</b>: <span title="Códigos:{https://2rdoc.pt/ig/ios-lifestyle-medicine/CodeSystem/social-context-cs home}">Home</span></p><p><b>Social Support Extension</b>: <span title="Códigos:{https://2rdoc.pt/ig/ios-lifestyle-medicine/CodeSystem/social-support-cs strong}">Strong Support</span></p><p><b>Social Activity Extension</b>: <span title="Códigos:{https://2rdoc.pt/ig/ios-lifestyle-medicine/CodeSystem/social-activity-cs meal}">Shared Meal</span></p><p><b>status</b>: Final</p><p><b>category</b>: <span title="Códigos:{http://terminology.hl7.org/CodeSystem/observation-category social-history}">Social History</span></p><p><b>code</b>: <span title="Códigos:{http://loinc.org 76506-5}">Social connection and isolation panel</span></p><p><b>subject</b>: <a href="Patient-PatientExample.html">John Doe  Male, DoB: 1970-01-01 ( urn:oid:2.16.858.1.1.1#12345)</a></p><p><b>effective</b>: 2024-01-03 14:00:00+0000</p><p><b>value</b>: <span title="Códigos:{https://2rdoc.pt/ig/ios-lifestyle-medicine/CodeSystem/social-interaction-type-cs family}">Family Interaction</span></p><blockquote><p><b>component</b></p><p><b>code</b>: <span title="Códigos:{https://2rdoc.pt/ig/ios-lifestyle-medicine/CodeSystem/lifestyle-observation-cs social-duration}">Social interaction duration</span></p><p><b>value</b>: 120 minutes<span style="background: LightGoldenRodYellow"> (Detalhes: UCUM códigomin = 'min')</span></p></blockquote><blockquote><p><b>component</b></p><p><b>code</b>: <span title="Códigos:{https://2rdoc.pt/ig/ios-lifestyle-medicine/CodeSystem/lifestyle-observation-cs social-quality}">Social interaction quality score</span></p><p><b>value</b>: <span title="Códigos:{https://2rdoc.pt/ig/ios-lifestyle-medicine/CodeSystem/social-interaction-quality-cs meaningful}">Meaningful</span></p></blockquote><blockquote><p><b>component</b></p><p><b>code</b>: <span title="Códigos:{https://2rdoc.pt/ig/ios-lifestyle-medicine/CodeSystem/lifestyle-observation-cs social-medium}">Social interaction medium</span></p><p><b>value</b>: <span title="Códigos:{https://2rdoc.pt/ig/ios-lifestyle-medicine/CodeSystem/social-interaction-medium-cs inPerson}">In Person</span></p></blockquote><blockquote><p><b>component</b></p><p><b>code</b>: <span title="Códigos:{https://2rdoc.pt/ig/ios-lifestyle-medicine/CodeSystem/lifestyle-observation-cs social-count}">Number of social interactions</span></p><p><b>value</b>: 4</p></blockquote></div>
  </text>
  <extension url="https://2rdoc.pt/ig/ios-lifestyle-medicine/StructureDefinition/social-context">
    <valueCodeableConcept>
      <coding>
        <system value="https://2rdoc.pt/ig/ios-lifestyle-medicine/CodeSystem/social-context-cs"/>
        <code value="home"/>
      </coding>
    </valueCodeableConcept>
  </extension>
  <extension url="https://2rdoc.pt/ig/ios-lifestyle-medicine/StructureDefinition/social-support">
    <valueCodeableConcept>
      <coding>
        <system value="https://2rdoc.pt/ig/ios-lifestyle-medicine/CodeSystem/social-support-cs"/>
        <code value="strong"/>
      </coding>
    </valueCodeableConcept>
  </extension>
  <extension url="https://2rdoc.pt/ig/ios-lifestyle-medicine/StructureDefinition/social-activity">
    <valueCodeableConcept>
      <coding>
        <system value="https://2rdoc.pt/ig/ios-lifestyle-medicine/CodeSystem/social-activity-cs"/>
        <code value="meal"/>
      </coding>
    </valueCodeableConcept>
  </extension>
  <status value="final"/>
  <category>
    <coding>
      <system value="http://terminology.hl7.org/CodeSystem/observation-category"/>
      <code value="social-history"/>
    </coding>
  </category>
  <code>
    <coding>
      <system value="http://loinc.org"/>
      <code value="76506-5"/>
      <display value="Social connection and isolation panel"/>
    </coding>
  </code>
  <subject>
    <reference value="Patient/PatientExample"/>
  </subject>
  <effectiveDateTime value="2024-01-03T14:00:00Z"/>
  <valueCodeableConcept>
    <coding>
      <system value="https://2rdoc.pt/ig/ios-lifestyle-medicine/CodeSystem/social-interaction-type-cs"/>
      <code value="family"/>
    </coding>
  </valueCodeableConcept>
  <component>
    <code>
      <coding>
        <system value="https://2rdoc.pt/ig/ios-lifestyle-medicine/CodeSystem/lifestyle-observation-cs"/>
        <code value="social-duration"/>
        <display value="Social interaction duration"/>
      </coding>
    </code>
    <valueQuantity>
      <value value="120"/>
      <unit value="minutes"/>
      <system value="http://unitsofmeasure.org"/>
      <code value="min"/>
    </valueQuantity>
  </component>
  <component>
    <code>
      <coding>
        <system value="https://2rdoc.pt/ig/ios-lifestyle-medicine/CodeSystem/lifestyle-observation-cs"/>
        <code value="social-quality"/>
        <display value="Social interaction quality score"/>
      </coding>
    </code>
    <valueCodeableConcept>
      <coding>
        <system value="https://2rdoc.pt/ig/ios-lifestyle-medicine/CodeSystem/social-interaction-quality-cs"/>
        <code value="meaningful"/>
      </coding>
    </valueCodeableConcept>
  </component>
  <component>
    <code>
      <coding>
        <system value="https://2rdoc.pt/ig/ios-lifestyle-medicine/CodeSystem/lifestyle-observation-cs"/>
        <code value="social-medium"/>
        <display value="Social interaction medium"/>
      </coding>
    </code>
    <valueCodeableConcept>
      <coding>
        <system value="https://2rdoc.pt/ig/ios-lifestyle-medicine/CodeSystem/social-interaction-medium-cs"/>
        <code value="inPerson"/>
      </coding>
    </valueCodeableConcept>
  </component>
  <component>
    <code>
      <coding>
        <system value="https://2rdoc.pt/ig/ios-lifestyle-medicine/CodeSystem/lifestyle-observation-cs"/>
        <code value="social-count"/>
        <display value="Number of social interactions"/>
      </coding>
    </code>
    <valueInteger value="4"/>
  </component>
</Observation>