<?xml version="1.0" encoding="UTF-8"?>

<Observation xmlns="http://hl7.org/fhir">
  <id value="SwimmingMetricsExample"/>
  <meta>
    <profile value="https://2rdoc.pt/ig/ios-lifestyle-medicine/StructureDefinition/swimming-metrics-observation"/>
  </meta>
  <text>
    <status value="generated"/><div xmlns="http://www.w3.org/1999/xhtml"><p class="res-header-id"><b>Narrativa gerada: Observation SwimmingMetricsExample</b></p><a name="SwimmingMetricsExample"> </a><a name="hcSwimmingMetricsExample"> </a><div style="display: inline-block; background-color: #d9e0e7; padding: 6px; margin: 4px; border: 1px solid #8da1b4; border-radius: 5px; line-height: 60%"><p style="margin-bottom: 0px"/><p style="margin-bottom: 0px">Perfil: <a href="StructureDefinition-swimming-metrics-observation.html">Swimming Metrics Observation Profile</a></p></div><p><b>status</b>: Final</p><p><b>category</b>: <span title="Códigos:{http://terminology.hl7.org/CodeSystem/observation-category activity}">Activity</span></p><p><b>code</b>: <span title="Códigos:{http://snomed.info/sct 20461001}">Swimming (qualifier value)</span></p><p><b>subject</b>: <a href="Patient-PatientExample.html">John Doe  Male, DoB: 1970-01-01 ( urn:oid:2.16.858.1.1.1#12345)</a></p><p><b>effective</b>: 2025-11-30 06:00:00+0000</p><p><b>note</b>: </p><blockquote><div><p>Pool swim: 80 lengths (25m pool). Good SWOLF score indicates efficient stroke.</p>
</div></blockquote><p><b>device</b>: <a href="Device-AppleWatchDevice.html">Device: status = active; manufacturer = Apple Inc.; serialNumber = DNPXYZ123456; modelNumber = A2978; type = </a></p><blockquote><p><b>component</b></p><p><b>code</b>: <span title="Códigos:{https://2rdoc.pt/ig/ios-lifestyle-medicine/CodeSystem/swimming-metrics-cs distance}">Total Distance</span></p><p><b>value</b>: 2000 meters<span style="background: LightGoldenRodYellow"> (Detalhes: UCUM códigom = 'm')</span></p></blockquote><blockquote><p><b>component</b></p><p><b>code</b>: <span title="Códigos:{https://2rdoc.pt/ig/ios-lifestyle-medicine/CodeSystem/swimming-metrics-cs laps}">Total Laps</span></p><p><b>value</b>: 80</p></blockquote><blockquote><p><b>component</b></p><p><b>code</b>: <span title="Códigos:{https://2rdoc.pt/ig/ios-lifestyle-medicine/CodeSystem/swimming-metrics-cs pool-length}">Pool Length</span></p><p><b>value</b>: 25 meters<span style="background: LightGoldenRodYellow"> (Detalhes: UCUM códigom = 'm')</span></p></blockquote><blockquote><p><b>component</b></p><p><b>code</b>: <span title="Códigos:{https://2rdoc.pt/ig/ios-lifestyle-medicine/CodeSystem/swimming-metrics-cs avg-swolf}">Average SWOLF</span></p><p><b>value</b>: 42</p></blockquote><blockquote><p><b>component</b></p><p><b>code</b>: <span title="Códigos:{https://2rdoc.pt/ig/ios-lifestyle-medicine/CodeSystem/swimming-metrics-cs strokes-per-lap}">Strokes Per Lap</span></p><p><b>value</b>: 18</p></blockquote><blockquote><p><b>component</b></p><p><b>code</b>: <span title="Códigos:{https://2rdoc.pt/ig/ios-lifestyle-medicine/CodeSystem/swimming-metrics-cs avg-pace}">Average Pace</span></p><p><b>value</b>: 120 seconds<span style="background: LightGoldenRodYellow"> (Detalhes: UCUM códigos = 's')</span></p></blockquote><blockquote><p><b>component</b></p><p><b>code</b>: <span title="Códigos:{https://2rdoc.pt/ig/ios-lifestyle-medicine/CodeSystem/swimming-metrics-cs stroke-type}">Primary Stroke Type</span></p><p><b>value</b>: <span title="Códigos:{https://2rdoc.pt/ig/ios-lifestyle-medicine/CodeSystem/swimming-stroke-type-cs freestyle}">Freestyle</span></p></blockquote></div>
  </text>
  <status value="final"/>
  <category>
    <coding>
      <system value="http://terminology.hl7.org/CodeSystem/observation-category"/>
      <code value="activity"/>
      <display value="Activity"/>
    </coding>
  </category>
  <code>
    <coding>
      <system value="http://snomed.info/sct"/>
      <code value="20461001"/>
      <display value="Swimming (qualifier value)"/>
    </coding>
  </code>
  <subject>
    <reference value="Patient/PatientExample"/>
  </subject>
  <effectiveDateTime value="2025-11-30T06:00:00Z"/>
  <note>
    <text value="Pool swim: 80 lengths (25m pool). Good SWOLF score indicates efficient stroke."/>
  </note>
  <device>
    <reference value="Device/AppleWatchDevice"/>
  </device>
  <component>
    <code>
      <coding>
        <system value="https://2rdoc.pt/ig/ios-lifestyle-medicine/CodeSystem/swimming-metrics-cs"/>
        <code value="distance"/>
        <display value="Total Distance"/>
      </coding>
    </code>
    <valueQuantity>
      <value value="2000"/>
      <unit value="meters"/>
      <system value="http://unitsofmeasure.org"/>
      <code value="m"/>
    </valueQuantity>
  </component>
  <component>
    <code>
      <coding>
        <system value="https://2rdoc.pt/ig/ios-lifestyle-medicine/CodeSystem/swimming-metrics-cs"/>
        <code value="laps"/>
        <display value="Total Laps"/>
      </coding>
    </code>
    <valueInteger value="80"/>
  </component>
  <component>
    <code>
      <coding>
        <system value="https://2rdoc.pt/ig/ios-lifestyle-medicine/CodeSystem/swimming-metrics-cs"/>
        <code value="pool-length"/>
        <display value="Pool Length"/>
      </coding>
    </code>
    <valueQuantity>
      <value value="25"/>
      <unit value="meters"/>
      <system value="http://unitsofmeasure.org"/>
      <code value="m"/>
    </valueQuantity>
  </component>
  <component>
    <code>
      <coding>
        <system value="https://2rdoc.pt/ig/ios-lifestyle-medicine/CodeSystem/swimming-metrics-cs"/>
        <code value="avg-swolf"/>
        <display value="Average SWOLF"/>
      </coding>
    </code>
    <valueInteger value="42"/>
  </component>
  <component>
    <code>
      <coding>
        <system value="https://2rdoc.pt/ig/ios-lifestyle-medicine/CodeSystem/swimming-metrics-cs"/>
        <code value="strokes-per-lap"/>
        <display value="Strokes Per Lap"/>
      </coding>
    </code>
    <valueInteger value="18"/>
  </component>
  <component>
    <code>
      <coding>
        <system value="https://2rdoc.pt/ig/ios-lifestyle-medicine/CodeSystem/swimming-metrics-cs"/>
        <code value="avg-pace"/>
        <display value="Average Pace"/>
      </coding>
    </code>
    <valueQuantity>
      <value value="120"/>
      <unit value="seconds"/>
      <system value="http://unitsofmeasure.org"/>
      <code value="s"/>
    </valueQuantity>
  </component>
  <component>
    <code>
      <coding>
        <system value="https://2rdoc.pt/ig/ios-lifestyle-medicine/CodeSystem/swimming-metrics-cs"/>
        <code value="stroke-type"/>
        <display value="Primary Stroke Type"/>
      </coding>
    </code>
    <valueCodeableConcept>
      <coding>
        <system value="https://2rdoc.pt/ig/ios-lifestyle-medicine/CodeSystem/swimming-stroke-type-cs"/>
        <code value="freestyle"/>
        <display value="Freestyle"/>
      </coding>
    </valueCodeableConcept>
  </component>
</Observation>