<?xml version="1.0" encoding="UTF-8"?>

<OperationDefinition xmlns="http://hl7.org/fhir">
  <id value="EndSessionOperation"/>
  <meta>
    <profile value="https://github.com/RicardoLSantos/shorthand/StructureDefinition/mindfulness-operation"/>
  </meta>
  <text>
    <status value="generated"/><div xmlns="http://www.w3.org/1999/xhtml"><p class="res-header-id"><b>Generated Narrative: OperationDefinition EndSessionOperation</b></p><a name="EndSessionOperation"> </a><a name="hcEndSessionOperation"> </a><a name="EndSessionOperation-en-US"> </a><p>URL: [base]/Observation/$end</p><p>URL: [base]/Observation/[id]/$end</p><h3>Parameters</h3><table class="grid"><tr><td><b>Use</b></td><td><b>Name</b></td><td><b>Scope</b></td><td><b>Cardinality</b></td><td><b>Type</b></td><td><b>Binding</b></td><td><b>Documentation</b></td></tr><tr><td>IN</td><td>session</td><td/><td>1..1</td><td><a href="http://hl7.org/fhir/R4/datatypes.html#string">string</a></td><td/><td><div><p>ID of the session to end</p>
</div></td></tr></table></div>
  </text>
  <url value="https://github.com/RicardoLSantos/shorthand/OperationDefinition/EndSessionOperation"/>
  <version value="0.1.0"/>
  <name value="end-session"/>
  <status value="active"/>
  <kind value="operation"/>
  <date value="2025-01-04T22:47:01+00:00"/>
  <publisher value="Ricardo Lourenço dos Santos"/>
  <contact>
    <name value="Ricardo Lourenço dos Santos"/>
    <telecom>
      <system value="url"/>
      <value value="https://linktr.ee/ricardolsantos"/>
    </telecom>
  </contact>
  <code value="end"/>
  <resource value="Observation"/>
  <system value="false"/>
  <type value="true"/>
  <instance value="true"/>
  <parameter>
    <name value="session"/>
    <use value="in"/>
    <min value="1"/>
    <max value="1"/>
    <documentation value="ID of the session to end"/>
    <type value="string"/>
  </parameter>
</OperationDefinition>