<?xml version="1.0" encoding="UTF-8"?>

<Patient xmlns="http://hl7.org/fhir">
  <id value="PatientExample"/>
  <text>
    <status value="generated"/><div xmlns="http://www.w3.org/1999/xhtml"><p class="res-header-id"><b>Generated Narrative: Patient PatientExample</b></p><a name="PatientExample"> </a><a name="hcPatientExample"> </a><a name="PatientExample-en-US"> </a><p style="border: 1px #661aff solid; background-color: #e6e6ff; padding: 10px;">Example Patient Male, DoB: 1990-01-01 ( urn:oid:2.16.840.1.113883.2.4.6.3#123456789 (use: usual, ))</p><hr/><table class="grid"><tr><td style="background-color: #f3f5da" title="Record is active">Active:</td><td colspan="3">true</td></tr></table></div>
  </text>
  <identifier>
    <use value="usual"/>
    <system value="urn:oid:2.16.840.1.113883.2.4.6.3"/>
    <value value="123456789"/>
  </identifier>
  <active value="true"/>
  <name>
    <text value="Example Patient"/>
    <family value="Patient"/>
    <given value="Example"/>
  </name>
  <gender value="male"/>
  <birthDate value="1990-01-01"/>
</Patient>