<?xml version="1.0" encoding="UTF-8"?>

<Provenance xmlns="http://hl7.org/fhir">
  <id value="ProvenanceTransmissionExample"/>
  <meta>
    <profile value="https://2rdoc.pt/ig/ios-lifestyle-medicine/StructureDefinition/pghd-provenance"/>
  </meta>
  <text>
    <status value="generated"/><div xmlns="http://www.w3.org/1999/xhtml"><p class="res-header-id"><b>Narrativa gerada: Provenance ProvenanceTransmissionExample</b></p><a name="ProvenanceTransmissionExample"> </a><a name="hcProvenanceTransmissionExample"> </a><div style="display: inline-block; background-color: #d9e0e7; padding: 6px; margin: 4px; border: 1px solid #8da1b4; border-radius: 5px; line-height: 60%"><p style="margin-bottom: 0px"/><p style="margin-bottom: 0px">Perfil: <a href="StructureDefinition-pghd-provenance.html">Patient-Generated Health Data Provenance</a></p></div><p>Proveniência para <a href="Observation-HRVObservationExample.html">Observation R-R interval.standard deviation (Heart rate variability)</a></p><p>Resumo</p><table class="grid"><tr><td>Gravado</td><td>2025-01-15 09:00:00+0000</td></tr><tr><td>Atividade</td><td><span title="Códigos:{http://terminology.hl7.org/CodeSystem/iso-21089-lifecycle transmit}">Transmit</span></td></tr></table><p><b>Agentes</b></p><table class="grid"><tr><td><b>Tipo</b></td><td><b>que</b></td></tr><tr><td><span title="Códigos:{http://terminology.hl7.org/CodeSystem/provenance-participant-type assembler}">Assembler</span></td><td>iOS Lifestyle Medicine App v2.1</td></tr><tr><td><span title="Códigos:{http://terminology.hl7.org/CodeSystem/provenance-participant-type author}">Author</span></td><td><a href="Patient-PatientExample.html">John Smith</a></td></tr></table></div>
  </text>
  <target>
    <reference value="Observation/HRVObservationExample"/>
  </target>
  <recorded value="2025-01-15T09:00:00Z"/>
  <activity>
    <coding>
      <system value="http://terminology.hl7.org/CodeSystem/iso-21089-lifecycle"/>
      <code value="transmit"/>
      <display value="Transmit"/>
    </coding>
  </activity>
  <agent>
    <type>
      <coding>
        <system value="http://terminology.hl7.org/CodeSystem/provenance-participant-type"/>
        <code value="assembler"/>
      </coding>
    </type>
    <who>
      <display value="iOS Lifestyle Medicine App v2.1"/>
    </who>
  </agent>
  <agent>
    <type>
      <coding>
        <system value="http://terminology.hl7.org/CodeSystem/provenance-participant-type"/>
        <code value="author"/>
      </coding>
    </type>
    <who>
      <reference value="Patient/PatientExample"/>
      <display value="John Smith"/>
    </who>
  </agent>
  <entity>
    <role value="source"/>
    <what>
      <reference value="Observation/HRVObservationExample"/>
    </what>
  </entity>
  <signature>
    <type>
      <system value="urn:iso-astm:E1762-95:2013"/>
      <code value="1.2.840.10065.1.12.1.1"/>
      <display value="Author's Signature"/>
    </type>
    <when value="2025-01-15T09:00:00Z"/>
    <who>
      <reference value="Patient/PatientExample"/>
    </who>
  </signature>
</Provenance>