<?xml version="1.0" encoding="UTF-8"?>

<RiskAssessment xmlns="http://hl7.org/fhir">
  <id value="MobilityRiskAssessmentExample"/>
  <meta>
    <profile value="https://2rdoc.pt/ig/ios-lifestyle-medicine/StructureDefinition/mobility-risk-assessment"/>
  </meta>
  <text>
    <status value="generated"/><div xmlns="http://www.w3.org/1999/xhtml"><p class="res-header-id"><b>Narrativa gerada: RiskAssessment MobilityRiskAssessmentExample</b></p><a name="MobilityRiskAssessmentExample"> </a><a name="hcMobilityRiskAssessmentExample"> </a><div style="display: inline-block; background-color: #d9e0e7; padding: 6px; margin: 4px; border: 1px solid #8da1b4; border-radius: 5px; line-height: 60%"><p style="margin-bottom: 0px"/><p style="margin-bottom: 0px">Perfil: <a href="StructureDefinition-mobility-risk-assessment.html">Mobility Risk Assessment Profile</a></p></div><p><b>status</b>: Final</p><p><b>subject</b>: <a href="Patient-PatientExample.html">John Doe  Male, DoB: 1970-01-01 ( urn:oid:2.16.858.1.1.1#12345)</a></p><p><b>occurrence</b>: 2024-03-19 09:30:00+0000</p><p><b>performer</b>: <a href="Practitioner-PractitionerExample.html">Practitioner Jane Smith </a></p><p><b>basis</b>: <a href="Observation-MobilityProfileExample.html">Observation Balance assessment</a></p><h3>Predictions</h3><table class="grid"><tr><td style="display: none">-</td><td><b>Outcome</b></td><td><b>Probability[x]</b></td><td><b>QualitativeRisk</b></td></tr><tr><td style="display: none">*</td><td><span title="Códigos:{http://snomed.info/sct 217082002}">Accidental fall</span></td><td>0.15</td><td><span title="Códigos:{http://terminology.hl7.org/CodeSystem/risk-probability low}">Low likelihood</span></td></tr></table><p><b>note</b>: </p><blockquote><div><p>Patient shows good mobility metrics with low fall risk based on walking steadiness assessment</p>
</div></blockquote></div>
  </text>
  <status value="final"/>
  <subject>
    <reference value="Patient/PatientExample"/>
  </subject>
  <occurrenceDateTime value="2024-03-19T09:30:00Z"/>
  <performer>
    <reference value="Practitioner/PractitionerExample"/>
  </performer>
  <basis>
    <reference value="Observation/MobilityProfileExample"/>
  </basis>
  <prediction>
    <outcome>
      <coding>
        <system value="http://snomed.info/sct"/>
        <code value="217082002"/>
        <display value="Accidental fall"/>
      </coding>
    </outcome>
    <probabilityDecimal value="0.15"/>
    <qualitativeRisk>
      <coding>
        <system value="http://terminology.hl7.org/CodeSystem/risk-probability"/>
        <code value="low"/>
        <display value="Low likelihood"/>
      </coding>
    </qualitativeRisk>
  </prediction>
  <note>
    <text value="Patient shows good mobility metrics with low fall risk based on walking steadiness assessment"/>
  </note>
</RiskAssessment>