<?xml version="1.0" encoding="UTF-8"?>

<SearchParameter xmlns="http://hl7.org/fhir">
  <id value="MindfulnessType"/>
  <text>
    <status value="generated"/><div xmlns="http://www.w3.org/1999/xhtml"><p class="res-header-id"><b>Generated Narrative: SearchParameter MindfulnessType</b></p><a name="MindfulnessType"> </a><a name="hcMindfulnessType"> </a><a name="MindfulnessType-en-US"> </a><h2>MindfulnessType</h2><p>Parameter <code>mindfulness-type</code>:<code>token</code></p><div><p>Search for mindfulness observations by practice type</p>
</div><table class="grid"><tr><td>Resource</td><td><a href="http://hl7.org/fhir/R4/observation.html">Observation</a></td></tr><tr><td>Expression</td><td><code>Observation.component(code.coding.where(system='http://snomed.info/sct' and code='711020003')).value.as(CodeableConcept)</code></td></tr><tr><td>Processing Mode</td><td>Normal</td></tr><tr><td>Multiples</td><td><ul><li>multipleAnd: It's up to the server whether the parameter may repeat in order to specify multiple values that must all be true</li><li>multipleOr: It's up to the server whether the parameter can have multiple values (separated by comma) where at least one must be true</li></ul></td></tr></table></div>
  </text>
  <url value="https://github.com/RicardoLSantos/shorthand/SearchParameter/MindfulnessType"/>
  <version value="0.1.0"/>
  <name value="MindfulnessType"/>
  <status value="active"/>
  <date value="2025-01-03T09:54:59+00:00"/>
  <publisher value="Ricardo Lourenço dos Santos"/>
  <contact>
    <name value="Ricardo Lourenço dos Santos"/>
    <telecom>
      <system value="url"/>
      <value value="https://linktr.ee/ricardolsantos"/>
    </telecom>
  </contact>
  <description value="Search for mindfulness observations by practice type"/>
  <code value="mindfulness-type"/>
  <base value="Observation"/>
  <type value="token"/>
  <expression value="Observation.component(code.coding.where(system='http://snomed.info/sct' and code='711020003')).value.as(CodeableConcept)"/>
  <xpathUsage value="normal"/>
</SearchParameter>