<?xml version="1.0" encoding="UTF-8"?>

<StructureMap xmlns="http://hl7.org/fhir">
  <id value="MindfulnessHealthKitTransform"/>
  <text>
    <status value="generated"/><div xmlns="http://www.w3.org/1999/xhtml"><p class="res-header-id"><b>Generated Narrative: StructureMap MindfulnessHealthKitTransform</b></p><a name="MindfulnessHealthKitTransform"> </a><a name="hcMindfulnessHealthKitTransform"> </a><a name="MindfulnessHealthKitTransform-en-US"> </a><pre class="fml">
<b>map</b><span style="color: navy"> &quot;</span>https://github.com/RicardoLSantos/shorthand/StructureMap/MindfulnessHealthKitTransform<span style="color: navy">&quot; = &quot;</span>MindfulnessHealthKitTransform<span style="color: navy">&quot;

</span><b>uses</b><span style="color: navy"> &quot;</span>http://example.org/StructureDefinition/healthkit-mindfulness<span style="color: navy">&quot; </span><b>as </b><b>source</b> <span style="color: navy">// </span><span style="color: green">HealthKit mindfulness session structure</span>
<b>uses</b><span style="color: navy"> &quot;</span><a href="http://hl7.org/fhir/R4/observation.html" title="Observation">http://hl7.org/fhir/StructureDefinition/Observation</a><span style="color: navy">&quot; </span><b>as </b><b>target</b> <span style="color: navy">// </span><span style="color: green">FHIR Observation resource</span>

<b>group </b>MindfulnessSessionToObservation<span style="color: navy">(</span><b>source</b> <span style="color: maroon">source</span><span style="color: navy"> : </span>HealthKitMindfulness, <b>target</b> <span style="color: maroon">target</span><span style="color: navy"> : </span>Observation<span style="color: navy">)</span><span style="color: navy"> {
</span>  source.startDate<span style="color: navy"><b> -&gt; </b></span>target.effectiveDateTime <i>&quot;Session&quot;</i><span style="color: navy">;</span>
  source.duration<span style="color: navy"><b> -&gt; </b></span>target.component.where(code.coding.code='118682006').valueQuantity <i>&quot;Duration&quot;</i><span style="color: navy">;</span>
<span style="color: navy">}

</span></pre></div>
  </text>
  <url value="https://github.com/RicardoLSantos/shorthand/StructureMap/MindfulnessHealthKitTransform"/>
  <version value="0.1.0"/>
  <name value="MindfulnessHealthKitTransform"/>
  <title value="HealthKit to FHIR Mindfulness Transform"/>
  <status value="draft"/>
  <date value="2025-01-24T12:30:11+00:00"/>
  <publisher value="Ricardo Lourenço dos Santos"/>
  <contact>
    <name value="Ricardo Lourenço dos Santos"/>
    <telecom>
      <system value="url"/>
      <value value="https://linktr.ee/ricardolsantos"/>
    </telecom>
  </contact>
  <structure>
    <url value="http://example.org/StructureDefinition/healthkit-mindfulness"/>
    <mode value="source"/>
    <documentation value="HealthKit mindfulness session structure"/>
  </structure>
  <structure>
    <url value="http://hl7.org/fhir/StructureDefinition/Observation"/>
    <mode value="target"/>
    <documentation value="FHIR Observation resource"/>
  </structure>
  <group>
    <name value="MindfulnessSessionToObservation"/>
    <typeMode value="none"/>
    <input>
      <name value="source"/>
      <type value="HealthKitMindfulness"/>
      <mode value="source"/>
    </input>
    <input>
      <name value="target"/>
      <type value="Observation"/>
      <mode value="target"/>
    </input>
    <rule>
      <name value="Session"/>
      <source>
        <context value="source"/>
        <element value="startDate"/>
      </source>
      <target>
        <context value="target"/>
        <contextType value="variable"/>
        <element value="effectiveDateTime"/>
      </target>
    </rule>
    <rule>
      <name value="Duration"/>
      <source>
        <context value="source"/>
        <element value="duration"/>
      </source>
      <target>
        <context value="target"/>
        <contextType value="variable"/>
        <element value="component.where(code.coding.code='118682006').valueQuantity"/>
      </target>
    </rule>
  </group>
</StructureMap>