<?xml version="1.0" encoding="UTF-8"?>

<ValueSet xmlns="http://hl7.org/fhir">
  <id value="measurement-device-type-vs"/>
  <text>
    <status value="generated"/><div xmlns="http://www.w3.org/1999/xhtml"><p class="res-header-id"><b>Generated Narrative: ValueSet measurement-device-type-vs</b></p><a name="measurement-device-type-vs"> </a><a name="hcmeasurement-device-type-vs"> </a><a name="measurement-device-type-vs-en-US"> </a><ul><li>Include these codes as defined in <a href="http://www.snomed.org/"><code>http://snomed.info/sct</code></a><table class="none"><tr><td style="white-space:nowrap"><b>Code</b></td><td><b>Display</b></td></tr><tr><td><a href="http://snomed.info/id/469576000">469576000</a></td><td>Smart watch</td></tr><tr><td><a href="http://snomed.info/id/706767009">706767009</a></td><td>Body composition analyzer</td></tr><tr><td><a href="http://snomed.info/id/131009002">131009002</a></td><td>Height measuring device</td></tr><tr><td><a href="http://snomed.info/id/706889009">706889009</a></td><td>Blood pressure monitor</td></tr><tr><td><a href="http://snomed.info/id/444699000">444699000</a></td><td>Tape measure</td></tr><tr><td><a href="http://snomed.info/id/44056008">44056008</a></td><td>Digital scale</td></tr></table></li></ul></div>
  </text>
  <url value="https://github.com/RicardoLSantos/shorthand/ValueSet/measurement-device-type-vs"/>
  <version value="0.1.0"/>
  <name value="MeasurementDeviceTypeVS"/>
  <title value="Measurement Device Type Value Set"/>
  <status value="draft"/>
  <date value="2025-01-03T09:54:59+00:00"/>
  <publisher value="Ricardo Lourenço dos Santos"/>
  <contact>
    <name value="Ricardo Lourenço dos Santos"/>
    <telecom>
      <system value="url"/>
      <value value="https://linktr.ee/ricardolsantos"/>
    </telecom>
  </contact>
  <description value="Types of devices used for health and body measurements"/>
  <compose>
    <include>
      <system value="http://snomed.info/sct"/>
      <concept>
        <code value="469576000"/>
        <display value="Smart watch"/>
      </concept>
      <concept>
        <code value="706767009"/>
        <display value="Body composition analyzer"/>
      </concept>
      <concept>
        <code value="131009002"/>
        <display value="Height measuring device"/>
      </concept>
      <concept>
        <code value="706889009"/>
        <display value="Blood pressure monitor"/>
      </concept>
      <concept>
        <code value="444699000"/>
        <display value="Tape measure"/>
      </concept>
      <concept>
        <code value="44056008"/>
        <display value="Digital scale"/>
      </concept>
    </include>
  </compose>
</ValueSet>