<?xml version="1.0" encoding="UTF-8"?>

<ValueSet xmlns="http://hl7.org/fhir">
  <id value="circadian-phase-vs"/>
  <text>
    <status value="generated"/><div xmlns="http://www.w3.org/1999/xhtml"><p class="res-header-id"><b>Generated Narrative: ValueSet circadian-phase-vs</b></p><a name="circadian-phase-vs"> </a><a name="hccircadian-phase-vs"> </a><a name="circadian-phase-vs-en-US"> </a><ul><li>Include all codes defined in <a href="CodeSystem-circadian-phase-cs.html"><code>https://github.com/RicardoLSantos/shorthand/CodeSystem/circadian-phase-cs</code></a></li></ul></div>
  </text>
  <url value="https://github.com/RicardoLSantos/shorthand/ValueSet/circadian-phase-vs"/>
  <version value="0.1.0"/>
  <name value="CircadianPhaseVS"/>
  <title value="Circadian Phase Value Set"/>
  <status value="draft"/>
  <experimental value="true"/>
  <date value="2025-01-04T22:09:55+00:00"/>
  <publisher value="Ricardo Lourenço dos Santos"/>
  <contact>
    <name value="Ricardo Lourenço dos Santos"/>
    <telecom>
      <system value="url"/>
      <value value="https://linktr.ee/ricardolsantos"/>
    </telecom>
  </contact>
  <description value="Value set for circadian rhythm phases"/>
  <compose>
    <include>
      <system value="https://github.com/RicardoLSantos/shorthand/CodeSystem/circadian-phase-cs"/>
    </include>
  </compose>
</ValueSet>