<?xml version="1.0" encoding="UTF-8"?>

<ValueSet xmlns="http://hl7.org/fhir">
  <id value="fertility-status-valueset"/>
  <text>
    <status value="generated"/><div xmlns="http://www.w3.org/1999/xhtml"><p class="res-header-id"><b>Generated Narrative: ValueSet fertility-status-valueset</b></p><a name="fertility-status-valueset"> </a><a name="hcfertility-status-valueset"> </a><a name="fertility-status-valueset-en-US"> </a><ul><li>Include all codes defined in <a href="CodeSystem-fertility-status-cs.html"><code>http://example.org/fhir/CodeSystem/fertility-status-cs</code></a></li></ul></div>
  </text>
  <url value="http://example.org/fhir/ValueSet/fertility-status-vs"/>
  <version value="0.1.0"/>
  <name value="FertilityStatusValueSet"/>
  <title value="Fertility Status Value Set"/>
  <status value="active"/>
  <date value="2025-01-04T22:27:27+00:00"/>
  <publisher value="Ricardo Lourenço dos Santos"/>
  <contact>
    <name value="Ricardo Lourenço dos Santos"/>
    <telecom>
      <system value="url"/>
      <value value="https://linktr.ee/ricardolsantos"/>
    </telecom>
  </contact>
  <description value="Value set for fertility status"/>
  <compose>
    <include>
      <system value="http://example.org/fhir/CodeSystem/fertility-status-cs"/>
    </include>
  </compose>
</ValueSet>