<?xml version="1.0" encoding="UTF-8"?>

<ValueSet xmlns="http://hl7.org/fhir">
  <id value="balance-status"/>
  <text>
    <status value="generated"/><div xmlns="http://www.w3.org/1999/xhtml"><p class="res-header-id"><b>Generated Narrative: ValueSet balance-status</b></p><a name="balance-status"> </a><a name="hcbalance-status"> </a><a name="balance-status-en-US"> </a><ul><li>Include all codes defined in <a href="CodeSystem-balance-status.html"><code>http://example.org/fhir/CodeSystem/balance-status</code></a></li></ul></div>
  </text>
  <url value="http://example.org/fhir/ValueSet/balance-status"/>
  <version value="0.1.0"/>
  <name value="BalanceStatusValueSet"/>
  <title value="Balance Status Value Set"/>
  <status value="active"/>
  <date value="2025-01-03T09:54:59+00:00"/>
  <publisher value="Ricardo Lourenço dos Santos"/>
  <contact>
    <name value="Ricardo Lourenço dos Santos"/>
    <telecom>
      <system value="url"/>
      <value value="https://linktr.ee/ricardolsantos"/>
    </telecom>
  </contact>
  <description value="Value set for walking steadiness balance status"/>
  <compose>
    <include>
      <system value="http://example.org/fhir/CodeSystem/balance-status"/>
    </include>
  </compose>
</ValueSet>