<?xml version="1.0" encoding="UTF-8"?>

<ValueSet xmlns="http://hl7.org/fhir">
  <id value="environment-type"/>
  <text>
    <status value="generated"/><div xmlns="http://www.w3.org/1999/xhtml"><p class="res-header-id"><b>Generated Narrative: ValueSet environment-type</b></p><a name="environment-type"> </a><a name="hcenvironment-type"> </a><a name="environment-type-en-US"> </a><ul><li>Include all codes defined in <code>http://example.org/fhir/CodeSystem/environment-type</code></li></ul></div>
  </text>
  <url value="http://example.org/fhir/ValueSet/environment-type"/>
  <version value="0.1.0"/>
  <name value="EnvironmentTypeValueSet"/>
  <title value="Environment Type Value Set"/>
  <status value="active"/>
  <date value="2025-01-04T22:27:27+00:00"/>
  <publisher value="Ricardo Lourenço dos Santos"/>
  <contact>
    <name value="Ricardo Lourenço dos Santos"/>
    <telecom>
      <system value="url"/>
      <value value="https://linktr.ee/ricardolsantos"/>
    </telecom>
  </contact>
  <description value="Value set for environmental context types"/>
  <compose>
    <include>
      <system value="http://example.org/fhir/CodeSystem/environment-type"/>
    </include>
  </compose>
</ValueSet>