<?xml version="1.0" encoding="UTF-8"?>

<ValueSet xmlns="http://hl7.org/fhir">
  <id value="audit-formats"/>
  <text>
    <status value="generated"/><div xmlns="http://www.w3.org/1999/xhtml"><p class="res-header-id"><b>Generated Narrative: ValueSet audit-formats</b></p><a name="audit-formats"> </a><a name="hcaudit-formats"> </a><a name="audit-formats-en-US"> </a><ul><li>Include all codes defined in <a href="CodeSystem-audit-formats.html"><code>http://example.org/fhir/CodeSystem/audit-formats</code></a></li></ul></div>
  </text>
  <url value="http://example.org/fhir/ValueSet/audit-formats"/>
  <version value="0.1.0"/>
  <name value="AuditFormatsValueSet"/>
  <title value="Audit Formats Value Set"/>
  <status value="active"/>
  <experimental value="false"/>
  <date value="2024-12-27"/>
  <publisher value="Ricardo Lourenço dos Santos"/>
  <contact>
    <name value="Ricardo Lourenço dos Santos"/>
    <telecom>
      <system value="url"/>
      <value value="https://linktr.ee/ricardolsantos"/>
    </telecom>
  </contact>
  <description value="Value set for audit format types"/>
  <compose>
    <include>
      <system value="http://example.org/fhir/CodeSystem/audit-formats"/>
    </include>
  </compose>
</ValueSet>