<?xml version="1.0" encoding="UTF-8"?>

<ValueSet xmlns="http://hl7.org/fhir">
  <id value="sleep-quality-vs"/>
  <text>
    <status value="generated"/><div xmlns="http://www.w3.org/1999/xhtml"><p class="res-header-id"><b>Generated Narrative: ValueSet sleep-quality-vs</b></p><a name="sleep-quality-vs"> </a><a name="hcsleep-quality-vs"> </a><a name="sleep-quality-vs-en-US"> </a><ul><li>Include these codes as defined in <a href="http://www.snomed.org/"><code>http://snomed.info/sct</code></a><table class="none"><tr><td style="white-space:nowrap"><b>Code</b></td><td><b>Display</b></td></tr><tr><td><a href="http://snomed.info/id/248254009">248254009</a></td><td>Quality of sleep (observable entity)</td></tr><tr><td><a href="http://snomed.info/id/248255005">248255005</a></td><td>Sleeping well</td></tr><tr><td><a href="http://snomed.info/id/248256006">248256006</a></td><td>Difficulty sleeping</td></tr><tr><td><a href="http://snomed.info/id/301345002">301345002</a></td><td>Poor sleep pattern</td></tr><tr><td><a href="http://snomed.info/id/301346001">301346001</a></td><td>Good sleep pattern</td></tr></table></li></ul></div>
  </text>
  <url value="https://github.com/RicardoLSantos/shorthand/ValueSet/sleep-quality-vs"/>
  <version value="0.1.0"/>
  <name value="SleepQualityVS"/>
  <title value="Sleep Quality Value Set"/>
  <status value="active"/>
  <experimental value="false"/>
  <date value="2025-01-02T17:46:41+00:00"/>
  <publisher value="Ricardo Lourenço dos Santos"/>
  <contact>
    <name value="Ricardo Lourenço dos Santos"/>
    <telecom>
      <system value="url"/>
      <value value="https://linktr.ee/ricardolsantos"/>
    </telecom>
  </contact>
  <description value="Qualitative assessments of sleep quality including subjective measures"/>
  <compose>
    <include>
      <system value="http://snomed.info/sct"/>
      <concept>
        <code value="248254009"/>
        <display value="Quality of sleep (observable entity)"/>
      </concept>
      <concept>
        <code value="248255005"/>
        <display value="Sleeping well"/>
      </concept>
      <concept>
        <code value="248256006"/>
        <display value="Difficulty sleeping"/>
      </concept>
      <concept>
        <code value="301345002"/>
        <display value="Poor sleep pattern"/>
      </concept>
      <concept>
        <code value="301346001"/>
        <display value="Good sleep pattern"/>
      </concept>
    </include>
  </compose>
</ValueSet>