<?xml version="1.0" encoding="UTF-8"?>

<ValueSet xmlns="http://hl7.org/fhir">
  <id value="stress-triggers-vs"/>
  <text>
    <status value="generated"/><div xmlns="http://www.w3.org/1999/xhtml"><p class="res-header-id"><b>Generated Narrative: ValueSet stress-triggers-vs</b></p><a name="stress-triggers-vs"> </a><a name="hcstress-triggers-vs"> </a><a name="stress-triggers-vs-en-US"> </a><ul><li>Include all codes defined in <a href="CodeSystem-stress-triggers-cs.html"><code>https://github.com/RicardoLSantos/shorthand/CodeSystem/stress-triggers-cs</code></a></li></ul></div>
  </text>
  <url value="https://github.com/RicardoLSantos/shorthand/ValueSet/stress-triggers-vs"/>
  <version value="0.1.0"/>
  <name value="StressTriggersVS"/>
  <title value="Stress Triggers Value Set"/>
  <status value="draft"/>
  <date value="2025-01-04T21:28:42+00:00"/>
  <publisher value="Ricardo Lourenço dos Santos"/>
  <contact>
    <name value="Ricardo Lourenço dos Santos"/>
    <telecom>
      <system value="url"/>
      <value value="https://linktr.ee/ricardolsantos"/>
    </telecom>
  </contact>
  <description value="Value set for common stress triggers"/>
  <compose>
    <include>
      <system value="https://github.com/RicardoLSantos/shorthand/CodeSystem/stress-triggers-cs"/>
    </include>
  </compose>
</ValueSet>