<?xml version="1.0" encoding="UTF-8"?>

<ValueSet xmlns="http://hl7.org/fhir">
  <id value="stress-impact-vs"/>
  <text>
    <status value="generated"/><div xmlns="http://www.w3.org/1999/xhtml"><p class="res-header-id"><b>Generated Narrative: ValueSet stress-impact-vs</b></p><a name="stress-impact-vs"> </a><a name="hcstress-impact-vs"> </a><a name="stress-impact-vs-en-US"> </a><ul><li>Include all codes defined in <a href="CodeSystem-stress-impact-cs.html"><code>https://github.com/RicardoLSantos/shorthand/CodeSystem/stress-impact-cs</code></a></li></ul></div>
  </text>
  <url value="https://github.com/RicardoLSantos/shorthand/ValueSet/stress-impact-vs"/>
  <version value="0.1.0"/>
  <name value="StressImpactVS"/>
  <title value="Stress Impact Value Set"/>
  <status value="draft"/>
  <date value="2025-01-14T13:24:18+00:00"/>
  <publisher value="Ricardo Lourenço dos Santos"/>
  <contact>
    <name value="Ricardo Lourenço dos Santos"/>
    <telecom>
      <system value="url"/>
      <value value="https://linktr.ee/ricardolsantos"/>
    </telecom>
  </contact>
  <description value="Value set for describing stress impact levels"/>
  <compose>
    <include>
      <system value="https://github.com/RicardoLSantos/shorthand/CodeSystem/stress-impact-cs"/>
    </include>
  </compose>
</ValueSet>