<?xml version="1.0" encoding="UTF-8"?>

<ValueSet xmlns="http://hl7.org/fhir">
  <id value="mobility-decline-outcomes-valueset"/>
  <text>
    <status value="generated"/><div xmlns="http://www.w3.org/1999/xhtml"><p class="res-header-id"><b>Generated Narrative: ValueSet mobility-decline-outcomes-valueset</b></p><a name="mobility-decline-outcomes-valueset"> </a><a name="hcmobility-decline-outcomes-valueset"> </a><a name="mobility-decline-outcomes-valueset-en-US"> </a><ul><li>Include all codes defined in <a href="CodeSystem-mobility-decline-outcomes-codesystem.html"><code>http://example.org/CodeSystem/mobility-decline-outcomes-codesystem</code></a></li></ul></div>
  </text>
  <url value="http://example.org/ValueSet/mobility-decline-outcomes-valueset"/>
  <version value="0.1.0"/>
  <name value="MobilityDeclineOutcomesValueSet"/>
  <title value="Mobility Decline Outcomes Value Set"/>
  <status value="active"/>
  <date value="2025-01-02T17:46:41+00:00"/>
  <publisher value="Ricardo Lourenço dos Santos"/>
  <contact>
    <name value="Ricardo Lourenço dos Santos"/>
    <telecom>
      <system value="url"/>
      <value value="https://linktr.ee/ricardolsantos"/>
    </telecom>
  </contact>
  <description value="Value set for mobility decline assessment outcomes"/>
  <compose>
    <include>
      <system value="http://example.org/CodeSystem/mobility-decline-outcomes-codesystem"/>
    </include>
  </compose>
</ValueSet>