<?xml version="1.0" encoding="UTF-8"?>

<ValueSet xmlns="http://hl7.org/fhir">
  <id value="measurement-context-vital-signs"/>
  <text>
    <status value="generated"/><div xmlns="http://www.w3.org/1999/xhtml"><p class="res-header-id"><b>Generated Narrative: ValueSet measurement-context-vital-signs</b></p><a name="measurement-context-vital-signs"> </a><a name="hcmeasurement-context-vital-signs"> </a><a name="measurement-context-vital-signs-en-US"> </a><ul><li>Include these codes as defined in <a href="http://www.snomed.org/"><code>http://snomed.info/sct</code></a><table class="none"><tr><td style="white-space:nowrap"><b>Code</b></td><td><b>Display</b></td></tr><tr><td><a href="http://snomed.info/id/255214003">255214003</a></td><td>At rest</td></tr><tr><td><a href="http://snomed.info/id/309604004">309604004</a></td><td>During exercise</td></tr><tr><td><a href="http://snomed.info/id/309605003">309605003</a></td><td>Post exercise</td></tr><tr><td><a href="http://snomed.info/id/248626006">248626006</a></td><td>During sleep</td></tr></table></li></ul></div>
  </text>
  <url value="https://github.com/RicardoLSantos/shorthand/ValueSet/measurement-context-vital-signs"/>
  <version value="0.1.0"/>
  <name value="MeasurementContextVitalSigns"/>
  <title value="Measurement Context Value Set"/>
  <status value="draft"/>
  <date value="2025-01-24T12:30:11+00:00"/>
  <publisher value="Ricardo Lourenço dos Santos"/>
  <contact>
    <name value="Ricardo Lourenço dos Santos"/>
    <telecom>
      <system value="url"/>
      <value value="https://linktr.ee/ricardolsantos"/>
    </telecom>
  </contact>
  <compose>
    <include>
      <system value="http://snomed.info/sct"/>
      <concept>
        <code value="255214003"/>
        <display value="At rest"/>
      </concept>
      <concept>
        <code value="309604004"/>
        <display value="During exercise"/>
      </concept>
      <concept>
        <code value="309605003"/>
        <display value="Post exercise"/>
      </concept>
      <concept>
        <code value="248626006"/>
        <display value="During sleep"/>
      </concept>
    </include>
  </compose>
</ValueSet>