<?xml version="1.0" encoding="UTF-8"?>

<ValueSet xmlns="http://hl7.org/fhir">
  <id value="symptom-progression-vs"/>
  <text>
    <status value="generated"/><div xmlns="http://www.w3.org/1999/xhtml"><p class="res-header-id"><b>Generated Narrative: ValueSet symptom-progression-vs</b></p><a name="symptom-progression-vs"> </a><a name="hcsymptom-progression-vs"> </a><a name="symptom-progression-vs-en-US"> </a><ul><li>Include these codes as defined in <a href="http://www.snomed.org/"><code>http://snomed.info/sct</code></a><table class="none"><tr><td style="white-space:nowrap"><b>Code</b></td><td><b>Display</b></td></tr><tr><td><a href="http://snomed.info/id/385633008">385633008</a></td><td>Improving</td></tr><tr><td><a href="http://snomed.info/id/58158008">58158008</a></td><td>Stable</td></tr><tr><td><a href="http://snomed.info/id/230993007">230993007</a></td><td>Worsening</td></tr><tr><td><a href="http://snomed.info/id/255314001">255314001</a></td><td>Fluctuating</td></tr></table></li></ul></div>
  </text>
  <url value="https://github.com/RicardoLSantos/shorthand/ValueSet/symptom-progression-vs"/>
  <version value="0.1.0"/>
  <name value="SymptomProgressionVS"/>
  <title value="Symptom Progression Value Set"/>
  <status value="draft"/>
  <date value="2025-01-02T17:46:41+00:00"/>
  <publisher value="Ricardo Lourenço dos Santos"/>
  <contact>
    <name value="Ricardo Lourenço dos Santos"/>
    <telecom>
      <system value="url"/>
      <value value="https://linktr.ee/ricardolsantos"/>
    </telecom>
  </contact>
  <description value="Progression patterns for symptoms"/>
  <compose>
    <include>
      <system value="http://snomed.info/sct"/>
      <concept>
        <code value="385633008"/>
        <display value="Improving"/>
      </concept>
      <concept>
        <code value="58158008"/>
        <display value="Stable"/>
      </concept>
      <concept>
        <code value="230993007"/>
        <display value="Worsening"/>
      </concept>
      <concept>
        <code value="255314001"/>
        <display value="Fluctuating"/>
      </concept>
    </include>
  </compose>
</ValueSet>