<?xml version="1.0" encoding="UTF-8"?>

<ValueSet xmlns="http://hl7.org/fhir">
  <id value="fall-risk-outcomes"/>
  <text>
    <status value="generated"/><div xmlns="http://www.w3.org/1999/xhtml"><p class="res-header-id"><b>Generated Narrative: ValueSet fall-risk-outcomes</b></p><a name="fall-risk-outcomes"> </a><a name="hcfall-risk-outcomes"> </a><a name="fall-risk-outcomes-en-US"> </a><ul><li>Include all codes defined in <code>http://example.org/fhir/CodeSystem/fall-risk-outcomes</code></li></ul></div>
  </text>
  <url value="http://example.org/fhir/ValueSet/fall-risk-outcomes"/>
  <version value="0.1.0"/>
  <name value="FallRiskOutcomesValueSet"/>
  <title value="Fall Risk Outcomes Value Set"/>
  <status value="active"/>
  <date value="2025-01-04T22:27:27+00:00"/>
  <publisher value="Ricardo Lourenço dos Santos"/>
  <contact>
    <name value="Ricardo Lourenço dos Santos"/>
    <telecom>
      <system value="url"/>
      <value value="https://linktr.ee/ricardolsantos"/>
    </telecom>
  </contact>
  <description value="Value set for fall risk assessment outcomes"/>
  <compose>
    <include>
      <system value="http://example.org/fhir/CodeSystem/fall-risk-outcomes"/>
    </include>
  </compose>
</ValueSet>