<?xml version="1.0" encoding="UTF-8"?>

<ValueSet xmlns="http://hl7.org/fhir">
  <id value="mindfulness-outcome-vs"/>
  <text>
    <status value="generated"/><div xmlns="http://www.w3.org/1999/xhtml"><p class="res-header-id"><b>Generated Narrative: ValueSet mindfulness-outcome-vs</b></p><a name="mindfulness-outcome-vs"> </a><a name="hcmindfulness-outcome-vs"> </a><a name="mindfulness-outcome-vs-en-US"> </a><p>This value set includes codes based on the following rules:</p><ul><li>Include all codes defined in <a href="CodeSystem-mindfulness-outcome-cs.html"><code>https://github.com/RicardoLSantos/shorthand/CodeSystem/mindfulness-outcome-cs</code></a></li><li>Include these codes as defined in <a href="http://www.snomed.org/"><code>http://snomed.info/sct</code></a><table class="none"><tr><td style="white-space:nowrap"><b>Code</b></td><td><b>Display</b></td></tr><tr><td><a href="http://snomed.info/id/365949003">365949003</a></td><td>Finding of level of stress</td></tr><tr><td><a href="http://snomed.info/id/373931001">373931001</a></td><td>Mood finding</td></tr></table></li></ul></div>
  </text>
  <url value="https://github.com/RicardoLSantos/shorthand/ValueSet/mindfulness-outcome-vs"/>
  <version value="0.1.0"/>
  <name value="MindfulnessOutcomeVS"/>
  <title value="Mindfulness Outcomes Value Set"/>
  <status value="draft"/>
  <experimental value="false"/>
  <date value="2025-01-02T17:46:41+00:00"/>
  <publisher value="Ricardo Lourenço dos Santos"/>
  <contact>
    <name value="Ricardo Lourenço dos Santos"/>
    <telecom>
      <system value="url"/>
      <value value="https://linktr.ee/ricardolsantos"/>
    </telecom>
  </contact>
  <description value="Value set for mindfulness practice outcomes"/>
  <compose>
    <include>
      <system value="https://github.com/RicardoLSantos/shorthand/CodeSystem/mindfulness-outcome-cs"/>
    </include>
    <include>
      <system value="http://snomed.info/sct"/>
      <concept>
        <code value="365949003"/>
        <display value="Finding of level of stress"/>
      </concept>
      <concept>
        <code value="373931001"/>
        <display value="Mood finding"/>
      </concept>
    </include>
  </compose>
</ValueSet>