<?xml version="1.0" encoding="UTF-8"?>

<ValueSet xmlns="http://hl7.org/fhir">
  <id value="measurement-quality-vs"/>
  <text>
    <status value="generated"/><div xmlns="http://www.w3.org/1999/xhtml"><p class="res-header-id"><b>Generated Narrative: ValueSet measurement-quality-vs</b></p><a name="measurement-quality-vs"> </a><a name="hcmeasurement-quality-vs"> </a><a name="measurement-quality-vs-en-US"> </a><ul><li>Include all codes defined in <a href="CodeSystem-measurement-quality-cs.html"><code>https://github.com/RicardoLSantos/shorthand/CodeSystem/measurement-quality-cs</code></a></li></ul></div>
  </text>
  <url value="https://github.com/RicardoLSantos/shorthand/ValueSet/measurement-quality-vs"/>
  <version value="0.1.0"/>
  <name value="MeasurementQualityVS"/>
  <title value="Measurement Quality Value Set"/>
  <status value="draft"/>
  <experimental value="true"/>
  <date value="2024-12-27T22:28:35+00:00"/>
  <publisher value="Ricardo Lourenço dos Santos"/>
  <contact>
    <name value="Ricardo Lourenço dos Santos"/>
    <telecom>
      <system value="url"/>
      <value value="https://linktr.ee/ricardolsantos"/>
    </telecom>
  </contact>
  <description value="Value set for measurement quality indicators"/>
  <compose>
    <include>
      <system value="https://github.com/RicardoLSantos/shorthand/CodeSystem/measurement-quality-cs"/>
    </include>
  </compose>
</ValueSet>