<?xml version="1.0" encoding="UTF-8"?>

<ValueSet xmlns="http://hl7.org/fhir">
  <id value="physical-activity-type-vs"/>
  <text>
    <status value="generated"/><div xmlns="http://www.w3.org/1999/xhtml"><p class="res-header-id"><b>Generated Narrative: ValueSet physical-activity-type-vs</b></p><a name="physical-activity-type-vs"> </a><a name="hcphysical-activity-type-vs"> </a><a name="physical-activity-type-vs-en-US"> </a><ul><li>Include these codes as defined in <a href="http://www.snomed.org/"><code>http://snomed.info/sct</code></a><table class="none"><tr><td style="white-space:nowrap"><b>Code</b></td><td><b>Display</b></td></tr><tr><td><a href="http://snomed.info/id/255604002">255604002</a></td><td>Physical activity (observable entity)</td></tr><tr><td><a href="http://snomed.info/id/228557008">228557008</a></td><td>Walking</td></tr><tr><td><a href="http://snomed.info/id/229058003">229058003</a></td><td>Running</td></tr><tr><td><a href="http://snomed.info/id/266938001">266938001</a></td><td>Swimming</td></tr><tr><td><a href="http://snomed.info/id/266940006">266940006</a></td><td>Cycling</td></tr><tr><td><a href="http://snomed.info/id/32147004">32147004</a></td><td>Regular exercise</td></tr></table></li></ul></div>
  </text>
  <url value="https://github.com/RicardoLSantos/shorthand/ValueSet/physical-activity-type-vs"/>
  <version value="0.1.0"/>
  <name value="PhysicalActivityTypeVS"/>
  <title value="Physical Activity Types Value Set"/>
  <status value="active"/>
  <date value="2025-01-02T17:46:41+00:00"/>
  <publisher value="Ricardo Lourenço dos Santos"/>
  <contact>
    <name value="Ricardo Lourenço dos Santos"/>
    <telecom>
      <system value="url"/>
      <value value="https://linktr.ee/ricardolsantos"/>
    </telecom>
  </contact>
  <description value="Types of physical activities from iOS Health App"/>
  <compose>
    <include>
      <system value="http://snomed.info/sct"/>
      <concept>
        <code value="255604002"/>
        <display value="Physical activity (observable entity)"/>
      </concept>
      <concept>
        <code value="228557008"/>
        <display value="Walking"/>
      </concept>
      <concept>
        <code value="229058003"/>
        <display value="Running"/>
      </concept>
      <concept>
        <code value="266938001"/>
        <display value="Swimming"/>
      </concept>
      <concept>
        <code value="266940006"/>
        <display value="Cycling"/>
      </concept>
      <concept>
        <code value="32147004"/>
        <display value="Regular exercise"/>
      </concept>
    </include>
  </compose>
</ValueSet>