<?xml version="1.0" encoding="UTF-8"?>

<ValueSet xmlns="http://hl7.org/fhir">
  <id value="mindfulness-qualifier-vs"/>
  <text>
    <status value="generated"/><div xmlns="http://www.w3.org/1999/xhtml"><p class="res-header-id"><b>Generated Narrative: ValueSet mindfulness-qualifier-vs</b></p><a name="mindfulness-qualifier-vs"> </a><a name="hcmindfulness-qualifier-vs"> </a><a name="mindfulness-qualifier-vs-en-US"> </a><p>This value set includes codes based on the following rules:</p><ul><li>Include all codes defined in <a href="CodeSystem-mindfulness-qualifier-cs.html"><code>https://github.com/RicardoLSantos/shorthand/CodeSystem/mindfulness-qualifier-cs</code></a></li><li>Include these codes as defined in <a href="http://www.snomed.org/"><code>http://snomed.info/sct</code></a><table class="none"><tr><td style="white-space:nowrap"><b>Code</b></td><td><b>Display</b></td></tr><tr><td><a href="http://snomed.info/id/410534003">410534003</a></td><td>Guided meditation</td></tr><tr><td><a href="http://snomed.info/id/225386006">225386006</a></td><td>Exercise therapy</td></tr></table></li></ul></div>
  </text>
  <url value="https://github.com/RicardoLSantos/shorthand/ValueSet/mindfulness-qualifier-vs"/>
  <version value="0.1.0"/>
  <name value="MindfulnessQualifierVS"/>
  <title value="Mindfulness Practice Qualifiers Value Set"/>
  <status value="draft"/>
  <experimental value="false"/>
  <date value="2025-01-02T17:46:41+00:00"/>
  <publisher value="Ricardo Lourenço dos Santos"/>
  <contact>
    <name value="Ricardo Lourenço dos Santos"/>
    <telecom>
      <system value="url"/>
      <value value="https://linktr.ee/ricardolsantos"/>
    </telecom>
  </contact>
  <description value="Value set for mindfulness practice qualifiers"/>
  <copyright value="This value set includes content from SNOMED CT, which is copyright © 2002+ International Health Terminology Standards Development Organisation (IHTSDO)"/>
  <compose>
    <include>
      <system value="https://github.com/RicardoLSantos/shorthand/CodeSystem/mindfulness-qualifier-cs"/>
    </include>
    <include>
      <system value="http://snomed.info/sct"/>
      <concept>
        <code value="410534003"/>
        <display value="Guided meditation"/>
      </concept>
      <concept>
        <code value="225386006"/>
        <display value="Exercise therapy"/>
      </concept>
    </include>
  </compose>
</ValueSet>