<?xml version="1.0" encoding="UTF-8"?>

<ValueSet xmlns="http://hl7.org/fhir">
  <id value="sleep-quality-extended-vs"/>
  <text>
    <status value="generated"/><div xmlns="http://www.w3.org/1999/xhtml"><p class="res-header-id"><b>Generated Narrative: ValueSet sleep-quality-extended-vs</b></p><a name="sleep-quality-extended-vs"> </a><a name="hcsleep-quality-extended-vs"> </a><a name="sleep-quality-extended-vs-en-US"> </a><ul><li>Include these codes as defined in <a href="http://www.snomed.org/"><code>http://snomed.info/sct</code></a><table class="none"><tr><td style="white-space:nowrap"><b>Code</b></td><td><b>Display</b></td></tr><tr><td><a href="http://snomed.info/id/248220008">248220008</a></td><td>Very good quality sleep</td></tr><tr><td><a href="http://snomed.info/id/248221007">248221007</a></td><td>Good quality sleep</td></tr><tr><td><a href="http://snomed.info/id/248222000">248222000</a></td><td>Poor quality sleep</td></tr><tr><td><a href="http://snomed.info/id/248223005">248223005</a></td><td>Very poor quality sleep</td></tr></table></li></ul></div>
  </text>
  <url value="https://github.com/RicardoLSantos/shorthand/ValueSet/sleep-quality-extended-vs"/>
  <version value="0.1.0"/>
  <name value="SleepQualityExtendedVS"/>
  <title value="Sleep Quality Value Set"/>
  <status value="draft"/>
  <date value="2025-01-04T22:09:55+00:00"/>
  <publisher value="Ricardo Lourenço dos Santos"/>
  <contact>
    <name value="Ricardo Lourenço dos Santos"/>
    <telecom>
      <system value="url"/>
      <value value="https://linktr.ee/ricardolsantos"/>
    </telecom>
  </contact>
  <compose>
    <include>
      <system value="http://snomed.info/sct"/>
      <concept>
        <code value="248220008"/>
        <display value="Very good quality sleep"/>
      </concept>
      <concept>
        <code value="248221007"/>
        <display value="Good quality sleep"/>
      </concept>
      <concept>
        <code value="248222000"/>
        <display value="Poor quality sleep"/>
      </concept>
      <concept>
        <code value="248223005"/>
        <display value="Very poor quality sleep"/>
      </concept>
    </include>
  </compose>
</ValueSet>