<?xml version="1.0" encoding="UTF-8"?>

<ValueSet xmlns="http://hl7.org/fhir">
  <id value="symptom-frequency-vs"/>
  <text>
    <status value="generated"/><div xmlns="http://www.w3.org/1999/xhtml"><p class="res-header-id"><b>Generated Narrative: ValueSet symptom-frequency-vs</b></p><a name="symptom-frequency-vs"> </a><a name="hcsymptom-frequency-vs"> </a><a name="symptom-frequency-vs-en-US"> </a><ul><li>Include all codes defined in <a href="CodeSystem-symptom-frequency-cs.html"><code>https://github.com/RicardoLSantos/shorthand/CodeSystem/symptom-frequency-cs</code></a></li></ul></div>
  </text>
  <url value="https://github.com/RicardoLSantos/shorthand/ValueSet/symptom-frequency-vs"/>
  <version value="0.1.0"/>
  <name value="SymptomFrequencyVS"/>
  <title value="Symptom Frequency Value Set"/>
  <status value="draft"/>
  <date value="2025-01-04T22:09:55+00:00"/>
  <publisher value="Ricardo Lourenço dos Santos"/>
  <contact>
    <name value="Ricardo Lourenço dos Santos"/>
    <telecom>
      <system value="url"/>
      <value value="https://linktr.ee/ricardolsantos"/>
    </telecom>
  </contact>
  <description value="Frequency patterns for symptoms"/>
  <compose>
    <include>
      <system value="https://github.com/RicardoLSantos/shorthand/CodeSystem/symptom-frequency-cs"/>
    </include>
  </compose>
</ValueSet>