<?xml version="1.0" encoding="UTF-8"?>

<ValueSet xmlns="http://hl7.org/fhir">
  <id value="mindfulness-type"/>
  <text>
    <status value="generated"/><div xmlns="http://www.w3.org/1999/xhtml"><p class="res-header-id"><b>Generated Narrative: ValueSet mindfulness-type</b></p><a name="mindfulness-type"> </a><a name="hcmindfulness-type"> </a><a name="mindfulness-type-en-US"> </a><ul><li>Include all codes defined in <code>http://example.org/fhir/CodeSystem/mindfulness-type</code></li></ul></div>
  </text>
  <url value="http://example.org/fhir/ValueSet/mindfulness-type"/>
  <version value="0.1.0"/>
  <name value="MindfulnessTypeValueSet"/>
  <title value="Mindfulness Type Value Set"/>
  <status value="active"/>
  <date value="2025-01-04T22:09:55+00:00"/>
  <publisher value="Ricardo Lourenço dos Santos"/>
  <contact>
    <name value="Ricardo Lourenço dos Santos"/>
    <telecom>
      <system value="url"/>
      <value value="https://linktr.ee/ricardolsantos"/>
    </telecom>
  </contact>
  <description value="Value set for types of mindfulness practices"/>
  <compose>
    <include>
      <system value="http://example.org/fhir/CodeSystem/mindfulness-type"/>
    </include>
  </compose>
</ValueSet>