<?xml version="1.0" encoding="UTF-8"?>

<ValueSet xmlns="http://hl7.org/fhir">
  <id value="assistance-level-outcomes"/>
  <text>
    <status value="generated"/><div xmlns="http://www.w3.org/1999/xhtml"><p class="res-header-id"><b>Generated Narrative: ValueSet assistance-level-outcomes</b></p><a name="assistance-level-outcomes"> </a><a name="hcassistance-level-outcomes"> </a><a name="assistance-level-outcomes-en-US"> </a><ul><li>Include all codes defined in <code>http://example.org/fhir/CodeSystem/assistance-level-outcomes</code></li></ul></div>
  </text>
  <url value="http://example.org/fhir/ValueSet/assistance-level-outcomes"/>
  <version value="0.1.0"/>
  <name value="AssistanceLevelOutcomesValueSet"/>
  <title value="Assistance Level Outcomes Value Set"/>
  <status value="active"/>
  <date value="2025-01-04T22:47:01+00:00"/>
  <publisher value="Ricardo Lourenço dos Santos"/>
  <contact>
    <name value="Ricardo Lourenço dos Santos"/>
    <telecom>
      <system value="url"/>
      <value value="https://linktr.ee/ricardolsantos"/>
    </telecom>
  </contact>
  <description value="Value set for assistance level assessment outcomes"/>
  <compose>
    <include>
      <system value="http://example.org/fhir/CodeSystem/assistance-level-outcomes"/>
    </include>
  </compose>
</ValueSet>