{
  "resourceType" : "CodeSystem",
  "id" : "mindfulness-qualifier-cs",
  "text" : {
    "status" : "generated",
    "div" : "<div xmlns=\"http://www.w3.org/1999/xhtml\"><p class=\"res-header-id\"><b>Narrativa gerada: CodeSystem mindfulness-qualifier-cs</b></p><a name=\"mindfulness-qualifier-cs\"> </a><a name=\"hcmindfulness-qualifier-cs\"> </a><p>Este  sistema de código  define o seguinte código:</p><table class=\"codes\"><tr><td style=\"white-space:nowrap\"><b>Código</b></td><td><b>Ecrã</b></td><td><b>Definição</b></td></tr><tr><td style=\"white-space:nowrap\">guided<a name=\"mindfulness-qualifier-cs-guided\"> </a></td><td>Guided Practice</td><td>Practice with guidance or instruction</td></tr><tr><td style=\"white-space:nowrap\">selfDirected<a name=\"mindfulness-qualifier-cs-selfDirected\"> </a></td><td>Self-Directed</td><td>Independent practice</td></tr><tr><td style=\"white-space:nowrap\">group<a name=\"mindfulness-qualifier-cs-group\"> </a></td><td>Group Practice</td><td>Practice in group setting</td></tr><tr><td style=\"white-space:nowrap\">individual<a name=\"mindfulness-qualifier-cs-individual\"> </a></td><td>Individual Practice</td><td>Solo practice session</td></tr></table></div>"
  },
  "url" : "https://2rdoc.pt/ig/ios-lifestyle-medicine/CodeSystem/mindfulness-qualifier-cs",
  "version" : "0.1.0",
  "name" : "MindfulnessQualifierCS",
  "title" : "Mindfulness Practice Qualifiers",
  "status" : "active",
  "experimental" : false,
  "date" : "2025-11-27T11:57:11+00:00",
  "publisher" : "Ricardo Lourenço dos Santos",
  "contact" : [{
    "name" : "Ricardo Lourenço dos Santos",
    "telecom" : [{
      "system" : "url",
      "value" : "https://linktr.ee/ricardolsantos"
    }]
  }],
  "description" : "Qualifiers for mindfulness practice characteristics",
  "jurisdiction" : [{
    "coding" : [{
      "system" : "http://unstats.un.org/unsd/methods/m49/m49.htm",
      "code" : "150",
      "display" : "Europe"
    }]
  },
  {
    "coding" : [{
      "system" : "http://unstats.un.org/unsd/methods/m49/m49.htm",
      "code" : "021",
      "display" : "Northern America a/"
    }]
  },
  {
    "coding" : [{
      "system" : "http://unstats.un.org/unsd/methods/m49/m49.htm",
      "code" : "005",
      "display" : "South America"
    }]
  },
  {
    "coding" : [{
      "system" : "urn:iso:std:iso:3166",
      "code" : "PT",
      "display" : "Portugal"
    }]
  },
  {
    "coding" : [{
      "system" : "urn:iso:std:iso:3166",
      "code" : "US",
      "display" : "United States of America"
    }]
  },
  {
    "coding" : [{
      "system" : "urn:iso:std:iso:3166",
      "code" : "BR",
      "display" : "Brazil"
    }]
  }],
  "caseSensitive" : true,
  "content" : "complete",
  "count" : 4,
  "concept" : [{
    "code" : "guided",
    "display" : "Guided Practice",
    "definition" : "Practice with guidance or instruction"
  },
  {
    "code" : "selfDirected",
    "display" : "Self-Directed",
    "definition" : "Independent practice"
  },
  {
    "code" : "group",
    "display" : "Group Practice",
    "definition" : "Practice in group setting"
  },
  {
    "code" : "individual",
    "display" : "Individual Practice",
    "definition" : "Solo practice session"
  }]
}