{
  "resourceType" : "CodeSystem",
  "id" : "circadian-phase-cs",
  "text" : {
    "status" : "generated",
    "div" : "<div xmlns=\"http://www.w3.org/1999/xhtml\"><p class=\"res-header-id\"><b>Narrativa gerada: CodeSystem circadian-phase-cs</b></p><a name=\"circadian-phase-cs\"> </a><a name=\"hccircadian-phase-cs\"> </a><p>Este  sistema de código  define o seguinte código:</p><table class=\"codes\"><tr><td style=\"white-space:nowrap\"><b>Código</b></td><td><b>Ecrã</b></td><td><b>Definição</b></td></tr><tr><td style=\"white-space:nowrap\">early-morning<a name=\"circadian-phase-cs-early-morning\"> </a></td><td>Early Morning Phase</td><td>Period shortly after awakening</td></tr><tr><td style=\"white-space:nowrap\">mid-morning<a name=\"circadian-phase-cs-mid-morning\"> </a></td><td>Mid Morning Phase</td><td>Mid-morning period</td></tr><tr><td style=\"white-space:nowrap\">afternoon<a name=\"circadian-phase-cs-afternoon\"> </a></td><td>Afternoon Phase</td><td>Afternoon period</td></tr><tr><td style=\"white-space:nowrap\">evening<a name=\"circadian-phase-cs-evening\"> </a></td><td>Evening Phase</td><td>Evening period</td></tr><tr><td style=\"white-space:nowrap\">night<a name=\"circadian-phase-cs-night\"> </a></td><td>Night Phase</td><td>Nighttime period</td></tr><tr><td style=\"white-space:nowrap\">deep-night<a name=\"circadian-phase-cs-deep-night\"> </a></td><td>Deep Night Phase</td><td>Deep night period</td></tr></table></div>"
  },
  "url" : "https://2rdoc.pt/ig/ios-lifestyle-medicine/CodeSystem/circadian-phase-cs",
  "version" : "0.1.0",
  "name" : "CircadianPhaseCS",
  "title" : "Circadian Phase Code System",
  "status" : "active",
  "experimental" : false,
  "date" : "2025-11-27T17:03:01+00:00",
  "publisher" : "Ricardo Lourenço dos Santos",
  "contact" : [{
    "name" : "Ricardo Lourenço dos Santos",
    "telecom" : [{
      "system" : "url",
      "value" : "https://linktr.ee/ricardolsantos"
    }]
  }],
  "description" : "Code system for circadian rhythm phases",
  "jurisdiction" : [{
    "coding" : [{
      "system" : "http://unstats.un.org/unsd/methods/m49/m49.htm",
      "code" : "150",
      "display" : "Europe"
    }]
  },
  {
    "coding" : [{
      "system" : "http://unstats.un.org/unsd/methods/m49/m49.htm",
      "code" : "021",
      "display" : "Northern America a/"
    }]
  },
  {
    "coding" : [{
      "system" : "http://unstats.un.org/unsd/methods/m49/m49.htm",
      "code" : "005",
      "display" : "South America"
    }]
  },
  {
    "coding" : [{
      "system" : "urn:iso:std:iso:3166",
      "code" : "PT",
      "display" : "Portugal"
    }]
  },
  {
    "coding" : [{
      "system" : "urn:iso:std:iso:3166",
      "code" : "US",
      "display" : "United States of America"
    }]
  },
  {
    "coding" : [{
      "system" : "urn:iso:std:iso:3166",
      "code" : "BR",
      "display" : "Brazil"
    }]
  }],
  "caseSensitive" : true,
  "content" : "complete",
  "count" : 6,
  "concept" : [{
    "code" : "early-morning",
    "display" : "Early Morning Phase",
    "definition" : "Period shortly after awakening"
  },
  {
    "code" : "mid-morning",
    "display" : "Mid Morning Phase",
    "definition" : "Mid-morning period"
  },
  {
    "code" : "afternoon",
    "display" : "Afternoon Phase",
    "definition" : "Afternoon period"
  },
  {
    "code" : "evening",
    "display" : "Evening Phase",
    "definition" : "Evening period"
  },
  {
    "code" : "night",
    "display" : "Night Phase",
    "definition" : "Nighttime period"
  },
  {
    "code" : "deep-night",
    "display" : "Deep Night Phase",
    "definition" : "Deep night period"
  }]
}