<?xml version="1.0" encoding="UTF-8"?>

<CodeSystem xmlns="http://hl7.org/fhir">
  <id value="fall-risk-outcomes-codesystem"/>
  <text>
    <status value="generated"/><div xmlns="http://www.w3.org/1999/xhtml"><p class="res-header-id"><b>Generated Narrative: CodeSystem fall-risk-outcomes-codesystem</b></p><a name="fall-risk-outcomes-codesystem"> </a><a name="hcfall-risk-outcomes-codesystem"> </a><a name="fall-risk-outcomes-codesystem-en-US"> </a><p>This case-sensitive code system <code>http://example.org/CodeSystem/fall-risk-outcomes-codesystem</code> defines the following codes:</p><table class="codes"><tr><td style="white-space:nowrap"><b>Code</b></td><td><b>Display</b></td></tr><tr><td style="white-space:nowrap">noRisk<a name="fall-risk-outcomes-codesystem-noRisk"> </a></td><td>No Risk of Falls</td></tr><tr><td style="white-space:nowrap">lowRisk<a name="fall-risk-outcomes-codesystem-lowRisk"> </a></td><td>Low Risk of Falls</td></tr><tr><td style="white-space:nowrap">moderateRisk<a name="fall-risk-outcomes-codesystem-moderateRisk"> </a></td><td>Moderate Risk of Falls</td></tr><tr><td style="white-space:nowrap">highRisk<a name="fall-risk-outcomes-codesystem-highRisk"> </a></td><td>High Risk of Falls</td></tr></table></div>
  </text>
  <url value="http://example.org/CodeSystem/fall-risk-outcomes-codesystem"/>
  <version value="0.1.0"/>
  <name value="FallRiskOutcomesCodeSystem"/>
  <title value="Fall Risk Outcomes Code System"/>
  <status value="active"/>
  <date value="2025-01-02T17:46:41+00:00"/>
  <publisher value="Ricardo Lourenço dos Santos"/>
  <contact>
    <name value="Ricardo Lourenço dos Santos"/>
    <telecom>
      <system value="url"/>
      <value value="https://linktr.ee/ricardolsantos"/>
    </telecom>
  </contact>
  <caseSensitive value="true"/>
  <content value="complete"/>
  <count value="4"/>
  <concept>
    <code value="noRisk"/>
    <display value="No Risk of Falls"/>
  </concept>
  <concept>
    <code value="lowRisk"/>
    <display value="Low Risk of Falls"/>
  </concept>
  <concept>
    <code value="moderateRisk"/>
    <display value="Moderate Risk of Falls"/>
  </concept>
  <concept>
    <code value="highRisk"/>
    <display value="High Risk of Falls"/>
  </concept>
</CodeSystem>