{
  "resourceType" : "CodeSystem",
  "id" : "mood",
  "text" : {
    "status" : "generated",
    "div" : "<div xmlns=\"http://www.w3.org/1999/xhtml\"><p class=\"res-header-id\"><b>Generated Narrative: CodeSystem mood</b></p><a name=\"mood\"> </a><a name=\"hcmood\"> </a><a name=\"mood-en-US\"> </a><p>This case-sensitive code system <code>http://example.org/fhir/CodeSystem/mood</code> defines the following codes:</p><table class=\"codes\"><tr><td style=\"white-space:nowrap\"><b>Code</b></td><td><b>Display</b></td><td><b>Definition</b></td></tr><tr><td style=\"white-space:nowrap\">elevated<a name=\"mood-elevated\"> </a></td><td>Elevated</td><td>Mood is higher than normal</td></tr><tr><td style=\"white-space:nowrap\">neutral<a name=\"mood-neutral\"> </a></td><td>Neutral</td><td>Neither elevated nor depressed mood</td></tr><tr><td style=\"white-space:nowrap\">depressed<a name=\"mood-depressed\"> </a></td><td>Depressed</td><td>Mood is lower than normal</td></tr><tr><td style=\"white-space:nowrap\">anxious<a name=\"mood-anxious\"> </a></td><td>Anxious</td><td>Feeling worried or nervous</td></tr><tr><td style=\"white-space:nowrap\">irritable<a name=\"mood-irritable\"> </a></td><td>Irritable</td><td>Easily annoyed or angered</td></tr><tr><td style=\"white-space:nowrap\">calm<a name=\"mood-calm\"> </a></td><td>Calm</td><td>Feeling peaceful and relaxed</td></tr></table></div>"
  },
  "url" : "http://example.org/fhir/CodeSystem/mood",
  "version" : "0.1.0",
  "name" : "MoodCodeSystem",
  "title" : "Mood Code System",
  "status" : "active",
  "date" : "2025-01-04T22:27:27+00:00",
  "publisher" : "Ricardo Lourenço dos Santos",
  "contact" : [{
    "name" : "Ricardo Lourenço dos Santos",
    "telecom" : [{
      "system" : "url",
      "value" : "https://linktr.ee/ricardolsantos"
    }]
  }],
  "description" : "Code system for mood states",
  "caseSensitive" : true,
  "content" : "complete",
  "count" : 6,
  "concept" : [{
    "code" : "elevated",
    "display" : "Elevated",
    "definition" : "Mood is higher than normal"
  },
  {
    "code" : "neutral",
    "display" : "Neutral",
    "definition" : "Neither elevated nor depressed mood"
  },
  {
    "code" : "depressed",
    "display" : "Depressed",
    "definition" : "Mood is lower than normal"
  },
  {
    "code" : "anxious",
    "display" : "Anxious",
    "definition" : "Feeling worried or nervous"
  },
  {
    "code" : "irritable",
    "display" : "Irritable",
    "definition" : "Easily annoyed or angered"
  },
  {
    "code" : "calm",
    "display" : "Calm",
    "definition" : "Feeling peaceful and relaxed"
  }]
}