<?xml version="1.0" encoding="UTF-8"?>

<CodeSystem xmlns="http://hl7.org/fhir">
  <id value="swimming-metrics-cs"/>
  <text>
    <status value="generated"/><div xmlns="http://www.w3.org/1999/xhtml"><p class="res-header-id"><b>Narrativa gerada: CodeSystem swimming-metrics-cs</b></p><a name="swimming-metrics-cs"> </a><a name="hcswimming-metrics-cs"> </a><p>Este  sistema de código  define o seguinte código:</p><table class="codes"><tr><td style="white-space:nowrap"><b>Código</b></td><td><b>Ecrã</b></td><td><b>Definição</b></td></tr><tr><td style="white-space:nowrap">distance<a name="swimming-metrics-cs-distance"> </a></td><td>Total Distance</td><td>Total distance swum in the session</td></tr><tr><td style="white-space:nowrap">laps<a name="swimming-metrics-cs-laps"> </a></td><td>Total Laps</td><td>Total number of pool lengths completed</td></tr><tr><td style="white-space:nowrap">strokes<a name="swimming-metrics-cs-strokes"> </a></td><td>Total Strokes</td><td>Total number of strokes in the session</td></tr><tr><td style="white-space:nowrap">active-time<a name="swimming-metrics-cs-active-time"> </a></td><td>Active Swim Time</td><td>Time spent actively swimming</td></tr><tr><td style="white-space:nowrap">rest-time<a name="swimming-metrics-cs-rest-time"> </a></td><td>Rest Time</td><td>Time spent resting between sets</td></tr><tr><td style="white-space:nowrap">stroke-type<a name="swimming-metrics-cs-stroke-type"> </a></td><td>Primary Stroke Type</td><td>Main stroke type used in the session</td></tr><tr><td style="white-space:nowrap">strokes-per-lap<a name="swimming-metrics-cs-strokes-per-lap"> </a></td><td>Strokes Per Lap</td><td>Average number of strokes per lap</td></tr><tr><td style="white-space:nowrap">stroke-rate<a name="swimming-metrics-cs-stroke-rate"> </a></td><td>Stroke Rate</td><td>Number of strokes per minute</td></tr><tr><td style="white-space:nowrap">dps<a name="swimming-metrics-cs-dps"> </a></td><td>Distance Per Stroke</td><td>Average distance traveled per stroke</td></tr><tr><td style="white-space:nowrap">stroke-index<a name="swimming-metrics-cs-stroke-index"> </a></td><td>Stroke Index</td><td>Swimming efficiency metric (speed x DPS)</td></tr><tr><td style="white-space:nowrap">avg-swolf<a name="swimming-metrics-cs-avg-swolf"> </a></td><td>Average SWOLF</td><td>Average SWOLF score for the session</td></tr><tr><td style="white-space:nowrap">best-swolf<a name="swimming-metrics-cs-best-swolf"> </a></td><td>Best SWOLF</td><td>Best (lowest) SWOLF score achieved</td></tr><tr><td style="white-space:nowrap">avg-pace<a name="swimming-metrics-cs-avg-pace"> </a></td><td>Average Pace</td><td>Average time per 100 meters</td></tr><tr><td style="white-space:nowrap">best-pace<a name="swimming-metrics-cs-best-pace"> </a></td><td>Best Pace</td><td>Fastest pace achieved</td></tr><tr><td style="white-space:nowrap">speed<a name="swimming-metrics-cs-speed"> </a></td><td>Average Speed</td><td>Average swimming speed</td></tr><tr><td style="white-space:nowrap">css<a name="swimming-metrics-cs-css"> </a></td><td>Critical Swim Speed</td><td>Sustainable threshold pace</td></tr><tr><td style="white-space:nowrap">pool-length<a name="swimming-metrics-cs-pool-length"> </a></td><td>Pool Length</td><td>Length of the pool</td></tr><tr><td style="white-space:nowrap">environment<a name="swimming-metrics-cs-environment"> </a></td><td>Swimming Environment</td><td>Type of swimming venue</td></tr><tr><td style="white-space:nowrap">max-hr<a name="swimming-metrics-cs-max-hr"> </a></td><td>Maximum Heart Rate</td><td>Maximum heart rate reached during session</td></tr><tr><td style="white-space:nowrap">aerobic-te<a name="swimming-metrics-cs-aerobic-te"> </a></td><td>Aerobic Training Effect</td><td>Impact on aerobic fitness (0-5)</td></tr><tr><td style="white-space:nowrap">anaerobic-te<a name="swimming-metrics-cs-anaerobic-te"> </a></td><td>Anaerobic Training Effect</td><td>Impact on anaerobic capacity (0-5)</td></tr><tr><td style="white-space:nowrap">training-load<a name="swimming-metrics-cs-training-load"> </a></td><td>Training Load</td><td>Quantified training stress</td></tr></table></div>
  </text>
  <url value="https://2rdoc.pt/ig/ios-lifestyle-medicine/CodeSystem/swimming-metrics-cs"/>
  <version value="0.1.0"/>
  <name value="SwimmingMetricsCS"/>
  <title value="Swimming Metrics CodeSystem"/>
  <status value="active"/>
  <experimental value="false"/>
  <date value="2025-11-28"/>
  <publisher value="Ricardo Lourenço dos Santos"/>
  <contact>
    <name value="Ricardo Lourenço dos Santos"/>
    <telecom>
      <system value="url"/>
      <value value="https://linktr.ee/ricardolsantos"/>
    </telecom>
  </contact>
  <description value="CodeSystem for swimming performance metrics from wearable devices."/>
  <jurisdiction>
    <coding>
      <system value="http://unstats.un.org/unsd/methods/m49/m49.htm"/>
      <code value="150"/>
      <display value="Europe"/>
    </coding>
  </jurisdiction>
  <jurisdiction>
    <coding>
      <system value="http://unstats.un.org/unsd/methods/m49/m49.htm"/>
      <code value="021"/>
      <display value="Northern America a/"/>
    </coding>
  </jurisdiction>
  <jurisdiction>
    <coding>
      <system value="http://unstats.un.org/unsd/methods/m49/m49.htm"/>
      <code value="005"/>
      <display value="South America"/>
    </coding>
  </jurisdiction>
  <jurisdiction>
    <coding>
      <system value="urn:iso:std:iso:3166"/>
      <code value="PT"/>
      <display value="Portugal"/>
    </coding>
  </jurisdiction>
  <jurisdiction>
    <coding>
      <system value="urn:iso:std:iso:3166"/>
      <code value="US"/>
      <display value="United States of America"/>
    </coding>
  </jurisdiction>
  <jurisdiction>
    <coding>
      <system value="urn:iso:std:iso:3166"/>
      <code value="BR"/>
      <display value="Brazil"/>
    </coding>
  </jurisdiction>
  <caseSensitive value="true"/>
  <content value="complete"/>
  <count value="22"/>
  <concept>
    <code value="distance"/>
    <display value="Total Distance"/>
    <definition value="Total distance swum in the session"/>
  </concept>
  <concept>
    <code value="laps"/>
    <display value="Total Laps"/>
    <definition value="Total number of pool lengths completed"/>
  </concept>
  <concept>
    <code value="strokes"/>
    <display value="Total Strokes"/>
    <definition value="Total number of strokes in the session"/>
  </concept>
  <concept>
    <code value="active-time"/>
    <display value="Active Swim Time"/>
    <definition value="Time spent actively swimming"/>
  </concept>
  <concept>
    <code value="rest-time"/>
    <display value="Rest Time"/>
    <definition value="Time spent resting between sets"/>
  </concept>
  <concept>
    <code value="stroke-type"/>
    <display value="Primary Stroke Type"/>
    <definition value="Main stroke type used in the session"/>
  </concept>
  <concept>
    <code value="strokes-per-lap"/>
    <display value="Strokes Per Lap"/>
    <definition value="Average number of strokes per lap"/>
  </concept>
  <concept>
    <code value="stroke-rate"/>
    <display value="Stroke Rate"/>
    <definition value="Number of strokes per minute"/>
  </concept>
  <concept>
    <code value="dps"/>
    <display value="Distance Per Stroke"/>
    <definition value="Average distance traveled per stroke"/>
  </concept>
  <concept>
    <code value="stroke-index"/>
    <display value="Stroke Index"/>
    <definition value="Swimming efficiency metric (speed x DPS)"/>
  </concept>
  <concept>
    <code value="avg-swolf"/>
    <display value="Average SWOLF"/>
    <definition value="Average SWOLF score for the session"/>
  </concept>
  <concept>
    <code value="best-swolf"/>
    <display value="Best SWOLF"/>
    <definition value="Best (lowest) SWOLF score achieved"/>
  </concept>
  <concept>
    <code value="avg-pace"/>
    <display value="Average Pace"/>
    <definition value="Average time per 100 meters"/>
  </concept>
  <concept>
    <code value="best-pace"/>
    <display value="Best Pace"/>
    <definition value="Fastest pace achieved"/>
  </concept>
  <concept>
    <code value="speed"/>
    <display value="Average Speed"/>
    <definition value="Average swimming speed"/>
  </concept>
  <concept>
    <code value="css"/>
    <display value="Critical Swim Speed"/>
    <definition value="Sustainable threshold pace"/>
  </concept>
  <concept>
    <code value="pool-length"/>
    <display value="Pool Length"/>
    <definition value="Length of the pool"/>
  </concept>
  <concept>
    <code value="environment"/>
    <display value="Swimming Environment"/>
    <definition value="Type of swimming venue"/>
  </concept>
  <concept>
    <code value="max-hr"/>
    <display value="Maximum Heart Rate"/>
    <definition value="Maximum heart rate reached during session"/>
  </concept>
  <concept>
    <code value="aerobic-te"/>
    <display value="Aerobic Training Effect"/>
    <definition value="Impact on aerobic fitness (0-5)"/>
  </concept>
  <concept>
    <code value="anaerobic-te"/>
    <display value="Anaerobic Training Effect"/>
    <definition value="Impact on anaerobic capacity (0-5)"/>
  </concept>
  <concept>
    <code value="training-load"/>
    <display value="Training Load"/>
    <definition value="Quantified training stress"/>
  </concept>
</CodeSystem>