{
  "resourceType" : "CodeSystem",
  "id" : "balance-status",
  "text" : {
    "status" : "generated",
    "div" : "<div xmlns=\"http://www.w3.org/1999/xhtml\"><p class=\"res-header-id\"><b>Narrativa gerada: CodeSystem balance-status</b></p><a name=\"balance-status\"> </a><a name=\"hcbalance-status\"> </a><p>Este case-sensitive sistema de código <code>https://2rdoc.pt/fhir/CodeSystem/balance-status</code> define o seguinte códigos:</p><table class=\"codes\"><tr><td style=\"white-space:nowrap\"><b>Código</b></td><td><b>Ecrã</b></td></tr><tr><td style=\"white-space:nowrap\">veryStable<a name=\"balance-status-veryStable\"> </a></td><td>Very Stable</td></tr><tr><td style=\"white-space:nowrap\">stable<a name=\"balance-status-stable\"> </a></td><td>Stable</td></tr><tr><td style=\"white-space:nowrap\">slightlyUnstable<a name=\"balance-status-slightlyUnstable\"> </a></td><td>Slightly Unstable</td></tr><tr><td style=\"white-space:nowrap\">unstable<a name=\"balance-status-unstable\"> </a></td><td>Unstable</td></tr><tr><td style=\"white-space:nowrap\">veryUnstable<a name=\"balance-status-veryUnstable\"> </a></td><td>Very Unstable</td></tr></table></div>"
  },
  "url" : "https://2rdoc.pt/fhir/CodeSystem/balance-status",
  "version" : "0.1.0",
  "name" : "BalanceStatusCodeSystem",
  "title" : "Balance Status Code System",
  "status" : "active",
  "experimental" : false,
  "date" : "2025-08-20T17:48:34+01:00",
  "publisher" : "Ricardo Lourenço dos Santos",
  "contact" : [{
    "name" : "Ricardo Lourenço dos Santos",
    "telecom" : [{
      "system" : "url",
      "value" : "https://linktr.ee/ricardolsantos"
    }]
  }],
  "description" : "Code system for balance status types",
  "caseSensitive" : true,
  "content" : "complete",
  "count" : 5,
  "concept" : [{
    "code" : "veryStable",
    "display" : "Very Stable"
  },
  {
    "code" : "stable",
    "display" : "Stable"
  },
  {
    "code" : "slightlyUnstable",
    "display" : "Slightly Unstable"
  },
  {
    "code" : "unstable",
    "display" : "Unstable"
  },
  {
    "code" : "veryUnstable",
    "display" : "Very Unstable"
  }]
}