{
  "resourceType" : "CodeSystem",
  "id" : "circadian-phase-cs",
  "text" : {
    "status" : "generated",
    "div" : "<div xmlns=\"http://www.w3.org/1999/xhtml\"><p class=\"res-header-id\"><b>Generated Narrative: CodeSystem circadian-phase-cs</b></p><a name=\"circadian-phase-cs\"> </a><a name=\"hccircadian-phase-cs\"> </a><a name=\"circadian-phase-cs-en-US\"> </a><p>This case-sensitive code system <code>https://github.com/RicardoLSantos/shorthand/CodeSystem/circadian-phase-cs</code> defines the following codes:</p><table class=\"codes\"><tr><td style=\"white-space:nowrap\"><b>Code</b></td><td><b>Display</b></td><td><b>Definition</b></td></tr><tr><td style=\"white-space:nowrap\">early-morning<a name=\"circadian-phase-cs-early-morning\"> </a></td><td>Early Morning Phase</td><td>Period shortly after awakening</td></tr><tr><td style=\"white-space:nowrap\">mid-morning<a name=\"circadian-phase-cs-mid-morning\"> </a></td><td>Mid Morning Phase</td><td>Mid-morning period</td></tr><tr><td style=\"white-space:nowrap\">afternoon<a name=\"circadian-phase-cs-afternoon\"> </a></td><td>Afternoon Phase</td><td>Afternoon period</td></tr><tr><td style=\"white-space:nowrap\">evening<a name=\"circadian-phase-cs-evening\"> </a></td><td>Evening Phase</td><td>Evening period</td></tr><tr><td style=\"white-space:nowrap\">night<a name=\"circadian-phase-cs-night\"> </a></td><td>Night Phase</td><td>Nighttime period</td></tr><tr><td style=\"white-space:nowrap\">deep-night<a name=\"circadian-phase-cs-deep-night\"> </a></td><td>Deep Night Phase</td><td>Deep night period</td></tr></table></div>"
  },
  "url" : "https://github.com/RicardoLSantos/shorthand/CodeSystem/circadian-phase-cs",
  "version" : "0.1.0",
  "name" : "CircadianPhaseCS",
  "title" : "Circadian Phase Code System",
  "status" : "draft",
  "experimental" : true,
  "date" : "2025-01-03T09:54:59+00:00",
  "publisher" : "Ricardo Lourenço dos Santos",
  "contact" : [{
    "name" : "Ricardo Lourenço dos Santos",
    "telecom" : [{
      "system" : "url",
      "value" : "https://linktr.ee/ricardolsantos"
    }]
  }],
  "description" : "Code system for circadian rhythm phases",
  "caseSensitive" : true,
  "content" : "complete",
  "count" : 6,
  "concept" : [{
    "code" : "early-morning",
    "display" : "Early Morning Phase",
    "definition" : "Period shortly after awakening"
  },
  {
    "code" : "mid-morning",
    "display" : "Mid Morning Phase",
    "definition" : "Mid-morning period"
  },
  {
    "code" : "afternoon",
    "display" : "Afternoon Phase",
    "definition" : "Afternoon period"
  },
  {
    "code" : "evening",
    "display" : "Evening Phase",
    "definition" : "Evening period"
  },
  {
    "code" : "night",
    "display" : "Night Phase",
    "definition" : "Nighttime period"
  },
  {
    "code" : "deep-night",
    "display" : "Deep Night Phase",
    "definition" : "Deep night period"
  }]
}