<?xml version="1.0" encoding="UTF-8"?>

<CodeSystem xmlns="http://hl7.org/fhir">
  <id value="audit-formats"/>
  <text>
    <status value="generated"/><div xmlns="http://www.w3.org/1999/xhtml"><p class="res-header-id"><b>Generated Narrative: CodeSystem audit-formats</b></p><a name="audit-formats"> </a><a name="hcaudit-formats"> </a><a name="audit-formats-en-US"> </a><p>This case-sensitive code system <code>http://example.org/fhir/CodeSystem/audit-formats</code> defines the following codes:</p><table class="codes"><tr><td style="white-space:nowrap"><b>Code</b></td><td><b>Display</b></td></tr><tr><td style="white-space:nowrap">text<a name="audit-formats-text"> </a></td><td>Text Format</td></tr><tr><td style="white-space:nowrap">structured<a name="audit-formats-structured"> </a></td><td>Structured Format</td></tr><tr><td style="white-space:nowrap">mixed<a name="audit-formats-mixed"> </a></td><td>Mixed Format</td></tr></table></div>
  </text>
  <url value="http://example.org/fhir/CodeSystem/audit-formats"/>
  <version value="0.1.0"/>
  <name value="AuditFormatsCodeSystem"/>
  <title value="Audit Formats Code System"/>
  <status value="active"/>
  <experimental value="false"/>
  <date value="2025-01-02T17:46:41+00:00"/>
  <publisher value="Ricardo Lourenço dos Santos"/>
  <contact>
    <name value="Ricardo Lourenço dos Santos"/>
    <telecom>
      <system value="url"/>
      <value value="https://linktr.ee/ricardolsantos"/>
    </telecom>
  </contact>
  <description value="Code system for audit format types"/>
  <caseSensitive value="true"/>
  <content value="complete"/>
  <count value="3"/>
  <concept>
    <code value="text"/>
    <display value="Text Format"/>
  </concept>
  <concept>
    <code value="structured"/>
    <display value="Structured Format"/>
  </concept>
  <concept>
    <code value="mixed"/>
    <display value="Mixed Format"/>
  </concept>
</CodeSystem>