{
  "resourceType" : "CodeSystem",
  "id" : "stress-triggers-cs",
  "text" : {
    "status" : "generated",
    "div" : "<div xmlns=\"http://www.w3.org/1999/xhtml\"><p class=\"res-header-id\"><b>Narrativa gerada: CodeSystem stress-triggers-cs</b></p><a name=\"stress-triggers-cs\"> </a><a name=\"hcstress-triggers-cs\"> </a><p>Este  sistema de código  define o seguinte código:</p><table class=\"codes\"><tr><td style=\"white-space:nowrap\"><b>Código</b></td><td><b>Ecrã</b></td><td><b>Definição</b></td></tr><tr><td style=\"white-space:nowrap\">work<a name=\"stress-triggers-cs-work\"> </a></td><td>Work-related</td><td>Stress from work or professional activities</td></tr><tr><td style=\"white-space:nowrap\">financial<a name=\"stress-triggers-cs-financial\"> </a></td><td>Financial</td><td>Financial-related stress</td></tr><tr><td style=\"white-space:nowrap\">relationships<a name=\"stress-triggers-cs-relationships\"> </a></td><td>Relationships</td><td>Stress from personal relationships</td></tr><tr><td style=\"white-space:nowrap\">health<a name=\"stress-triggers-cs-health\"> </a></td><td>Health</td><td>Health-related concerns</td></tr><tr><td style=\"white-space:nowrap\">environment<a name=\"stress-triggers-cs-environment\"> </a></td><td>Environmental</td><td>Environmental factors</td></tr><tr><td style=\"white-space:nowrap\">time<a name=\"stress-triggers-cs-time\"> </a></td><td>Time Management</td><td>Time pressure and deadlines</td></tr><tr><td style=\"white-space:nowrap\">change<a name=\"stress-triggers-cs-change\"> </a></td><td>Life Changes</td><td>Major life changes or transitions</td></tr></table></div>"
  },
  "url" : "https://2rdoc.pt/ig/ios-lifestyle-medicine/CodeSystem/stress-triggers-cs",
  "version" : "0.1.0",
  "name" : "StressTriggersCS",
  "title" : "Stress Triggers Code System",
  "status" : "active",
  "experimental" : false,
  "date" : "2025-10-02T07:31:55+01:00",
  "publisher" : "Ricardo Lourenço dos Santos",
  "contact" : [{
    "name" : "Ricardo Lourenço dos Santos",
    "telecom" : [{
      "system" : "url",
      "value" : "https://linktr.ee/ricardolsantos"
    }]
  }],
  "description" : "Code system for common stress triggers",
  "jurisdiction" : [{
    "coding" : [{
      "system" : "http://unstats.un.org/unsd/methods/m49/m49.htm",
      "code" : "150",
      "display" : "Europe"
    }]
  },
  {
    "coding" : [{
      "system" : "http://unstats.un.org/unsd/methods/m49/m49.htm",
      "code" : "021",
      "display" : "Northern America a/"
    }]
  },
  {
    "coding" : [{
      "system" : "http://unstats.un.org/unsd/methods/m49/m49.htm",
      "code" : "005",
      "display" : "South America"
    }]
  },
  {
    "coding" : [{
      "system" : "urn:iso:std:iso:3166",
      "code" : "PT",
      "display" : "Portugal"
    }]
  },
  {
    "coding" : [{
      "system" : "urn:iso:std:iso:3166",
      "code" : "US",
      "display" : "United States of America"
    }]
  },
  {
    "coding" : [{
      "system" : "urn:iso:std:iso:3166",
      "code" : "BR",
      "display" : "Brazil"
    }]
  }],
  "content" : "complete",
  "count" : 7,
  "concept" : [{
    "code" : "work",
    "display" : "Work-related",
    "definition" : "Stress from work or professional activities"
  },
  {
    "code" : "financial",
    "display" : "Financial",
    "definition" : "Financial-related stress"
  },
  {
    "code" : "relationships",
    "display" : "Relationships",
    "definition" : "Stress from personal relationships"
  },
  {
    "code" : "health",
    "display" : "Health",
    "definition" : "Health-related concerns"
  },
  {
    "code" : "environment",
    "display" : "Environmental",
    "definition" : "Environmental factors"
  },
  {
    "code" : "time",
    "display" : "Time Management",
    "definition" : "Time pressure and deadlines"
  },
  {
    "code" : "change",
    "display" : "Life Changes",
    "definition" : "Major life changes or transitions"
  }]
}