<?xml version="1.0" encoding="UTF-8"?>

<CodeSystem xmlns="http://hl7.org/fhir">
  <id value="practitioner-identifier-cs"/>
  <text>
    <status value="generated"/><div xmlns="http://www.w3.org/1999/xhtml"><p class="res-header-id"><b>Narrativa gerada: CodeSystem practitioner-identifier-cs</b></p><a name="practitioner-identifier-cs"> </a><a name="hcpractitioner-identifier-cs"> </a><p>Este  sistema de código  define o seguinte código:</p><table class="codes"><tr><td style="white-space:nowrap"><b>Código</b></td><td><b>Ecrã</b></td><td><b>Definição</b></td></tr><tr><td style="white-space:nowrap">npi<a name="practitioner-identifier-cs-npi"> </a></td><td>National Provider Identifier</td><td>US National Provider Identifier</td></tr><tr><td style="white-space:nowrap">crm<a name="practitioner-identifier-cs-crm"> </a></td><td>Conselho Regional de Medicina</td><td>Brazilian Medical Council Registration</td></tr><tr><td style="white-space:nowrap">ssin<a name="practitioner-identifier-cs-ssin"> </a></td><td>Social Security Identification Number</td><td>Belgian SSIN</td></tr><tr><td style="white-space:nowrap">rpps<a name="practitioner-identifier-cs-rpps"> </a></td><td>Répertoire Partagé des Professionnels de Santé</td><td>French Healthcare Professional Registry</td></tr></table></div>
  </text>
  <url value="https://2rdoc.pt/ig/ios-lifestyle-medicine/CodeSystem/practitioner-identifier-cs"/>
  <version value="0.1.0"/>
  <name value="PractitionerIdentifierCS"/>
  <title value="Practitioner Identifier Code System"/>
  <status value="active"/>
  <experimental value="false"/>
  <date value="2025-10-02T18:31:12+01:00"/>
  <publisher value="Ricardo Lourenço dos Santos"/>
  <contact>
    <name value="Ricardo Lourenço dos Santos"/>
    <telecom>
      <system value="url"/>
      <value value="https://linktr.ee/ricardolsantos"/>
    </telecom>
  </contact>
  <description value="Sistema de códigos para identificação de practitioners"/>
  <useContext>
    <code>
      <system value="http://terminology.hl7.org/CodeSystem/usage-context-type"/>
      <code value="program"/>
    </code>
    <valueCodeableConcept>
      <text value="iOS Lifestyle Medicine"/>
    </valueCodeableConcept>
  </useContext>
  <jurisdiction>
    <coding>
      <system value="http://unstats.un.org/unsd/methods/m49/m49.htm"/>
      <code value="150"/>
      <display value="Europe"/>
    </coding>
  </jurisdiction>
  <jurisdiction>
    <coding>
      <system value="http://unstats.un.org/unsd/methods/m49/m49.htm"/>
      <code value="021"/>
      <display value="Northern America a/"/>
    </coding>
  </jurisdiction>
  <jurisdiction>
    <coding>
      <system value="http://unstats.un.org/unsd/methods/m49/m49.htm"/>
      <code value="005"/>
      <display value="South America"/>
    </coding>
  </jurisdiction>
  <jurisdiction>
    <coding>
      <system value="urn:iso:std:iso:3166"/>
      <code value="PT"/>
      <display value="Portugal"/>
    </coding>
  </jurisdiction>
  <jurisdiction>
    <coding>
      <system value="urn:iso:std:iso:3166"/>
      <code value="US"/>
      <display value="United States of America"/>
    </coding>
  </jurisdiction>
  <jurisdiction>
    <coding>
      <system value="urn:iso:std:iso:3166"/>
      <code value="BR"/>
      <display value="Brazil"/>
    </coding>
  </jurisdiction>
  <caseSensitive value="true"/>
  <content value="complete"/>
  <count value="4"/>
  <concept>
    <code value="npi"/>
    <display value="National Provider Identifier"/>
    <definition value="US National Provider Identifier"/>
  </concept>
  <concept>
    <code value="crm"/>
    <display value="Conselho Regional de Medicina"/>
    <definition value="Brazilian Medical Council Registration"/>
  </concept>
  <concept>
    <code value="ssin"/>
    <display value="Social Security Identification Number"/>
    <definition value="Belgian SSIN"/>
  </concept>
  <concept>
    <code value="rpps"/>
    <display value="Répertoire Partagé des Professionnels de Santé"/>
    <definition value="French Healthcare Professional Registry"/>
  </concept>
</CodeSystem>