<?xml version="1.0" encoding="UTF-8"?>

<CodeSystem xmlns="http://hl7.org/fhir">
  <id value="social-interaction-type-cs"/>
  <text>
    <status value="generated"/><div xmlns="http://www.w3.org/1999/xhtml"><p class="res-header-id"><b>Narrativa gerada: CodeSystem social-interaction-type-cs</b></p><a name="social-interaction-type-cs"> </a><a name="hcsocial-interaction-type-cs"> </a><p>Este  sistema de código  define o seguinte código:</p><table class="codes"><tr><td style="white-space:nowrap"><b>Código</b></td><td><b>Ecrã</b></td><td><b>Definição</b></td></tr><tr><td style="white-space:nowrap">family<a name="social-interaction-type-cs-family"> </a></td><td>Family Interaction</td><td>Interaction with family members</td></tr><tr><td style="white-space:nowrap">friends<a name="social-interaction-type-cs-friends"> </a></td><td>Friend Interaction</td><td>Interaction with friends</td></tr><tr><td style="white-space:nowrap">professional<a name="social-interaction-type-cs-professional"> </a></td><td>Professional Interaction</td><td>Work-related interactions</td></tr><tr><td style="white-space:nowrap">community<a name="social-interaction-type-cs-community"> </a></td><td>Community Interaction</td><td>Community-based interactions</td></tr><tr><td style="white-space:nowrap">group<a name="social-interaction-type-cs-group"> </a></td><td>Group Activity</td><td>Organized group activities</td></tr><tr><td style="white-space:nowrap">casual<a name="social-interaction-type-cs-casual"> </a></td><td>Casual Interaction</td><td>Casual social encounters</td></tr></table></div>
  </text>
  <url value="https://2rdoc.pt/ig/ios-lifestyle-medicine/CodeSystem/social-interaction-type-cs"/>
  <version value="0.1.0"/>
  <name value="SocialInteractionTypeCS"/>
  <title value="Social Interaction Type Code System"/>
  <status value="active"/>
  <experimental value="false"/>
  <date value="2025-10-02T11:12:29+01:00"/>
  <publisher value="Ricardo Lourenço dos Santos"/>
  <contact>
    <name value="Ricardo Lourenço dos Santos"/>
    <telecom>
      <system value="url"/>
      <value value="https://linktr.ee/ricardolsantos"/>
    </telecom>
  </contact>
  <description value="Types of social interactions"/>
  <jurisdiction>
    <coding>
      <system value="http://unstats.un.org/unsd/methods/m49/m49.htm"/>
      <code value="150"/>
      <display value="Europe"/>
    </coding>
  </jurisdiction>
  <jurisdiction>
    <coding>
      <system value="http://unstats.un.org/unsd/methods/m49/m49.htm"/>
      <code value="021"/>
      <display value="Northern America a/"/>
    </coding>
  </jurisdiction>
  <jurisdiction>
    <coding>
      <system value="http://unstats.un.org/unsd/methods/m49/m49.htm"/>
      <code value="005"/>
      <display value="South America"/>
    </coding>
  </jurisdiction>
  <jurisdiction>
    <coding>
      <system value="urn:iso:std:iso:3166"/>
      <code value="PT"/>
      <display value="Portugal"/>
    </coding>
  </jurisdiction>
  <jurisdiction>
    <coding>
      <system value="urn:iso:std:iso:3166"/>
      <code value="US"/>
      <display value="United States of America"/>
    </coding>
  </jurisdiction>
  <jurisdiction>
    <coding>
      <system value="urn:iso:std:iso:3166"/>
      <code value="BR"/>
      <display value="Brazil"/>
    </coding>
  </jurisdiction>
  <content value="complete"/>
  <count value="6"/>
  <concept>
    <code value="family"/>
    <display value="Family Interaction"/>
    <definition value="Interaction with family members"/>
  </concept>
  <concept>
    <code value="friends"/>
    <display value="Friend Interaction"/>
    <definition value="Interaction with friends"/>
  </concept>
  <concept>
    <code value="professional"/>
    <display value="Professional Interaction"/>
    <definition value="Work-related interactions"/>
  </concept>
  <concept>
    <code value="community"/>
    <display value="Community Interaction"/>
    <definition value="Community-based interactions"/>
  </concept>
  <concept>
    <code value="group"/>
    <display value="Group Activity"/>
    <definition value="Organized group activities"/>
  </concept>
  <concept>
    <code value="casual"/>
    <display value="Casual Interaction"/>
    <definition value="Casual social encounters"/>
  </concept>
</CodeSystem>