{
  "resourceType" : "CodeSystem",
  "id" : "cv-risk-category-cs",
  "text" : {
    "status" : "generated",
    "div" : "<div xmlns=\"http://www.w3.org/1999/xhtml\"><p class=\"res-header-id\"><b>Narrativa gerada: CodeSystem cv-risk-category-cs</b></p><a name=\"cv-risk-category-cs\"> </a><a name=\"hccv-risk-category-cs\"> </a><p>Este  sistema de código  define o seguinte código:</p><table class=\"codes\"><tr><td style=\"white-space:nowrap\"><b>Código</b></td><td><b>Ecrã</b></td><td><b>Definição</b></td></tr><tr><td style=\"white-space:nowrap\">low<a name=\"cv-risk-category-cs-low\"> </a></td><td>Low Risk</td><td>Low cardiovascular risk based on CRF</td></tr><tr><td style=\"white-space:nowrap\">moderate<a name=\"cv-risk-category-cs-moderate\"> </a></td><td>Moderate Risk</td><td>Moderate cardiovascular risk</td></tr><tr><td style=\"white-space:nowrap\">high<a name=\"cv-risk-category-cs-high\"> </a></td><td>High Risk</td><td>High cardiovascular risk</td></tr><tr><td style=\"white-space:nowrap\">very-high<a name=\"cv-risk-category-cs-very-high\"> </a></td><td>Very High Risk</td><td>Very high cardiovascular risk</td></tr></table></div>"
  },
  "url" : "https://2rdoc.pt/ig/ios-lifestyle-medicine/CodeSystem/cv-risk-category-cs",
  "version" : "0.1.0",
  "name" : "CVRiskCategoryCS",
  "title" : "CV Risk Category CodeSystem",
  "status" : "active",
  "date" : "2025-11-28T14:35:57+00:00",
  "publisher" : "Ricardo Lourenço dos Santos",
  "contact" : [{
    "name" : "Ricardo Lourenço dos Santos",
    "telecom" : [{
      "system" : "url",
      "value" : "https://linktr.ee/ricardolsantos"
    }]
  }],
  "jurisdiction" : [{
    "coding" : [{
      "system" : "http://unstats.un.org/unsd/methods/m49/m49.htm",
      "code" : "150",
      "display" : "Europe"
    }]
  },
  {
    "coding" : [{
      "system" : "http://unstats.un.org/unsd/methods/m49/m49.htm",
      "code" : "021",
      "display" : "Northern America a/"
    }]
  },
  {
    "coding" : [{
      "system" : "http://unstats.un.org/unsd/methods/m49/m49.htm",
      "code" : "005",
      "display" : "South America"
    }]
  },
  {
    "coding" : [{
      "system" : "urn:iso:std:iso:3166",
      "code" : "PT",
      "display" : "Portugal"
    }]
  },
  {
    "coding" : [{
      "system" : "urn:iso:std:iso:3166",
      "code" : "US",
      "display" : "United States of America"
    }]
  },
  {
    "coding" : [{
      "system" : "urn:iso:std:iso:3166",
      "code" : "BR",
      "display" : "Brazil"
    }]
  }],
  "caseSensitive" : true,
  "content" : "complete",
  "count" : 4,
  "concept" : [{
    "code" : "low",
    "display" : "Low Risk",
    "definition" : "Low cardiovascular risk based on CRF"
  },
  {
    "code" : "moderate",
    "display" : "Moderate Risk",
    "definition" : "Moderate cardiovascular risk"
  },
  {
    "code" : "high",
    "display" : "High Risk",
    "definition" : "High cardiovascular risk"
  },
  {
    "code" : "very-high",
    "display" : "Very High Risk",
    "definition" : "Very high cardiovascular risk"
  }]
}