<?xml version="1.0" encoding="UTF-8"?>

<CodeSystem xmlns="http://hl7.org/fhir">
  <id value="stress-coping-cs"/>
  <text>
    <status value="generated"/><div xmlns="http://www.w3.org/1999/xhtml"><p class="res-header-id"><b>Generated Narrative: CodeSystem stress-coping-cs</b></p><a name="stress-coping-cs"> </a><a name="hcstress-coping-cs"> </a><a name="stress-coping-cs-en-US"> </a><p>This  code system <code>https://github.com/RicardoLSantos/shorthand/CodeSystem/stress-coping-cs</code> defines the following codes:</p><table class="codes"><tr><td style="white-space:nowrap"><b>Code</b></td><td><b>Display</b></td><td><b>Definition</b></td></tr><tr><td style="white-space:nowrap">exercise<a name="stress-coping-cs-exercise"> </a></td><td>Physical Exercise</td><td>Using exercise to manage stress</td></tr><tr><td style="white-space:nowrap">meditation<a name="stress-coping-cs-meditation"> </a></td><td>Meditation</td><td>Meditation and mindfulness practices</td></tr><tr><td style="white-space:nowrap">social<a name="stress-coping-cs-social"> </a></td><td>Social Support</td><td>Seeking social support</td></tr><tr><td style="white-space:nowrap">professional<a name="stress-coping-cs-professional"> </a></td><td>Professional Help</td><td>Seeking professional assistance</td></tr><tr><td style="white-space:nowrap">relaxation<a name="stress-coping-cs-relaxation"> </a></td><td>Relaxation</td><td>Relaxation techniques</td></tr><tr><td style="white-space:nowrap">creative<a name="stress-coping-cs-creative"> </a></td><td>Creative Activities</td><td>Engaging in creative activities</td></tr><tr><td style="white-space:nowrap">nature<a name="stress-coping-cs-nature"> </a></td><td>Nature</td><td>Spending time in nature</td></tr></table></div>
  </text>
  <url value="https://github.com/RicardoLSantos/shorthand/CodeSystem/stress-coping-cs"/>
  <version value="0.1.0"/>
  <name value="StressCopingCS"/>
  <title value="Stress Coping Code System"/>
  <status value="draft"/>
  <date value="2025-01-04T22:47:01+00:00"/>
  <publisher value="Ricardo Lourenço dos Santos"/>
  <contact>
    <name value="Ricardo Lourenço dos Santos"/>
    <telecom>
      <system value="url"/>
      <value value="https://linktr.ee/ricardolsantos"/>
    </telecom>
  </contact>
  <description value="Code system for stress coping mechanisms"/>
  <content value="complete"/>
  <count value="7"/>
  <concept>
    <code value="exercise"/>
    <display value="Physical Exercise"/>
    <definition value="Using exercise to manage stress"/>
  </concept>
  <concept>
    <code value="meditation"/>
    <display value="Meditation"/>
    <definition value="Meditation and mindfulness practices"/>
  </concept>
  <concept>
    <code value="social"/>
    <display value="Social Support"/>
    <definition value="Seeking social support"/>
  </concept>
  <concept>
    <code value="professional"/>
    <display value="Professional Help"/>
    <definition value="Seeking professional assistance"/>
  </concept>
  <concept>
    <code value="relaxation"/>
    <display value="Relaxation"/>
    <definition value="Relaxation techniques"/>
  </concept>
  <concept>
    <code value="creative"/>
    <display value="Creative Activities"/>
    <definition value="Engaging in creative activities"/>
  </concept>
  <concept>
    <code value="nature"/>
    <display value="Nature"/>
    <definition value="Spending time in nature"/>
  </concept>
</CodeSystem>