<?xml version="1.0" encoding="UTF-8"?>

<CodeSystem xmlns="http://hl7.org/fhir">
  <id value="social-context-cs"/>
  <text>
    <status value="generated"/><div xmlns="http://www.w3.org/1999/xhtml"><p class="res-header-id"><b>Narrativa gerada: CodeSystem social-context-cs</b></p><a name="social-context-cs"> </a><a name="hcsocial-context-cs"> </a><p>Este  sistema de código  define o seguinte código:</p><table class="codes"><tr><td style="white-space:nowrap"><b>Código</b></td><td><b>Ecrã</b></td><td><b>Definição</b></td></tr><tr><td style="white-space:nowrap">home<a name="social-context-cs-home"> </a></td><td>Home</td><td>Home environment</td></tr><tr><td style="white-space:nowrap">work<a name="social-context-cs-work"> </a></td><td>Work</td><td>Work environment</td></tr><tr><td style="white-space:nowrap">education<a name="social-context-cs-education"> </a></td><td>Educational</td><td>Educational setting</td></tr><tr><td style="white-space:nowrap">community<a name="social-context-cs-community"> </a></td><td>Community</td><td>Community setting</td></tr><tr><td style="white-space:nowrap">recreational<a name="social-context-cs-recreational"> </a></td><td>Recreational</td><td>Recreational setting</td></tr><tr><td style="white-space:nowrap">healthcare<a name="social-context-cs-healthcare"> </a></td><td>Healthcare</td><td>Healthcare setting</td></tr></table></div>
  </text>
  <url value="https://2rdoc.pt/ig/ios-lifestyle-medicine/CodeSystem/social-context-cs"/>
  <version value="0.1.0"/>
  <name value="SocialContextCS"/>
  <title value="Social Context Code System"/>
  <status value="active"/>
  <experimental value="false"/>
  <date value="2025-11-27T15:44:07+00:00"/>
  <publisher value="Ricardo Lourenço dos Santos"/>
  <contact>
    <name value="Ricardo Lourenço dos Santos"/>
    <telecom>
      <system value="url"/>
      <value value="https://linktr.ee/ricardolsantos"/>
    </telecom>
  </contact>
  <description value="Code system for social interaction contexts"/>
  <jurisdiction>
    <coding>
      <system value="http://unstats.un.org/unsd/methods/m49/m49.htm"/>
      <code value="150"/>
      <display value="Europe"/>
    </coding>
  </jurisdiction>
  <jurisdiction>
    <coding>
      <system value="http://unstats.un.org/unsd/methods/m49/m49.htm"/>
      <code value="021"/>
      <display value="Northern America a/"/>
    </coding>
  </jurisdiction>
  <jurisdiction>
    <coding>
      <system value="http://unstats.un.org/unsd/methods/m49/m49.htm"/>
      <code value="005"/>
      <display value="South America"/>
    </coding>
  </jurisdiction>
  <jurisdiction>
    <coding>
      <system value="urn:iso:std:iso:3166"/>
      <code value="PT"/>
      <display value="Portugal"/>
    </coding>
  </jurisdiction>
  <jurisdiction>
    <coding>
      <system value="urn:iso:std:iso:3166"/>
      <code value="US"/>
      <display value="United States of America"/>
    </coding>
  </jurisdiction>
  <jurisdiction>
    <coding>
      <system value="urn:iso:std:iso:3166"/>
      <code value="BR"/>
      <display value="Brazil"/>
    </coding>
  </jurisdiction>
  <caseSensitive value="true"/>
  <content value="complete"/>
  <count value="6"/>
  <concept>
    <code value="home"/>
    <display value="Home"/>
    <definition value="Home environment"/>
  </concept>
  <concept>
    <code value="work"/>
    <display value="Work"/>
    <definition value="Work environment"/>
  </concept>
  <concept>
    <code value="education"/>
    <display value="Educational"/>
    <definition value="Educational setting"/>
  </concept>
  <concept>
    <code value="community"/>
    <display value="Community"/>
    <definition value="Community setting"/>
  </concept>
  <concept>
    <code value="recreational"/>
    <display value="Recreational"/>
    <definition value="Recreational setting"/>
  </concept>
  <concept>
    <code value="healthcare"/>
    <display value="Healthcare"/>
    <definition value="Healthcare setting"/>
  </concept>
</CodeSystem>