<?xml version="1.0" encoding="UTF-8"?>

<CodeSystem xmlns="http://hl7.org/fhir">
  <id value="environmental-context"/>
  <text>
    <status value="generated"/><div xmlns="http://www.w3.org/1999/xhtml"><p class="res-header-id"><b>Narrativa gerada: CodeSystem environmental-context</b></p><a name="environmental-context"> </a><a name="hcenvironmental-context"> </a><p>Este  sistema de código  define o seguinte código:</p><table class="codes"><tr><td style="white-space:nowrap"><b>Código</b></td><td><b>Ecrã</b></td><td><b>Definição</b></td></tr><tr><td style="white-space:nowrap">indoor<a name="environmental-context-indoor"> </a></td><td>Indoor</td><td>Indoor environment or enclosed space</td></tr><tr><td style="white-space:nowrap">outdoor<a name="environmental-context-outdoor"> </a></td><td>Outdoor</td><td>Outdoor environment or open space</td></tr><tr><td style="white-space:nowrap">urban<a name="environmental-context-urban"> </a></td><td>Urban</td><td>Urban setting or city environment</td></tr><tr><td style="white-space:nowrap">rural<a name="environmental-context-rural"> </a></td><td>Rural</td><td>Rural setting or countryside environment</td></tr><tr><td style="white-space:nowrap">workplace<a name="environmental-context-workplace"> </a></td><td>Workplace</td><td>Work environment or office setting</td></tr><tr><td style="white-space:nowrap">home<a name="environmental-context-home"> </a></td><td>Home</td><td>Home environment or residential setting</td></tr><tr><td style="white-space:nowrap">healthcare-facility<a name="environmental-context-healthcare-facility"> </a></td><td>Healthcare Facility</td><td>Hospital, clinic, or other healthcare setting</td></tr><tr><td style="white-space:nowrap">recreational<a name="environmental-context-recreational"> </a></td><td>Recreational</td><td>Recreational area or leisure facility</td></tr></table></div>
  </text>
  <url value="https://2rdoc.pt/ig/ios-lifestyle-medicine/CodeSystem/environmental-context"/>
  <version value="0.1.0"/>
  <name value="EnvironmentalContextCS"/>
  <title value="Environmental Context Code System"/>
  <status value="active"/>
  <experimental value="false"/>
  <date value="2025-11-27T17:03:01+00:00"/>
  <publisher value="Ricardo Lourenço dos Santos"/>
  <contact>
    <name value="Ricardo Lourenço dos Santos"/>
    <telecom>
      <system value="url"/>
      <value value="https://linktr.ee/ricardolsantos"/>
    </telecom>
  </contact>
  <description value="Environmental factors and settings affecting health measurements and observations"/>
  <jurisdiction>
    <coding>
      <system value="http://unstats.un.org/unsd/methods/m49/m49.htm"/>
      <code value="150"/>
      <display value="Europe"/>
    </coding>
  </jurisdiction>
  <jurisdiction>
    <coding>
      <system value="http://unstats.un.org/unsd/methods/m49/m49.htm"/>
      <code value="021"/>
      <display value="Northern America a/"/>
    </coding>
  </jurisdiction>
  <jurisdiction>
    <coding>
      <system value="http://unstats.un.org/unsd/methods/m49/m49.htm"/>
      <code value="005"/>
      <display value="South America"/>
    </coding>
  </jurisdiction>
  <jurisdiction>
    <coding>
      <system value="urn:iso:std:iso:3166"/>
      <code value="PT"/>
      <display value="Portugal"/>
    </coding>
  </jurisdiction>
  <jurisdiction>
    <coding>
      <system value="urn:iso:std:iso:3166"/>
      <code value="US"/>
      <display value="United States of America"/>
    </coding>
  </jurisdiction>
  <jurisdiction>
    <coding>
      <system value="urn:iso:std:iso:3166"/>
      <code value="BR"/>
      <display value="Brazil"/>
    </coding>
  </jurisdiction>
  <caseSensitive value="true"/>
  <content value="complete"/>
  <count value="8"/>
  <concept>
    <code value="indoor"/>
    <display value="Indoor"/>
    <definition value="Indoor environment or enclosed space"/>
  </concept>
  <concept>
    <code value="outdoor"/>
    <display value="Outdoor"/>
    <definition value="Outdoor environment or open space"/>
  </concept>
  <concept>
    <code value="urban"/>
    <display value="Urban"/>
    <definition value="Urban setting or city environment"/>
  </concept>
  <concept>
    <code value="rural"/>
    <display value="Rural"/>
    <definition value="Rural setting or countryside environment"/>
  </concept>
  <concept>
    <code value="workplace"/>
    <display value="Workplace"/>
    <definition value="Work environment or office setting"/>
  </concept>
  <concept>
    <code value="home"/>
    <display value="Home"/>
    <definition value="Home environment or residential setting"/>
  </concept>
  <concept>
    <code value="healthcare-facility"/>
    <display value="Healthcare Facility"/>
    <definition value="Hospital, clinic, or other healthcare setting"/>
  </concept>
  <concept>
    <code value="recreational"/>
    <display value="Recreational"/>
    <definition value="Recreational area or leisure facility"/>
  </concept>
</CodeSystem>