<?xml version="1.0" encoding="UTF-8"?>

<CodeSystem xmlns="http://hl7.org/fhir">
  <id value="cervical-mucus-codesystem"/>
  <text>
    <status value="generated"/><div xmlns="http://www.w3.org/1999/xhtml"><p class="res-header-id"><b>Generated Narrative: CodeSystem cervical-mucus-codesystem</b></p><a name="cervical-mucus-codesystem"> </a><a name="hccervical-mucus-codesystem"> </a><a name="cervical-mucus-codesystem-en-US"> </a><p>This case-sensitive code system <code>http://example.org/fhir/CodeSystem/cervical-mucus-codesystem</code> defines the following codes:</p><table class="codes"><tr><td style="white-space:nowrap"><b>Code</b></td><td><b>Display</b></td></tr><tr><td style="white-space:nowrap">dry<a name="cervical-mucus-codesystem-dry"> </a></td><td>Dry</td></tr><tr><td style="white-space:nowrap">sticky<a name="cervical-mucus-codesystem-sticky"> </a></td><td>Sticky</td></tr><tr><td style="white-space:nowrap">creamy<a name="cervical-mucus-codesystem-creamy"> </a></td><td>Creamy</td></tr><tr><td style="white-space:nowrap">watery<a name="cervical-mucus-codesystem-watery"> </a></td><td>Watery</td></tr><tr><td style="white-space:nowrap">eggWhite<a name="cervical-mucus-codesystem-eggWhite"> </a></td><td>Egg White</td></tr></table></div>
  </text>
  <url value="http://example.org/fhir/CodeSystem/cervical-mucus-codesystem"/>
  <version value="0.1.0"/>
  <name value="CervicalMucusCodeSystem"/>
  <title value="Cervical Mucus Code System"/>
  <status value="active"/>
  <date value="2025-01-02T17:46:41+00:00"/>
  <publisher value="Ricardo Lourenço dos Santos"/>
  <contact>
    <name value="Ricardo Lourenço dos Santos"/>
    <telecom>
      <system value="url"/>
      <value value="https://linktr.ee/ricardolsantos"/>
    </telecom>
  </contact>
  <caseSensitive value="true"/>
  <content value="complete"/>
  <count value="5"/>
  <concept>
    <code value="dry"/>
    <display value="Dry"/>
  </concept>
  <concept>
    <code value="sticky"/>
    <display value="Sticky"/>
  </concept>
  <concept>
    <code value="creamy"/>
    <display value="Creamy"/>
  </concept>
  <concept>
    <code value="watery"/>
    <display value="Watery"/>
  </concept>
  <concept>
    <code value="eggWhite"/>
    <display value="Egg White"/>
  </concept>
</CodeSystem>