<?xml version="1.0" encoding="UTF-8"?>

<CodeSystem xmlns="http://hl7.org/fhir">
  <id value="social-interaction-medium-cs"/>
  <text>
    <status value="generated"/><div xmlns="http://www.w3.org/1999/xhtml"><p class="res-header-id"><b>Narrativa gerada: CodeSystem social-interaction-medium-cs</b></p><a name="social-interaction-medium-cs"> </a><a name="hcsocial-interaction-medium-cs"> </a><p>Este  sistema de código  define o seguinte código:</p><table class="codes"><tr><td style="white-space:nowrap"><b>Código</b></td><td><b>Ecrã</b></td><td><b>Definição</b></td></tr><tr><td style="white-space:nowrap">inPerson<a name="social-interaction-medium-cs-inPerson"> </a></td><td>In Person</td><td>Face-to-face interaction</td></tr><tr><td style="white-space:nowrap">meaningful<a name="social-interaction-medium-cs-meaningful"> </a></td><td>Meaningful</td><td>Deep and significant interaction</td></tr><tr><td style="white-space:nowrap">video<a name="social-interaction-medium-cs-video"> </a></td><td>Video Call</td><td>Video-based interaction</td></tr><tr><td style="white-space:nowrap">voice<a name="social-interaction-medium-cs-voice"> </a></td><td>Voice Call</td><td>Voice-only interaction</td></tr><tr><td style="white-space:nowrap">text<a name="social-interaction-medium-cs-text"> </a></td><td>Text Based</td><td>Text-based communication</td></tr><tr><td style="white-space:nowrap">social<a name="social-interaction-medium-cs-social"> </a></td><td>Social Media</td><td>Social media interaction</td></tr><tr><td style="white-space:nowrap">mixed<a name="social-interaction-medium-cs-mixed"> </a></td><td>Mixed Medium</td><td>Multiple communication methods</td></tr></table></div>
  </text>
  <url value="https://2rdoc.pt/ig/ios-lifestyle-medicine/CodeSystem/social-interaction-medium-cs"/>
  <version value="0.1.0"/>
  <name value="SocialInteractionMediumCS"/>
  <title value="Social Interaction Medium Code System"/>
  <status value="active"/>
  <experimental value="false"/>
  <date value="2025-10-03T16:37:46+01:00"/>
  <publisher value="Ricardo Lourenço dos Santos"/>
  <contact>
    <name value="Ricardo Lourenço dos Santos"/>
    <telecom>
      <system value="url"/>
      <value value="https://linktr.ee/ricardolsantos"/>
    </telecom>
  </contact>
  <description value="Mediums through which social interaction occurs"/>
  <jurisdiction>
    <coding>
      <system value="http://unstats.un.org/unsd/methods/m49/m49.htm"/>
      <code value="150"/>
      <display value="Europe"/>
    </coding>
  </jurisdiction>
  <jurisdiction>
    <coding>
      <system value="http://unstats.un.org/unsd/methods/m49/m49.htm"/>
      <code value="021"/>
      <display value="Northern America a/"/>
    </coding>
  </jurisdiction>
  <jurisdiction>
    <coding>
      <system value="http://unstats.un.org/unsd/methods/m49/m49.htm"/>
      <code value="005"/>
      <display value="South America"/>
    </coding>
  </jurisdiction>
  <jurisdiction>
    <coding>
      <system value="urn:iso:std:iso:3166"/>
      <code value="PT"/>
      <display value="Portugal"/>
    </coding>
  </jurisdiction>
  <jurisdiction>
    <coding>
      <system value="urn:iso:std:iso:3166"/>
      <code value="US"/>
      <display value="United States of America"/>
    </coding>
  </jurisdiction>
  <jurisdiction>
    <coding>
      <system value="urn:iso:std:iso:3166"/>
      <code value="BR"/>
      <display value="Brazil"/>
    </coding>
  </jurisdiction>
  <caseSensitive value="true"/>
  <content value="complete"/>
  <count value="7"/>
  <concept>
    <code value="inPerson"/>
    <display value="In Person"/>
    <definition value="Face-to-face interaction"/>
  </concept>
  <concept>
    <code value="meaningful"/>
    <display value="Meaningful"/>
    <definition value="Deep and significant interaction"/>
  </concept>
  <concept>
    <code value="video"/>
    <display value="Video Call"/>
    <definition value="Video-based interaction"/>
  </concept>
  <concept>
    <code value="voice"/>
    <display value="Voice Call"/>
    <definition value="Voice-only interaction"/>
  </concept>
  <concept>
    <code value="text"/>
    <display value="Text Based"/>
    <definition value="Text-based communication"/>
  </concept>
  <concept>
    <code value="social"/>
    <display value="Social Media"/>
    <definition value="Social media interaction"/>
  </concept>
  <concept>
    <code value="mixed"/>
    <display value="Mixed Medium"/>
    <definition value="Multiple communication methods"/>
  </concept>
</CodeSystem>