{
  "resourceType" : "CodeSystem",
  "id" : "substance-use-motivation-cs",
  "text" : {
    "status" : "generated",
    "div" : "<div xmlns=\"http://www.w3.org/1999/xhtml\"><p class=\"res-header-id\"><b>Narrativa gerada: CodeSystem substance-use-motivation-cs</b></p><a name=\"substance-use-motivation-cs\"> </a><a name=\"hcsubstance-use-motivation-cs\"> </a><p>Este  sistema de código  define o seguinte código:</p><table class=\"codes\"><tr><td style=\"white-space:nowrap\"><b>Código</b></td><td><b>Ecrã</b></td><td><b>Definição</b></td></tr><tr><td style=\"white-space:nowrap\">precontemplation<a name=\"substance-use-motivation-cs-precontemplation\"> </a></td><td>Precontemplation</td><td>Not considering change in the next 6 months</td></tr><tr><td style=\"white-space:nowrap\">contemplation<a name=\"substance-use-motivation-cs-contemplation\"> </a></td><td>Contemplation</td><td>Considering change in the next 6 months</td></tr><tr><td style=\"white-space:nowrap\">preparation<a name=\"substance-use-motivation-cs-preparation\"> </a></td><td>Preparation</td><td>Planning to change in the next 30 days</td></tr><tr><td style=\"white-space:nowrap\">action<a name=\"substance-use-motivation-cs-action\"> </a></td><td>Action</td><td>Actively making changes (0-6 months)</td></tr><tr><td style=\"white-space:nowrap\">maintenance<a name=\"substance-use-motivation-cs-maintenance\"> </a></td><td>Maintenance</td><td>Sustaining change (&gt;6 months)</td></tr><tr><td style=\"white-space:nowrap\">relapse<a name=\"substance-use-motivation-cs-relapse\"> </a></td><td>Relapse</td><td>Has returned to previous behavior after attempt to change</td></tr></table></div>"
  },
  "url" : "https://2rdoc.pt/ig/ios-lifestyle-medicine/CodeSystem/substance-use-motivation-cs",
  "version" : "0.1.0",
  "name" : "SubstanceUseMotivationCS",
  "title" : "Substance Use Motivation CodeSystem",
  "status" : "active",
  "experimental" : false,
  "date" : "2025-11-27T15:44:07+00:00",
  "publisher" : "Ricardo Lourenço dos Santos",
  "contact" : [{
    "name" : "Ricardo Lourenço dos Santos",
    "telecom" : [{
      "system" : "url",
      "value" : "https://linktr.ee/ricardolsantos"
    }]
  }],
  "description" : "Motivation stages based on Transtheoretical Model (Prochaska)",
  "jurisdiction" : [{
    "coding" : [{
      "system" : "http://unstats.un.org/unsd/methods/m49/m49.htm",
      "code" : "150",
      "display" : "Europe"
    }]
  },
  {
    "coding" : [{
      "system" : "http://unstats.un.org/unsd/methods/m49/m49.htm",
      "code" : "021",
      "display" : "Northern America a/"
    }]
  },
  {
    "coding" : [{
      "system" : "http://unstats.un.org/unsd/methods/m49/m49.htm",
      "code" : "005",
      "display" : "South America"
    }]
  },
  {
    "coding" : [{
      "system" : "urn:iso:std:iso:3166",
      "code" : "PT",
      "display" : "Portugal"
    }]
  },
  {
    "coding" : [{
      "system" : "urn:iso:std:iso:3166",
      "code" : "US",
      "display" : "United States of America"
    }]
  },
  {
    "coding" : [{
      "system" : "urn:iso:std:iso:3166",
      "code" : "BR",
      "display" : "Brazil"
    }]
  }],
  "caseSensitive" : true,
  "content" : "complete",
  "count" : 6,
  "concept" : [{
    "code" : "precontemplation",
    "display" : "Precontemplation",
    "definition" : "Not considering change in the next 6 months"
  },
  {
    "code" : "contemplation",
    "display" : "Contemplation",
    "definition" : "Considering change in the next 6 months"
  },
  {
    "code" : "preparation",
    "display" : "Preparation",
    "definition" : "Planning to change in the next 30 days"
  },
  {
    "code" : "action",
    "display" : "Action",
    "definition" : "Actively making changes (0-6 months)"
  },
  {
    "code" : "maintenance",
    "display" : "Maintenance",
    "definition" : "Sustaining change (>6 months)"
  },
  {
    "code" : "relapse",
    "display" : "Relapse",
    "definition" : "Has returned to previous behavior after attempt to change"
  }]
}