{
  "resourceType" : "CodeSystem",
  "id" : "drinking-context-cs",
  "text" : {
    "status" : "generated",
    "div" : "<div xmlns=\"http://www.w3.org/1999/xhtml\"><p class=\"res-header-id\"><b>Narrativa gerada: CodeSystem drinking-context-cs</b></p><a name=\"drinking-context-cs\"> </a><a name=\"hcdrinking-context-cs\"> </a><p>Este  sistema de código  define o seguinte código:</p><table class=\"codes\"><tr><td style=\"white-space:nowrap\"><b>Código</b></td><td><b>Ecrã</b></td><td><b>Definição</b></td></tr><tr><td style=\"white-space:nowrap\">home-alone<a name=\"drinking-context-cs-home-alone\"> </a></td><td>Home alone</td><td>Drinking alone at home</td></tr><tr><td style=\"white-space:nowrap\">home-social<a name=\"drinking-context-cs-home-social\"> </a></td><td>Home with others</td><td>Drinking at home with family or friends</td></tr><tr><td style=\"white-space:nowrap\">restaurant<a name=\"drinking-context-cs-restaurant\"> </a></td><td>Restaurant/dining</td><td>Drinking with meals at restaurants</td></tr><tr><td style=\"white-space:nowrap\">bar-club<a name=\"drinking-context-cs-bar-club\"> </a></td><td>Bar or club</td><td>Drinking at bars, pubs, or nightclubs</td></tr><tr><td style=\"white-space:nowrap\">party<a name=\"drinking-context-cs-party\"> </a></td><td>Party/celebration</td><td>Drinking at parties or celebrations</td></tr><tr><td style=\"white-space:nowrap\">work-event<a name=\"drinking-context-cs-work-event\"> </a></td><td>Work event</td><td>Drinking at work-related events</td></tr><tr><td style=\"white-space:nowrap\">outdoor<a name=\"drinking-context-cs-outdoor\"> </a></td><td>Outdoor activity</td><td>Drinking during outdoor activities</td></tr><tr><td style=\"white-space:nowrap\">sporting-event<a name=\"drinking-context-cs-sporting-event\"> </a></td><td>Sporting event</td><td>Drinking at sporting events</td></tr></table></div>"
  },
  "url" : "https://2rdoc.pt/ig/ios-lifestyle-medicine/CodeSystem/drinking-context-cs",
  "version" : "0.1.0",
  "name" : "DrinkingContextCS",
  "title" : "Drinking Context CodeSystem",
  "status" : "active",
  "experimental" : false,
  "date" : "2025-11-28T14:35:57+00:00",
  "publisher" : "Ricardo Lourenço dos Santos",
  "contact" : [{
    "name" : "Ricardo Lourenço dos Santos",
    "telecom" : [{
      "system" : "url",
      "value" : "https://linktr.ee/ricardolsantos"
    }]
  }],
  "description" : "Settings and contexts for alcohol consumption",
  "jurisdiction" : [{
    "coding" : [{
      "system" : "http://unstats.un.org/unsd/methods/m49/m49.htm",
      "code" : "150",
      "display" : "Europe"
    }]
  },
  {
    "coding" : [{
      "system" : "http://unstats.un.org/unsd/methods/m49/m49.htm",
      "code" : "021",
      "display" : "Northern America a/"
    }]
  },
  {
    "coding" : [{
      "system" : "http://unstats.un.org/unsd/methods/m49/m49.htm",
      "code" : "005",
      "display" : "South America"
    }]
  },
  {
    "coding" : [{
      "system" : "urn:iso:std:iso:3166",
      "code" : "PT",
      "display" : "Portugal"
    }]
  },
  {
    "coding" : [{
      "system" : "urn:iso:std:iso:3166",
      "code" : "US",
      "display" : "United States of America"
    }]
  },
  {
    "coding" : [{
      "system" : "urn:iso:std:iso:3166",
      "code" : "BR",
      "display" : "Brazil"
    }]
  }],
  "caseSensitive" : true,
  "content" : "complete",
  "count" : 8,
  "concept" : [{
    "code" : "home-alone",
    "display" : "Home alone",
    "definition" : "Drinking alone at home"
  },
  {
    "code" : "home-social",
    "display" : "Home with others",
    "definition" : "Drinking at home with family or friends"
  },
  {
    "code" : "restaurant",
    "display" : "Restaurant/dining",
    "definition" : "Drinking with meals at restaurants"
  },
  {
    "code" : "bar-club",
    "display" : "Bar or club",
    "definition" : "Drinking at bars, pubs, or nightclubs"
  },
  {
    "code" : "party",
    "display" : "Party/celebration",
    "definition" : "Drinking at parties or celebrations"
  },
  {
    "code" : "work-event",
    "display" : "Work event",
    "definition" : "Drinking at work-related events"
  },
  {
    "code" : "outdoor",
    "display" : "Outdoor activity",
    "definition" : "Drinking during outdoor activities"
  },
  {
    "code" : "sporting-event",
    "display" : "Sporting event",
    "definition" : "Drinking at sporting events"
  }]
}