{
  "resourceType" : "CodeSystem",
  "id" : "baseline-comparison-cs",
  "text" : {
    "status" : "generated",
    "div" : "<div xmlns=\"http://www.w3.org/1999/xhtml\"><p class=\"res-header-id\"><b>Narrativa gerada: CodeSystem baseline-comparison-cs</b></p><a name=\"baseline-comparison-cs\"> </a><a name=\"hcbaseline-comparison-cs\"> </a><p>Este  sistema de código  define o seguinte código:</p><table class=\"codes\"><tr><td style=\"white-space:nowrap\"><b>Código</b></td><td><b>Ecrã</b></td><td><b>Definição</b></td></tr><tr><td style=\"white-space:nowrap\">above<a name=\"baseline-comparison-cs-above\"> </a></td><td>Above Baseline</td><td>Currently above personal baseline</td></tr><tr><td style=\"white-space:nowrap\">at<a name=\"baseline-comparison-cs-at\"> </a></td><td>At Baseline</td><td>Currently at personal baseline</td></tr><tr><td style=\"white-space:nowrap\">below<a name=\"baseline-comparison-cs-below\"> </a></td><td>Below Baseline</td><td>Currently below personal baseline</td></tr></table></div>"
  },
  "url" : "https://2rdoc.pt/ig/ios-lifestyle-medicine/CodeSystem/baseline-comparison-cs",
  "version" : "0.1.0",
  "name" : "BaselineComparisonCS",
  "title" : "Baseline Comparison CodeSystem",
  "status" : "active",
  "date" : "2025-11-28T14:35:57+00:00",
  "publisher" : "Ricardo Lourenço dos Santos",
  "contact" : [{
    "name" : "Ricardo Lourenço dos Santos",
    "telecom" : [{
      "system" : "url",
      "value" : "https://linktr.ee/ricardolsantos"
    }]
  }],
  "jurisdiction" : [{
    "coding" : [{
      "system" : "http://unstats.un.org/unsd/methods/m49/m49.htm",
      "code" : "150",
      "display" : "Europe"
    }]
  },
  {
    "coding" : [{
      "system" : "http://unstats.un.org/unsd/methods/m49/m49.htm",
      "code" : "021",
      "display" : "Northern America a/"
    }]
  },
  {
    "coding" : [{
      "system" : "http://unstats.un.org/unsd/methods/m49/m49.htm",
      "code" : "005",
      "display" : "South America"
    }]
  },
  {
    "coding" : [{
      "system" : "urn:iso:std:iso:3166",
      "code" : "PT",
      "display" : "Portugal"
    }]
  },
  {
    "coding" : [{
      "system" : "urn:iso:std:iso:3166",
      "code" : "US",
      "display" : "United States of America"
    }]
  },
  {
    "coding" : [{
      "system" : "urn:iso:std:iso:3166",
      "code" : "BR",
      "display" : "Brazil"
    }]
  }],
  "caseSensitive" : true,
  "content" : "complete",
  "count" : 3,
  "concept" : [{
    "code" : "above",
    "display" : "Above Baseline",
    "definition" : "Currently above personal baseline"
  },
  {
    "code" : "at",
    "display" : "At Baseline",
    "definition" : "Currently at personal baseline"
  },
  {
    "code" : "below",
    "display" : "Below Baseline",
    "definition" : "Currently below personal baseline"
  }]
}