{
  "resourceType" : "CodeSystem",
  "id" : "vo2max-protocol-cs",
  "text" : {
    "status" : "generated",
    "div" : "<div xmlns=\"http://www.w3.org/1999/xhtml\"><p class=\"res-header-id\"><b>Narrativa gerada: CodeSystem vo2max-protocol-cs</b></p><a name=\"vo2max-protocol-cs\"> </a><a name=\"hcvo2max-protocol-cs\"> </a><p>Este  sistema de código  define o seguinte código:</p><table class=\"codes\"><tr><td style=\"white-space:nowrap\"><b>Código</b></td><td><b>Ecrã</b></td><td><b>Definição</b></td></tr><tr><td style=\"white-space:nowrap\">garmin-firstbeat<a name=\"vo2max-protocol-cs-garmin-firstbeat\"> </a></td><td>Garmin FirstBeat</td><td>Garmin FirstBeat analytics</td></tr><tr><td style=\"white-space:nowrap\">apple-cardio<a name=\"vo2max-protocol-cs-apple-cardio\"> </a></td><td>Apple Cardio Fitness</td><td>Apple Watch algorithm</td></tr><tr><td style=\"white-space:nowrap\">polar-fitness<a name=\"vo2max-protocol-cs-polar-fitness\"> </a></td><td>Polar Fitness Test</td><td>Polar OwnIndex test</td></tr><tr><td style=\"white-space:nowrap\">fitbit-cardio<a name=\"vo2max-protocol-cs-fitbit-cardio\"> </a></td><td>Fitbit Cardio Score</td><td>Fitbit algorithm</td></tr><tr><td style=\"white-space:nowrap\">coros<a name=\"vo2max-protocol-cs-coros\"> </a></td><td>COROS</td><td>COROS proprietary</td></tr><tr><td style=\"white-space:nowrap\">suunto<a name=\"vo2max-protocol-cs-suunto\"> </a></td><td>Suunto</td><td>Suunto proprietary</td></tr><tr><td style=\"white-space:nowrap\">astrand<a name=\"vo2max-protocol-cs-astrand\"> </a></td><td>Astrand-Rhyming</td><td>Astrand-Rhyming cycle test</td></tr><tr><td style=\"white-space:nowrap\">ymca<a name=\"vo2max-protocol-cs-ymca\"> </a></td><td>YMCA Cycle Test</td><td>YMCA submaximal cycle</td></tr><tr><td style=\"white-space:nowrap\">rockport<a name=\"vo2max-protocol-cs-rockport\"> </a></td><td>Rockport Walk</td><td>Rockport 1-mile walk test</td></tr><tr><td style=\"white-space:nowrap\">cooper<a name=\"vo2max-protocol-cs-cooper\"> </a></td><td>Cooper 12-min</td><td>Cooper 12-minute run</td></tr><tr><td style=\"white-space:nowrap\">6mwt<a name=\"vo2max-protocol-cs-6mwt\"> </a></td><td>6-Minute Walk</td><td>Six-minute walk test</td></tr><tr><td style=\"white-space:nowrap\">uth<a name=\"vo2max-protocol-cs-uth\"> </a></td><td>Uth Formula</td><td>HRmax/HRrest ratio</td></tr><tr><td style=\"white-space:nowrap\">bruce<a name=\"vo2max-protocol-cs-bruce\"> </a></td><td>Bruce Treadmill</td><td>Bruce protocol</td></tr><tr><td style=\"white-space:nowrap\">other<a name=\"vo2max-protocol-cs-other\"> </a></td><td>Other</td><td>Other protocol</td></tr></table></div>"
  },
  "url" : "https://2rdoc.pt/ig/ios-lifestyle-medicine/CodeSystem/vo2max-protocol-cs",
  "version" : "0.1.0",
  "name" : "VO2maxProtocolCS",
  "title" : "VO2max Protocol CodeSystem",
  "status" : "active",
  "date" : "2025-11-28T14:35:57+00:00",
  "publisher" : "Ricardo Lourenço dos Santos",
  "contact" : [{
    "name" : "Ricardo Lourenço dos Santos",
    "telecom" : [{
      "system" : "url",
      "value" : "https://linktr.ee/ricardolsantos"
    }]
  }],
  "jurisdiction" : [{
    "coding" : [{
      "system" : "http://unstats.un.org/unsd/methods/m49/m49.htm",
      "code" : "150",
      "display" : "Europe"
    }]
  },
  {
    "coding" : [{
      "system" : "http://unstats.un.org/unsd/methods/m49/m49.htm",
      "code" : "021",
      "display" : "Northern America a/"
    }]
  },
  {
    "coding" : [{
      "system" : "http://unstats.un.org/unsd/methods/m49/m49.htm",
      "code" : "005",
      "display" : "South America"
    }]
  },
  {
    "coding" : [{
      "system" : "urn:iso:std:iso:3166",
      "code" : "PT",
      "display" : "Portugal"
    }]
  },
  {
    "coding" : [{
      "system" : "urn:iso:std:iso:3166",
      "code" : "US",
      "display" : "United States of America"
    }]
  },
  {
    "coding" : [{
      "system" : "urn:iso:std:iso:3166",
      "code" : "BR",
      "display" : "Brazil"
    }]
  }],
  "caseSensitive" : true,
  "content" : "complete",
  "count" : 14,
  "concept" : [{
    "code" : "garmin-firstbeat",
    "display" : "Garmin FirstBeat",
    "definition" : "Garmin FirstBeat analytics"
  },
  {
    "code" : "apple-cardio",
    "display" : "Apple Cardio Fitness",
    "definition" : "Apple Watch algorithm"
  },
  {
    "code" : "polar-fitness",
    "display" : "Polar Fitness Test",
    "definition" : "Polar OwnIndex test"
  },
  {
    "code" : "fitbit-cardio",
    "display" : "Fitbit Cardio Score",
    "definition" : "Fitbit algorithm"
  },
  {
    "code" : "coros",
    "display" : "COROS",
    "definition" : "COROS proprietary"
  },
  {
    "code" : "suunto",
    "display" : "Suunto",
    "definition" : "Suunto proprietary"
  },
  {
    "code" : "astrand",
    "display" : "Astrand-Rhyming",
    "definition" : "Astrand-Rhyming cycle test"
  },
  {
    "code" : "ymca",
    "display" : "YMCA Cycle Test",
    "definition" : "YMCA submaximal cycle"
  },
  {
    "code" : "rockport",
    "display" : "Rockport Walk",
    "definition" : "Rockport 1-mile walk test"
  },
  {
    "code" : "cooper",
    "display" : "Cooper 12-min",
    "definition" : "Cooper 12-minute run"
  },
  {
    "code" : "6mwt",
    "display" : "6-Minute Walk",
    "definition" : "Six-minute walk test"
  },
  {
    "code" : "uth",
    "display" : "Uth Formula",
    "definition" : "HRmax/HRrest ratio"
  },
  {
    "code" : "bruce",
    "display" : "Bruce Treadmill",
    "definition" : "Bruce protocol"
  },
  {
    "code" : "other",
    "display" : "Other",
    "definition" : "Other protocol"
  }]
}