{
  "resourceType" : "CodeSystem",
  "id" : "audit-levels",
  "text" : {
    "status" : "generated",
    "div" : "<div xmlns=\"http://www.w3.org/1999/xhtml\"><p class=\"res-header-id\"><b>Generated Narrative: CodeSystem audit-levels</b></p><a name=\"audit-levels\"> </a><a name=\"hcaudit-levels\"> </a><a name=\"audit-levels-en-US\"> </a><p>This case-sensitive code system <code>http://example.org/fhir/CodeSystem/audit-levels</code> defines the following codes:</p><table class=\"codes\"><tr><td style=\"white-space:nowrap\"><b>Code</b></td><td><b>Display</b></td></tr><tr><td style=\"white-space:nowrap\">low<a name=\"audit-levels-low\"> </a></td><td>Low Level</td></tr><tr><td style=\"white-space:nowrap\">medium<a name=\"audit-levels-medium\"> </a></td><td>Medium Level</td></tr><tr><td style=\"white-space:nowrap\">high<a name=\"audit-levels-high\"> </a></td><td>High Level</td></tr></table></div>"
  },
  "url" : "http://example.org/fhir/CodeSystem/audit-levels",
  "version" : "0.1.0",
  "name" : "AuditLevelsCodeSystem",
  "title" : "Audit Levels Code System",
  "status" : "active",
  "experimental" : false,
  "date" : "2025-01-04T22:47:01+00:00",
  "publisher" : "Ricardo Lourenço dos Santos",
  "contact" : [{
    "name" : "Ricardo Lourenço dos Santos",
    "telecom" : [{
      "system" : "url",
      "value" : "https://linktr.ee/ricardolsantos"
    }]
  }],
  "description" : "Code system for audit level types",
  "caseSensitive" : true,
  "content" : "complete",
  "count" : 3,
  "concept" : [{
    "code" : "low",
    "display" : "Low Level"
  },
  {
    "code" : "medium",
    "display" : "Medium Level"
  },
  {
    "code" : "high",
    "display" : "High Level"
  }]
}