<?xml version="1.0" encoding="UTF-8"?>

<CodeSystem xmlns="http://hl7.org/fhir">
  <id value="social-interaction-type-cs"/>
  <text>
    <status value="generated"/><div xmlns="http://www.w3.org/1999/xhtml"><p class="res-header-id"><b>Generated Narrative: CodeSystem social-interaction-type-cs</b></p><a name="social-interaction-type-cs"> </a><a name="hcsocial-interaction-type-cs"> </a><a name="social-interaction-type-cs-en-US"> </a><p>This  code system <code>https://github.com/RicardoLSantos/shorthand/CodeSystem/social-interaction-type-cs</code> defines the following codes:</p><table class="codes"><tr><td style="white-space:nowrap"><b>Code</b></td><td><b>Display</b></td><td><b>Definition</b></td></tr><tr><td style="white-space:nowrap">family<a name="social-interaction-type-cs-family"> </a></td><td>Family Interaction</td><td>Interaction with family members</td></tr><tr><td style="white-space:nowrap">friends<a name="social-interaction-type-cs-friends"> </a></td><td>Friend Interaction</td><td>Interaction with friends</td></tr><tr><td style="white-space:nowrap">professional<a name="social-interaction-type-cs-professional"> </a></td><td>Professional Interaction</td><td>Work-related interactions</td></tr><tr><td style="white-space:nowrap">community<a name="social-interaction-type-cs-community"> </a></td><td>Community Interaction</td><td>Community-based interactions</td></tr><tr><td style="white-space:nowrap">group<a name="social-interaction-type-cs-group"> </a></td><td>Group Activity</td><td>Organized group activities</td></tr><tr><td style="white-space:nowrap">casual<a name="social-interaction-type-cs-casual"> </a></td><td>Casual Interaction</td><td>Casual social encounters</td></tr></table></div>
  </text>
  <url value="https://github.com/RicardoLSantos/shorthand/CodeSystem/social-interaction-type-cs"/>
  <version value="0.1.0"/>
  <name value="SocialInteractionTypeCS"/>
  <title value="Social Interaction Type Code System"/>
  <status value="draft"/>
  <date value="2025-01-14T13:24:18+00:00"/>
  <publisher value="Ricardo Lourenço dos Santos"/>
  <contact>
    <name value="Ricardo Lourenço dos Santos"/>
    <telecom>
      <system value="url"/>
      <value value="https://linktr.ee/ricardolsantos"/>
    </telecom>
  </contact>
  <description value="Types of social interactions"/>
  <content value="complete"/>
  <count value="6"/>
  <concept>
    <code value="family"/>
    <display value="Family Interaction"/>
    <definition value="Interaction with family members"/>
  </concept>
  <concept>
    <code value="friends"/>
    <display value="Friend Interaction"/>
    <definition value="Interaction with friends"/>
  </concept>
  <concept>
    <code value="professional"/>
    <display value="Professional Interaction"/>
    <definition value="Work-related interactions"/>
  </concept>
  <concept>
    <code value="community"/>
    <display value="Community Interaction"/>
    <definition value="Community-based interactions"/>
  </concept>
  <concept>
    <code value="group"/>
    <display value="Group Activity"/>
    <definition value="Organized group activities"/>
  </concept>
  <concept>
    <code value="casual"/>
    <display value="Casual Interaction"/>
    <definition value="Casual social encounters"/>
  </concept>
</CodeSystem>