{
  "resourceType" : "CodeSystem",
  "id" : "mindfulness-qualifier-cs",
  "text" : {
    "status" : "generated",
    "div" : "<div xmlns=\"http://www.w3.org/1999/xhtml\"><p class=\"res-header-id\"><b>Generated Narrative: CodeSystem mindfulness-qualifier-cs</b></p><a name=\"mindfulness-qualifier-cs\"> </a><a name=\"hcmindfulness-qualifier-cs\"> </a><a name=\"mindfulness-qualifier-cs-en-US\"> </a><p>This case-sensitive code system <code>https://github.com/RicardoLSantos/shorthand/CodeSystem/mindfulness-qualifier-cs</code> defines the following codes:</p><table class=\"codes\"><tr><td style=\"white-space:nowrap\"><b>Code</b></td><td><b>Display</b></td><td><b>Definition</b></td></tr><tr><td style=\"white-space:nowrap\">guided<a name=\"mindfulness-qualifier-cs-guided\"> </a></td><td>Guided Practice</td><td>Practice with guidance or instruction</td></tr><tr><td style=\"white-space:nowrap\">selfDirected<a name=\"mindfulness-qualifier-cs-selfDirected\"> </a></td><td>Self-Directed</td><td>Independent practice</td></tr><tr><td style=\"white-space:nowrap\">group<a name=\"mindfulness-qualifier-cs-group\"> </a></td><td>Group Practice</td><td>Practice in group setting</td></tr><tr><td style=\"white-space:nowrap\">individual<a name=\"mindfulness-qualifier-cs-individual\"> </a></td><td>Individual Practice</td><td>Solo practice session</td></tr></table></div>"
  },
  "url" : "https://github.com/RicardoLSantos/shorthand/CodeSystem/mindfulness-qualifier-cs",
  "version" : "0.1.0",
  "name" : "MindfulnessQualifierCS",
  "title" : "Mindfulness Practice Qualifiers",
  "status" : "draft",
  "experimental" : false,
  "date" : "2025-01-04T22:09:55+00:00",
  "publisher" : "Ricardo Lourenço dos Santos",
  "contact" : [{
    "name" : "Ricardo Lourenço dos Santos",
    "telecom" : [{
      "system" : "url",
      "value" : "https://linktr.ee/ricardolsantos"
    }]
  }],
  "description" : "Qualifiers for mindfulness practice characteristics",
  "caseSensitive" : true,
  "content" : "complete",
  "count" : 4,
  "concept" : [{
    "code" : "guided",
    "display" : "Guided Practice",
    "definition" : "Practice with guidance or instruction"
  },
  {
    "code" : "selfDirected",
    "display" : "Self-Directed",
    "definition" : "Independent practice"
  },
  {
    "code" : "group",
    "display" : "Group Practice",
    "definition" : "Practice in group setting"
  },
  {
    "code" : "individual",
    "display" : "Individual Practice",
    "definition" : "Solo practice session"
  }]
}