<?xml version="1.0" encoding="UTF-8"?>

<ConceptMap xmlns="http://hl7.org/fhir">
  <id value="MindfulnessDiagnosticMap"/>
  <text>
    <status value="generated"/><div xmlns="http://www.w3.org/1999/xhtml"><p class="res-header-id"><b>Narrativa gerada: ConceptMap MindfulnessDiagnosticMap</b></p><a name="MindfulnessDiagnosticMap"> </a><a name="hcMindfulnessDiagnosticMap"> </a><p>Mapeamento de <a href="ValueSet-mindfulness-outcome-vs.html">Mindfulness Outcomes Value Set</a> para https://2rdoc.pt/ig/ios-lifestyle-medicine/ValueSet/mindfulness-snomed-vs</p><br/><p><b>Grupo 1 </b>Mapeamento de <a href="CodeSystem-mindfulness-outcome-cs.html">Mindfulness Outcomes</a> to <code>https://2rdoc.pt/ig/ios-lifestyle-medicine/ValueSet/mindfulness-snomed-vs</code></p><table class="grid"><tr><td><b>Código fonte</b></td><td><b>Relacionamento</b></td><td><b>Código de destino</b></td><td><b>Comentário</b></td></tr><tr><td>stressReduction</td><td><a href="http://hl7.org/fhir/R5/codesystem-concept-map-relationship.html#narrower" title="narrower">narrower</a></td><td>73595000 (Stress)</td><td>Indicates reduction in stress levels</td></tr><tr><td>improvedSleep</td><td><a href="http://hl7.org/fhir/R5/codesystem-concept-map-relationship.html#narrower" title="narrower">narrower</a></td><td>248234008 (Sleep pattern)</td><td>Indicates improvement in activity quality</td></tr><tr><td>emotionalBalance</td><td><a href="http://hl7.org/fhir/R5/codesystem-concept-map-relationship.html#equivalent" title="equivalent">is equivalent to</a></td><td>285854004 (Emotional state)</td><td>Maps to emotional state finding</td></tr><tr><td>increasedAwareness</td><td><a href="http://hl7.org/fhir/R5/codesystem-concept-map-relationship.html#relatedto" title="relatedto">is related to</a></td><td>736253002 (Mental state, behavior and/or psychosocial functioning)</td><td>General improvement in mental state</td></tr></table></div>
  </text>
  <url value="https://2rdoc.pt/ig/ios-lifestyle-medicine/ConceptMap/MindfulnessDiagnosticMap"/>
  <version value="0.1.0"/>
  <title value="Mindfulness Diagnostic Mappings"/>
  <status value="draft"/>
  <experimental value="false"/>
  <date value="2025-10-02T11:12:29+01:00"/>
  <publisher value="Ricardo Lourenço dos Santos"/>
  <contact>
    <name value="Ricardo Lourenço dos Santos"/>
    <telecom>
      <system value="url"/>
      <value value="https://linktr.ee/ricardolsantos"/>
    </telecom>
  </contact>
  <description value="Mapping of mindfulness outcomes to diagnostic codes"/>
  <jurisdiction>
    <coding>
      <system value="http://unstats.un.org/unsd/methods/m49/m49.htm"/>
      <code value="150"/>
      <display value="Europe"/>
    </coding>
  </jurisdiction>
  <jurisdiction>
    <coding>
      <system value="http://unstats.un.org/unsd/methods/m49/m49.htm"/>
      <code value="021"/>
      <display value="Northern America a/"/>
    </coding>
  </jurisdiction>
  <jurisdiction>
    <coding>
      <system value="http://unstats.un.org/unsd/methods/m49/m49.htm"/>
      <code value="005"/>
      <display value="South America"/>
    </coding>
  </jurisdiction>
  <jurisdiction>
    <coding>
      <system value="urn:iso:std:iso:3166"/>
      <code value="PT"/>
      <display value="Portugal"/>
    </coding>
  </jurisdiction>
  <jurisdiction>
    <coding>
      <system value="urn:iso:std:iso:3166"/>
      <code value="US"/>
      <display value="United States of America"/>
    </coding>
  </jurisdiction>
  <jurisdiction>
    <coding>
      <system value="urn:iso:std:iso:3166"/>
      <code value="BR"/>
      <display value="Brazil"/>
    </coding>
  </jurisdiction>
  <purpose value="Map mindfulness outcomes to standard diagnostic codes"/>
  <sourceUri value="https://2rdoc.pt/ig/ios-lifestyle-medicine/ValueSet/mindfulness-outcome-vs"/>
  <targetUri value="https://2rdoc.pt/ig/ios-lifestyle-medicine/ValueSet/mindfulness-snomed-vs"/>
  <group>
    <source value="https://2rdoc.pt/ig/ios-lifestyle-medicine/CodeSystem/mindfulness-outcome-cs"/>
    <target value="https://2rdoc.pt/ig/ios-lifestyle-medicine/ValueSet/mindfulness-snomed-vs"/>
    <element>
      <code value="stressReduction"/>
      <target>
        <code value="73595000"/>
        <display value="Stress"/>
        <equivalence value="narrower"/>
        <comment value="Indicates reduction in stress levels"/>
      </target>
    </element>
    <element>
      <code value="improvedSleep"/>
      <target>
        <code value="248234008"/>
        <display value="Sleep pattern"/>
        <equivalence value="narrower"/>
        <comment value="Indicates improvement in activity quality"/>
      </target>
    </element>
    <element>
      <code value="emotionalBalance"/>
      <target>
        <code value="285854004"/>
        <display value="Emotional state"/>
        <equivalence value="equivalent"/>
        <comment value="Maps to emotional state finding"/>
      </target>
    </element>
    <element>
      <code value="increasedAwareness"/>
      <target>
        <code value="736253002"/>
        <display value="Mental state, behavior and/or psychosocial functioning"/>
        <equivalence value="relatedto"/>
        <comment value="General improvement in mental state"/>
      </target>
    </element>
  </group>
</ConceptMap>