{
  "resourceType" : "Device",
  "id" : "iphone-example",
  "text" : {
    "status" : "generated",
    "div" : "<div xmlns=\"http://www.w3.org/1999/xhtml\"><p class=\"res-header-id\"><b>Narrativa gerada: Device iphone-example</b></p><a name=\"iphone-example\"> </a><a name=\"hciphone-example\"> </a><p><b>status</b>: Active</p><p><b>manufacturer</b>: Apple Inc.</p><h3>DeviceNames</h3><table class=\"grid\"><tr><td style=\"display: none\">-</td><td><b>Name</b></td><td><b>Type</b></td></tr><tr><td style=\"display: none\">*</td><td>iPhone</td><td>User Friendly name</td></tr></table><p><b>modelNumber</b>: iPhone 15 Pro</p><p><b>type</b>: <span title=\"Códigos:{http://snomed.info/sct 706689003}\">Application programme software</span></p><h3>Versions</h3><table class=\"grid\"><tr><td style=\"display: none\">-</td><td><b>Value</b></td></tr><tr><td style=\"display: none\">*</td><td>iOS 17.0</td></tr></table><p><b>note</b>: </p><blockquote><div><p>iPhone 15 Pro running iOS 17.0 - Apple Inc. - iOS Health App data collection device</p>\n</div></blockquote></div>"
  },
  "status" : "active",
  "manufacturer" : "Apple Inc.",
  "deviceName" : [{
    "name" : "iPhone",
    "type" : "user-friendly-name"
  }],
  "modelNumber" : "iPhone 15 Pro",
  "type" : {
    "coding" : [{
      "system" : "http://snomed.info/sct",
      "code" : "706689003",
      "display" : "Application programme software"
    }]
  },
  "version" : [{
    "value" : "iOS 17.0"
  }],
  "note" : [{
    "text" : "iPhone 15 Pro running iOS 17.0 - Apple Inc. - iOS Health App data collection device"
  }]
}