{
  "resourceType" : "MessageDefinition",
  "id" : "EndSessionMessage",
  "meta" : {
    "profile" : ["https://2rdoc.pt/ig/ios-lifestyle-medicine/StructureDefinition/mindfulness-message-definition"]
  },
  "text" : {
    "status" : "generated",
    "div" : "<div xmlns=\"http://www.w3.org/1999/xhtml\"><p class=\"res-header-id\"><b>Narrativa gerada: MessageDefinition EndSessionMessage</b></p><a name=\"EndSessionMessage\"> </a><a name=\"hcEndSessionMessage\"> </a><div style=\"display: inline-block; background-color: #d9e0e7; padding: 6px; margin: 4px; border: 1px solid #8da1b4; border-radius: 5px; line-height: 60%\"><p style=\"margin-bottom: 0px\"/><p style=\"margin-bottom: 0px\">Perfil: <a href=\"StructureDefinition-mindfulness-message-definition.html\">Mindfulness Message Definition</a></p></div><p><b>url</b>: <a href=\"MessageDefinition-EndSessionMessage.html\">MessageDefinition: url = https://2rdoc.pt/fhir/MessageDefinition/end-session; version = 0.1.0; status = active; date = 2024-03-19; publisher = Ricardo Lourenço dos Santos; contact = Ricardo Lourenço dos Santos (https://linktr.ee/ricardolsantos); jurisdiction = ; copyright = ; event[x] = Session End (mindfulness-message-events#session-end); category = notification</a></p><p><b>version</b>: 0.1.0</p><p><b>status</b>: Active</p><p><b>date</b>: 2024-03-19</p><p><b>publisher</b>: Ricardo Lourenço dos Santos</p><p><b>contact</b>: Ricardo Lourenço dos Santos: <a href=\"https://linktr.ee/ricardolsantos\">https://linktr.ee/ricardolsantos</a></p><p><b>event</b>: mindfulness-message-events session-end: Session End</p><p><b>category</b>: Notification</p><h3>Focus</h3><table class=\"grid\"><tr><td style=\"display: none\">-</td><td><b>Code</b></td><td><b>Profile</b></td><td><b>Min</b></td></tr><tr><td style=\"display: none\">*</td><td>Observation</td><td><code>https://2rdoc.pt/ig/ios-lifestyle-medicine/StructureDefinition/mindfulness-session</code></td><td>1</td></tr></table></div>"
  },
  "url" : "https://2rdoc.pt/fhir/MessageDefinition/end-session",
  "version" : "0.1.0",
  "status" : "active",
  "date" : "2024-03-19",
  "publisher" : "Ricardo Lourenço dos Santos",
  "contact" : [{
    "name" : "Ricardo Lourenço dos Santos",
    "telecom" : [{
      "system" : "url",
      "value" : "https://linktr.ee/ricardolsantos"
    }]
  }],
  "eventCoding" : {
    "system" : "https://2rdoc.pt/fhir/CodeSystem/mindfulness-message-events",
    "code" : "session-end",
    "display" : "Session End"
  },
  "category" : "notification",
  "focus" : [{
    "code" : "Observation",
    "profile" : "https://2rdoc.pt/ig/ios-lifestyle-medicine/StructureDefinition/mindfulness-session",
    "min" : 1
  }]
}