{
  "resourceType" : "Observation",
  "id" : "CRPExample-Elevated",
  "meta" : {
    "profile" : ["https://2rdoc.pt/ig/ios-lifestyle-medicine/StructureDefinition/crp-observation"]
  },
  "text" : {
    "status" : "generated",
    "div" : "<div xmlns=\"http://www.w3.org/1999/xhtml\"><p class=\"res-header-id\"><b>Narrativa gerada: Observation CRPExample-Elevated</b></p><a name=\"CRPExample-Elevated\"> </a><a name=\"hcCRPExample-Elevated\"> </a><div style=\"display: inline-block; background-color: #d9e0e7; padding: 6px; margin: 4px; border: 1px solid #8da1b4; border-radius: 5px; line-height: 60%\"><p style=\"margin-bottom: 0px\"/><p style=\"margin-bottom: 0px\">Perfil: <a href=\"StructureDefinition-crp-observation.html\">C-Reactive Protein (CRP) Observation Profile</a></p></div><p><b>status</b>: Final</p><p><b>category</b>: <span title=\"Códigos:{http://terminology.hl7.org/CodeSystem/observation-category laboratory}\">Laboratory</span></p><p><b>code</b>: <span title=\"Códigos:{http://loinc.org 1988-5}\">C reactive protein [Mass/volume] in Serum or Plasma</span></p><p><b>subject</b>: <a href=\"Patient-example.html\">Patient Example  Unknown, DoB: 1970-01-01 ( http://example.org/patients#example-patient)</a></p><p><b>effective</b>: 2025-11-27 08:30:00+0000</p><p><b>value</b>: 8.5 mg/L<span style=\"background: LightGoldenRodYellow\"> (Detalhes: UCUM códigomg/L = 'mg/L')</span></p><p><b>interpretation</b>: <span title=\"Códigos:{https://2rdoc.pt/ig/ios-lifestyle-medicine/CodeSystem/hscrp-risk-cs high-risk}\">High cardiovascular risk</span></p><p><b>note</b>: </p><blockquote><div><p>Elevated CRP suggests systemic inflammation. Correlates with reduced HRV (RMSSD 22ms). Consider lifestyle intervention.</p>\n</div></blockquote></div>"
  },
  "status" : "final",
  "category" : [{
    "coding" : [{
      "system" : "http://terminology.hl7.org/CodeSystem/observation-category",
      "code" : "laboratory",
      "display" : "Laboratory"
    }]
  }],
  "code" : {
    "coding" : [{
      "system" : "http://loinc.org",
      "code" : "1988-5",
      "display" : "C reactive protein [Mass/volume] in Serum or Plasma"
    }]
  },
  "subject" : {
    "reference" : "Patient/example"
  },
  "effectiveDateTime" : "2025-11-27T08:30:00Z",
  "valueQuantity" : {
    "value" : 8.5,
    "unit" : "mg/L",
    "system" : "http://unitsofmeasure.org",
    "code" : "mg/L"
  },
  "interpretation" : [{
    "coding" : [{
      "system" : "https://2rdoc.pt/ig/ios-lifestyle-medicine/CodeSystem/hscrp-risk-cs",
      "code" : "high-risk",
      "display" : "High cardiovascular risk"
    }]
  }],
  "note" : [{
    "text" : "Elevated CRP suggests systemic inflammation. Correlates with reduced HRV (RMSSD 22ms). Consider lifestyle intervention."
  }]
}