{
  "resourceType" : "Observation",
  "id" : "SleepObservationExample1",
  "meta" : {
    "profile" : ["https://2rdoc.pt/ig/ios-lifestyle-medicine/StructureDefinition/activity-observation"]
  },
  "text" : {
    "status" : "extensions",
    "div" : "<div xmlns=\"http://www.w3.org/1999/xhtml\"><p class=\"res-header-id\"><b>Narrativa gerada: Observation SleepObservationExample1</b></p><a name=\"SleepObservationExample1\"> </a><a name=\"hcSleepObservationExample1\"> </a><div style=\"display: inline-block; background-color: #d9e0e7; padding: 6px; margin: 4px; border: 1px solid #8da1b4; border-radius: 5px; line-height: 60%\"><p style=\"margin-bottom: 0px\"/><p style=\"margin-bottom: 0px\">Perfil: <a href=\"StructureDefinition-activity-observation.html\">Sleep Observation Profile</a></p></div><p><b>Circadian Phase Extension</b>: <span title=\"Códigos:{https://2rdoc.pt/ig/ios-lifestyle-medicine/CodeSystem/circadian-phase-cs night}\">Night Phase</span></p><p><b>Recovery Efficiency Extension</b>: 85 percent<span style=\"background: LightGoldenRodYellow\"> (Detalhes: UCUM código% = '%')</span></p><p><b>Sleep Quality Extension</b>: <span title=\"Códigos:{http://snomed.info/sct 248221007}\">Consciousness clear</span></p><p><b>status</b>: Final</p><p><b>category</b>: <span title=\"Códigos:{http://terminology.hl7.org/CodeSystem/observation-category activity}\">Activity</span></p><p><b>code</b>: <span title=\"Códigos:{https://2rdoc.pt/ig/ios-lifestyle-medicine/CodeSystem/lifestyle-observation-cs sleep-panel}\">Sleep measurement panel</span></p><p><b>subject</b>: <a href=\"Patient-PatientExample.html\">John Doe  Male, DoB: 1970-01-01 ( urn:oid:2.16.858.1.1.1#12345)</a></p><p><b>effective</b>: 2024-03-19 22:00:00+0000 --&gt; 2024-03-20 06:30:00+0000</p><p><b>performer</b>: <a href=\"Practitioner-PractitionerExample.html\">Practitioner Jane Smith </a></p><p><b>device</b>: <a href=\"Device-DeviceSleepMonitor.html\">Device: manufacturer = HealthTech Devices; modelNumber = SQM-2024; type = Sleep monitoring device</a></p><blockquote><p><b>component</b></p><p><b>code</b>: <span title=\"Códigos:{https://2rdoc.pt/ig/ios-lifestyle-medicine/CodeSystem/lifestyle-observation-cs sleep-time-bed}\">Time in bed</span></p><p><b>value</b>: 510 minute<span style=\"background: LightGoldenRodYellow\"> (Detalhes: UCUM códigomin = 'min')</span></p></blockquote><blockquote><p><b>component</b></p><p><b>code</b>: <span title=\"Códigos:{http://loinc.org 93832-4}\">Sleep duration</span></p><p><b>value</b>: 472 minute<span style=\"background: LightGoldenRodYellow\"> (Detalhes: UCUM códigomin = 'min')</span></p></blockquote><blockquote><p><b>component</b></p><p><b>code</b>: <span title=\"Códigos:{https://2rdoc.pt/ig/ios-lifestyle-medicine/CodeSystem/lifestyle-observation-cs sleep-deep}\">Deep sleep duration</span></p><p><b>value</b>: 95 minute<span style=\"background: LightGoldenRodYellow\"> (Detalhes: UCUM códigomin = 'min')</span></p></blockquote><blockquote><p><b>component</b></p><p><b>code</b>: <span title=\"Códigos:{http://loinc.org 93829-0}\">REM sleep duration</span></p><p><b>value</b>: 118 minute<span style=\"background: LightGoldenRodYellow\"> (Detalhes: UCUM códigomin = 'min')</span></p></blockquote><blockquote><p><b>component</b></p><p><b>code</b>: <span title=\"Códigos:{https://2rdoc.pt/ig/ios-lifestyle-medicine/CodeSystem/lifestyle-observation-cs sleep-light}\">Light sleep duration</span></p><p><b>value</b>: 259 minute<span style=\"background: LightGoldenRodYellow\"> (Detalhes: UCUM códigomin = 'min')</span></p></blockquote><blockquote><p><b>component</b></p><p><b>code</b>: <span title=\"Códigos:{http://loinc.org 9279-1}\">Respiratory rate</span></p><p><b>value</b>: 14 per minute<span style=\"background: LightGoldenRodYellow\"> (Detalhes: UCUM código/min = '/min')</span></p></blockquote><blockquote><p><b>component</b></p><p><b>code</b>: <span title=\"Códigos:{http://loinc.org 80404-7}\">R-R interval.standard deviation (Heart rate variability)</span></p><p><b>value</b>: 45 millisecond<span style=\"background: LightGoldenRodYellow\"> (Detalhes: UCUM códigoms = 'ms')</span></p></blockquote><blockquote><p><b>component</b></p><p><b>code</b>: <span title=\"Códigos:{https://2rdoc.pt/ig/ios-lifestyle-medicine/CodeSystem/lifestyle-observation-cs sleep-awakenings}\">Number of sleep awakenings</span></p><p><b>value</b>: 3 count<span style=\"background: LightGoldenRodYellow\"> (Detalhes: UCUM código1 = '1')</span></p></blockquote></div>"
  },
  "extension" : [{
    "url" : "https://2rdoc.pt/ig/ios-lifestyle-medicine/StructureDefinition/circadian-phase",
    "valueCodeableConcept" : {
      "coding" : [{
        "system" : "https://2rdoc.pt/ig/ios-lifestyle-medicine/CodeSystem/circadian-phase-cs",
        "code" : "night",
        "display" : "Night Phase"
      }]
    }
  },
  {
    "url" : "https://2rdoc.pt/ig/ios-lifestyle-medicine/StructureDefinition/recovery-efficiency",
    "valueQuantity" : {
      "value" : 85,
      "unit" : "percent",
      "system" : "http://unitsofmeasure.org",
      "code" : "%"
    }
  },
  {
    "url" : "https://2rdoc.pt/ig/ios-lifestyle-medicine/StructureDefinition/activity-quality",
    "valueCodeableConcept" : {
      "coding" : [{
        "system" : "http://snomed.info/sct",
        "code" : "248221007",
        "display" : "Consciousness clear"
      }]
    }
  }],
  "status" : "final",
  "category" : [{
    "coding" : [{
      "system" : "http://terminology.hl7.org/CodeSystem/observation-category",
      "code" : "activity"
    }]
  }],
  "code" : {
    "coding" : [{
      "system" : "https://2rdoc.pt/ig/ios-lifestyle-medicine/CodeSystem/lifestyle-observation-cs",
      "code" : "sleep-panel",
      "display" : "Sleep measurement panel"
    }]
  },
  "subject" : {
    "reference" : "Patient/PatientExample"
  },
  "effectivePeriod" : {
    "start" : "2024-03-19T22:00:00Z",
    "end" : "2024-03-20T06:30:00Z"
  },
  "performer" : [{
    "reference" : "Practitioner/PractitionerExample"
  }],
  "device" : {
    "reference" : "Device/DeviceSleepMonitor"
  },
  "component" : [{
    "code" : {
      "coding" : [{
        "system" : "https://2rdoc.pt/ig/ios-lifestyle-medicine/CodeSystem/lifestyle-observation-cs",
        "code" : "sleep-time-bed",
        "display" : "Time in bed"
      }]
    },
    "valueQuantity" : {
      "value" : 510,
      "unit" : "minute",
      "system" : "http://unitsofmeasure.org",
      "code" : "min"
    }
  },
  {
    "code" : {
      "coding" : [{
        "system" : "http://loinc.org",
        "code" : "93832-4",
        "display" : "Sleep duration"
      }]
    },
    "valueQuantity" : {
      "value" : 472,
      "unit" : "minute",
      "system" : "http://unitsofmeasure.org",
      "code" : "min"
    }
  },
  {
    "code" : {
      "coding" : [{
        "system" : "https://2rdoc.pt/ig/ios-lifestyle-medicine/CodeSystem/lifestyle-observation-cs",
        "code" : "sleep-deep",
        "display" : "Deep sleep duration"
      }]
    },
    "valueQuantity" : {
      "value" : 95,
      "unit" : "minute",
      "system" : "http://unitsofmeasure.org",
      "code" : "min"
    }
  },
  {
    "code" : {
      "coding" : [{
        "system" : "http://loinc.org",
        "code" : "93829-0",
        "display" : "REM sleep duration"
      }]
    },
    "valueQuantity" : {
      "value" : 118,
      "unit" : "minute",
      "system" : "http://unitsofmeasure.org",
      "code" : "min"
    }
  },
  {
    "code" : {
      "coding" : [{
        "system" : "https://2rdoc.pt/ig/ios-lifestyle-medicine/CodeSystem/lifestyle-observation-cs",
        "code" : "sleep-light",
        "display" : "Light sleep duration"
      }]
    },
    "valueQuantity" : {
      "value" : 259,
      "unit" : "minute",
      "system" : "http://unitsofmeasure.org",
      "code" : "min"
    }
  },
  {
    "code" : {
      "coding" : [{
        "system" : "http://loinc.org",
        "code" : "9279-1",
        "display" : "Respiratory rate"
      }]
    },
    "valueQuantity" : {
      "value" : 14,
      "unit" : "per minute",
      "system" : "http://unitsofmeasure.org",
      "code" : "/min"
    }
  },
  {
    "code" : {
      "coding" : [{
        "system" : "http://loinc.org",
        "code" : "80404-7",
        "display" : "R-R interval.standard deviation (Heart rate variability)"
      }]
    },
    "valueQuantity" : {
      "value" : 45,
      "unit" : "millisecond",
      "system" : "http://unitsofmeasure.org",
      "code" : "ms"
    }
  },
  {
    "code" : {
      "coding" : [{
        "system" : "https://2rdoc.pt/ig/ios-lifestyle-medicine/CodeSystem/lifestyle-observation-cs",
        "code" : "sleep-awakenings",
        "display" : "Number of sleep awakenings"
      }]
    },
    "valueQuantity" : {
      "value" : 3,
      "unit" : "count",
      "system" : "http://unitsofmeasure.org",
      "code" : "1"
    }
  }]
}