<?xml version="1.0" encoding="UTF-8"?>

<Observation xmlns="http://hl7.org/fhir">
  <id value="BloodPressureExample"/>
  <meta>
    <profile value="https://github.com/RicardoLSantos/shorthand/StructureDefinition/blood-pressure-observation"/>
  </meta>
  <text>
    <status value="generated"/><div xmlns="http://www.w3.org/1999/xhtml"><p class="res-header-id"><b>Generated Narrative: Observation BloodPressureExample</b></p><a name="BloodPressureExample"> </a><a name="hcBloodPressureExample"> </a><a name="BloodPressureExample-en-US"> </a><p><b>status</b>: Final</p><p><b>category</b>: <span title="Codes:{http://terminology.hl7.org/CodeSystem/observation-category vital-signs}">Vital Signs</span></p><p><b>code</b>: <span title="Codes:{http://loinc.org 85354-9}">Blood pressure panel with all children optional</span></p><p><b>subject</b>: <a href="Patient-PatientExample.html">John Doe  Male, DoB: 1970-01-01 ( urn:oid:2.16.858.1.1.1#12345)</a></p><p><b>effective</b>: 2024-03-19 15:30:00+0000</p><p><b>performer</b>: <a href="Practitioner-PractitionerExample.html">Practitioner Jane Smith </a></p><p><b>device</b>: <a href="Device-DeviceBloodPressureMonitor.html">Device: manufacturer = HealthTech Devices; modelNumber = BPM-2024; type = Blood pressure monitor</a></p><blockquote><p><b>component</b></p><p><b>code</b>: <span title="Codes:{http://loinc.org 8480-6}">Systolic blood pressure</span></p><p><b>value</b>: 120 millimeter of mercury<span style="background: LightGoldenRodYellow"> (Details: UCUM  codemm[Hg] = 'mm[Hg]')</span></p></blockquote><blockquote><p><b>component</b></p><p><b>code</b>: <span title="Codes:{http://loinc.org 8462-4}">Diastolic blood pressure</span></p><p><b>value</b>: 80 millimeter of mercury<span style="background: LightGoldenRodYellow"> (Details: UCUM  codemm[Hg] = 'mm[Hg]')</span></p></blockquote></div>
  </text>
  <status value="final"/>
  <category>
    <coding>
      <system value="http://terminology.hl7.org/CodeSystem/observation-category"/>
      <code value="vital-signs"/>
    </coding>
  </category>
  <code>
    <coding>
      <system value="http://loinc.org"/>
      <code value="85354-9"/>
      <display value="Blood pressure panel with all children optional"/>
    </coding>
  </code>
  <subject>
    <reference value="Patient/PatientExample"/>
  </subject>
  <effectiveDateTime value="2024-03-19T15:30:00Z"/>
  <performer>
    <reference value="Practitioner/PractitionerExample"/>
  </performer>
  <device>
    <reference value="Device/DeviceBloodPressureMonitor"/>
  </device>
  <component>
    <code>
      <coding>
        <system value="http://loinc.org"/>
        <code value="8480-6"/>
        <display value="Systolic blood pressure"/>
      </coding>
    </code>
    <valueQuantity>
      <value value="120"/>
      <unit value="millimeter of mercury"/>
      <system value="http://unitsofmeasure.org"/>
      <code value="mm[Hg]"/>
    </valueQuantity>
  </component>
  <component>
    <code>
      <coding>
        <system value="http://loinc.org"/>
        <code value="8462-4"/>
        <display value="Diastolic blood pressure"/>
      </coding>
    </code>
    <valueQuantity>
      <value value="80"/>
      <unit value="millimeter of mercury"/>
      <system value="http://unitsofmeasure.org"/>
      <code value="mm[Hg]"/>
    </valueQuantity>
  </component>
</Observation>