<?xml version="1.0" encoding="UTF-8"?>

<Observation xmlns="http://hl7.org/fhir">
  <id value="StressLevelExample"/>
  <meta>
    <profile value="https://2rdoc.pt/ig/ios-lifestyle-medicine/StructureDefinition/stress-level"/>
  </meta>
  <text>
    <status value="extensions"/><div xmlns="http://www.w3.org/1999/xhtml"><p class="res-header-id"><b>Narrativa gerada: Observation StressLevelExample</b></p><a name="StressLevelExample"> </a><a name="hcStressLevelExample"> </a><div style="display: inline-block; background-color: #d9e0e7; padding: 6px; margin: 4px; border: 1px solid #8da1b4; border-radius: 5px; line-height: 60%"><p style="margin-bottom: 0px"/><p style="margin-bottom: 0px">Perfil: <a href="StructureDefinition-stress-level.html">Stress Level Profile</a></p></div><p><b>Stress Triggers Extension</b>: <span title="Códigos:{https://2rdoc.pt/ig/ios-lifestyle-medicine/CodeSystem/stress-triggers-cs work}">Work-related</span></p><p><b>Stress Coping Extension</b>: <span title="Códigos:{https://2rdoc.pt/ig/ios-lifestyle-medicine/CodeSystem/stress-coping-cs meditation}">Meditation</span></p><p><b>status</b>: Final</p><p><b>category</b>: <span title="Códigos:{http://terminology.hl7.org/CodeSystem/observation-category vital-signs}">Vital Signs</span></p><p><b>code</b>: <span title="Códigos:{http://loinc.org 64394-0}">PhenX - perceived stress protocol 180801</span></p><p><b>subject</b>: <a href="Patient-PatientExample.html">John Doe  Male, DoB: 1970-01-01 ( urn:oid:2.16.858.1.1.1#12345)</a></p><p><b>effective</b>: 2024-01-03 15:30:00+0000</p><p><b>value</b>: 7 score<span style="background: LightGoldenRodYellow"> (Detalhes: UCUM código1 = '1')</span></p><blockquote><p><b>component</b></p><p><b>code</b>: <span title="Códigos:{https://2rdoc.pt/ig/ios-lifestyle-medicine/CodeSystem/lifestyle-observation-cs stress-physiological}">Physiological stress indicator</span></p><p><b>value</b>: 6 score<span style="background: LightGoldenRodYellow"> (Detalhes: UCUM código1 = '1')</span></p></blockquote><blockquote><p><b>component</b></p><p><b>code</b>: <span title="Códigos:{https://2rdoc.pt/ig/ios-lifestyle-medicine/CodeSystem/lifestyle-observation-cs stress-psychological}">Psychological stress score</span></p><p><b>value</b>: 8 score<span style="background: LightGoldenRodYellow"> (Detalhes: UCUM código1 = '1')</span></p></blockquote><blockquote><p><b>component</b></p><p><b>code</b>: <span title="Códigos:{https://2rdoc.pt/ig/ios-lifestyle-medicine/CodeSystem/lifestyle-observation-cs stress-chronicity}">Stress chronicity assessment</span></p><p><b>value</b>: <span title="Códigos:{https://2rdoc.pt/ig/ios-lifestyle-medicine/CodeSystem/stress-chronicity-cs subacute}">Subacute</span></p></blockquote><blockquote><p><b>component</b></p><p><b>code</b>: <span title="Códigos:{https://2rdoc.pt/ig/ios-lifestyle-medicine/CodeSystem/lifestyle-observation-cs stress-impact}">Stress impact assessment</span></p><p><b>value</b>: <span title="Códigos:{https://2rdoc.pt/ig/ios-lifestyle-medicine/CodeSystem/stress-impact-cs moderate}">Moderate Impact</span></p></blockquote></div>
  </text>
  <extension url="https://2rdoc.pt/ig/ios-lifestyle-medicine/StructureDefinition/stress-triggers">
    <valueCodeableConcept>
      <coding>
        <system value="https://2rdoc.pt/ig/ios-lifestyle-medicine/CodeSystem/stress-triggers-cs"/>
        <code value="work"/>
      </coding>
    </valueCodeableConcept>
  </extension>
  <extension url="https://2rdoc.pt/ig/ios-lifestyle-medicine/StructureDefinition/stress-coping">
    <valueCodeableConcept>
      <coding>
        <system value="https://2rdoc.pt/ig/ios-lifestyle-medicine/CodeSystem/stress-coping-cs"/>
        <code value="meditation"/>
      </coding>
    </valueCodeableConcept>
  </extension>
  <status value="final"/>
  <category>
    <coding>
      <system value="http://terminology.hl7.org/CodeSystem/observation-category"/>
      <code value="vital-signs"/>
    </coding>
  </category>
  <code>
    <coding>
      <system value="http://loinc.org"/>
      <code value="64394-0"/>
      <display value="PhenX - perceived stress protocol 180801"/>
    </coding>
  </code>
  <subject>
    <reference value="Patient/PatientExample"/>
  </subject>
  <effectiveDateTime value="2024-01-03T15:30:00Z"/>
  <valueQuantity>
    <value value="7"/>
    <unit value="score"/>
    <system value="http://unitsofmeasure.org"/>
    <code value="1"/>
  </valueQuantity>
  <component>
    <code>
      <coding>
        <system value="https://2rdoc.pt/ig/ios-lifestyle-medicine/CodeSystem/lifestyle-observation-cs"/>
        <code value="stress-physiological"/>
        <display value="Physiological stress indicator"/>
      </coding>
    </code>
    <valueQuantity>
      <value value="6"/>
      <unit value="score"/>
      <system value="http://unitsofmeasure.org"/>
      <code value="1"/>
    </valueQuantity>
  </component>
  <component>
    <code>
      <coding>
        <system value="https://2rdoc.pt/ig/ios-lifestyle-medicine/CodeSystem/lifestyle-observation-cs"/>
        <code value="stress-psychological"/>
        <display value="Psychological stress score"/>
      </coding>
    </code>
    <valueQuantity>
      <value value="8"/>
      <unit value="score"/>
      <system value="http://unitsofmeasure.org"/>
      <code value="1"/>
    </valueQuantity>
  </component>
  <component>
    <code>
      <coding>
        <system value="https://2rdoc.pt/ig/ios-lifestyle-medicine/CodeSystem/lifestyle-observation-cs"/>
        <code value="stress-chronicity"/>
        <display value="Stress chronicity assessment"/>
      </coding>
    </code>
    <valueCodeableConcept>
      <coding>
        <system value="https://2rdoc.pt/ig/ios-lifestyle-medicine/CodeSystem/stress-chronicity-cs"/>
        <code value="subacute"/>
      </coding>
    </valueCodeableConcept>
  </component>
  <component>
    <code>
      <coding>
        <system value="https://2rdoc.pt/ig/ios-lifestyle-medicine/CodeSystem/lifestyle-observation-cs"/>
        <code value="stress-impact"/>
        <display value="Stress impact assessment"/>
      </coding>
    </code>
    <valueCodeableConcept>
      <coding>
        <system value="https://2rdoc.pt/ig/ios-lifestyle-medicine/CodeSystem/stress-impact-cs"/>
        <code value="moderate"/>
      </coding>
    </valueCodeableConcept>
  </component>
</Observation>