<?xml version="1.0" encoding="UTF-8"?>

<Observation xmlns="http://hl7.org/fhir">
  <id value="SleepObservationExample1"/>
  <meta>
    <profile value="https://2rdoc.pt/ig/ios-lifestyle-medicine/StructureDefinition/sleep-observation"/>
  </meta>
  <text>
    <status value="generated"/><div xmlns="http://www.w3.org/1999/xhtml"><p class="res-header-id"><b>Narrativa gerada: Observation SleepObservationExample1</b></p><a name="SleepObservationExample1"> </a><a name="hcSleepObservationExample1"> </a><div style="display: inline-block; background-color: #d9e0e7; padding: 6px; margin: 4px; border: 1px solid #8da1b4; border-radius: 5px; line-height: 60%"><p style="margin-bottom: 0px"/><p style="margin-bottom: 0px">Perfil: <a href="StructureDefinition-sleep-observation.html">Sleep Observation Profile</a></p></div><p><b>status</b>: Final</p><p><b>category</b>: <span title="Códigos:{http://terminology.hl7.org/CodeSystem/observation-category sleep}">sleep</span></p><p><b>code</b>: <span title="Códigos:{http://loinc.org 93832-4}">Sleep pattern panel</span></p><p><b>subject</b>: <a href="Patient-PatientExample.html">John Doe  Male, DoB: 1970-01-01 ( urn:oid:2.16.858.1.1.1#12345)</a></p><p><b>effective</b>: 2024-03-19 22:00:00+0000 --&gt; 2024-03-20 06:30:00+0000</p><p><b>device</b>: <a href="Device-DeviceSleepMonitor.html">Device: manufacturer = HealthTech Devices; modelNumber = SQM-2024; type = Sleep monitor</a></p><blockquote><p><b>component</b></p><p><b>code</b>: <span title="Códigos:{http://loinc.org 93831-6}">Time in bed</span></p><p><b>value</b>: 510 minute<span style="background: LightGoldenRodYellow"> (Detalhes: UCUM códigomin = 'min')</span></p></blockquote><blockquote><p><b>component</b></p><p><b>code</b>: <span title="Códigos:{http://loinc.org 93833-2}">Sleep duration</span></p><p><b>value</b>: 472 minute<span style="background: LightGoldenRodYellow"> (Detalhes: UCUM códigomin = 'min')</span></p></blockquote><blockquote><p><b>component</b></p><p><b>code</b>: <span title="Códigos:{http://loinc.org 93834-0}">Deep sleep duration</span></p><p><b>value</b>: 95 minute<span style="background: LightGoldenRodYellow"> (Detalhes: UCUM códigomin = 'min')</span></p></blockquote><blockquote><p><b>component</b></p><p><b>code</b>: <span title="Códigos:{http://loinc.org 93835-7}">REM sleep duration</span></p><p><b>value</b>: 118 minute<span style="background: LightGoldenRodYellow"> (Detalhes: UCUM códigomin = 'min')</span></p></blockquote><blockquote><p><b>component</b></p><p><b>code</b>: <span title="Códigos:{http://loinc.org 93836-5}">Light sleep duration</span></p><p><b>value</b>: 259 minute<span style="background: LightGoldenRodYellow"> (Detalhes: UCUM códigomin = 'min')</span></p></blockquote><blockquote><p><b>component</b></p><p><b>code</b>: <span title="Códigos:{http://loinc.org 9279-1}">Respiratory rate</span></p><p><b>value</b>: 14 per minute<span style="background: LightGoldenRodYellow"> (Detalhes: UCUM código/min = '/min')</span></p></blockquote><blockquote><p><b>component</b></p><p><b>code</b>: <span title="Códigos:{http://loinc.org 80404-7}">R-R interval.standard deviation (Heart rate variability)</span></p><p><b>value</b>: 45 millisecond<span style="background: LightGoldenRodYellow"> (Detalhes: UCUM códigoms = 'ms')</span></p></blockquote><blockquote><p><b>component</b></p><p><b>code</b>: <span title="Códigos:{http://loinc.org 93837-3}">Number of awakenings during sleep</span></p><p><b>value</b>: 3 count<span style="background: LightGoldenRodYellow"> (Detalhes: UCUM código{count} = '{count}')</span></p></blockquote></div>
  </text>
  <status value="final"/>
  <category>
    <coding>
      <system value="http://terminology.hl7.org/CodeSystem/observation-category"/>
      <code value="sleep"/>
    </coding>
  </category>
  <code>
    <coding>
      <system value="http://loinc.org"/>
      <code value="93832-4"/>
      <display value="Sleep pattern panel"/>
    </coding>
  </code>
  <subject>
    <reference value="Patient/PatientExample"/>
  </subject>
  <effectivePeriod>
    <start value="2024-03-19T22:00:00Z"/>
    <end value="2024-03-20T06:30:00Z"/>
  </effectivePeriod>
  <device>
    <reference value="Device/DeviceSleepMonitor"/>
  </device>
  <component>
    <code>
      <coding>
        <system value="http://loinc.org"/>
        <code value="93831-6"/>
        <display value="Time in bed"/>
      </coding>
    </code>
    <valueQuantity>
      <value value="510"/>
      <unit value="minute"/>
      <system value="http://unitsofmeasure.org"/>
      <code value="min"/>
    </valueQuantity>
  </component>
  <component>
    <code>
      <coding>
        <system value="http://loinc.org"/>
        <code value="93833-2"/>
        <display value="Sleep duration"/>
      </coding>
    </code>
    <valueQuantity>
      <value value="472"/>
      <unit value="minute"/>
      <system value="http://unitsofmeasure.org"/>
      <code value="min"/>
    </valueQuantity>
  </component>
  <component>
    <code>
      <coding>
        <system value="http://loinc.org"/>
        <code value="93834-0"/>
        <display value="Deep sleep duration"/>
      </coding>
    </code>
    <valueQuantity>
      <value value="95"/>
      <unit value="minute"/>
      <system value="http://unitsofmeasure.org"/>
      <code value="min"/>
    </valueQuantity>
  </component>
  <component>
    <code>
      <coding>
        <system value="http://loinc.org"/>
        <code value="93835-7"/>
        <display value="REM sleep duration"/>
      </coding>
    </code>
    <valueQuantity>
      <value value="118"/>
      <unit value="minute"/>
      <system value="http://unitsofmeasure.org"/>
      <code value="min"/>
    </valueQuantity>
  </component>
  <component>
    <code>
      <coding>
        <system value="http://loinc.org"/>
        <code value="93836-5"/>
        <display value="Light sleep duration"/>
      </coding>
    </code>
    <valueQuantity>
      <value value="259"/>
      <unit value="minute"/>
      <system value="http://unitsofmeasure.org"/>
      <code value="min"/>
    </valueQuantity>
  </component>
  <component>
    <code>
      <coding>
        <system value="http://loinc.org"/>
        <code value="9279-1"/>
        <display value="Respiratory rate"/>
      </coding>
    </code>
    <valueQuantity>
      <value value="14"/>
      <unit value="per minute"/>
      <system value="http://unitsofmeasure.org"/>
      <code value="/min"/>
    </valueQuantity>
  </component>
  <component>
    <code>
      <coding>
        <system value="http://loinc.org"/>
        <code value="80404-7"/>
        <display value="R-R interval.standard deviation (Heart rate variability)"/>
      </coding>
    </code>
    <valueQuantity>
      <value value="45"/>
      <unit value="millisecond"/>
      <system value="http://unitsofmeasure.org"/>
      <code value="ms"/>
    </valueQuantity>
  </component>
  <component>
    <code>
      <coding>
        <system value="http://loinc.org"/>
        <code value="93837-3"/>
        <display value="Number of awakenings during sleep"/>
      </coding>
    </code>
    <valueQuantity>
      <value value="3"/>
      <unit value="count"/>
      <system value="http://unitsofmeasure.org"/>
      <code value="{count}"/>
    </valueQuantity>
  </component>
</Observation>