{
  "resourceType" : "Observation",
  "id" : "WeightWithConditions",
  "meta" : {
    "profile" : ["https://github.com/RicardoLSantos/shorthand/StructureDefinition/weight-observation"]
  },
  "text" : {
    "status" : "extensions",
    "div" : "<div xmlns=\"http://www.w3.org/1999/xhtml\"><p class=\"res-header-id\"><b>Generated Narrative: Observation WeightWithConditions</b></p><a name=\"WeightWithConditions\"> </a><a name=\"hcWeightWithConditions\"> </a><a name=\"WeightWithConditions-en-US\"> </a><p><b>Measurement Conditions Extension</b>: <span title=\"Codes:{http://snomed.info/sct 307818003}\">Pre-breakfast</span></p><p><b>Measurement Device Type Extension</b>: <span title=\"Codes:{http://snomed.info/sct 469576000}\">Smart scale device</span></p><p><b>Measurement Quality Extension</b>: <span title=\"Codes:{http://snomed.info/sct 723510000}\">High quality</span></p><p><b>status</b>: Final</p><p><b>category</b>: <span title=\"Codes:{http://terminology.hl7.org/CodeSystem/observation-category vital-signs}\">Vital Signs</span></p><p><b>code</b>: <span title=\"Codes:{http://loinc.org 29463-7}\">Body weight</span></p><p><b>subject</b>: <a href=\"Patient/example\">Patient/example</a></p><p><b>effective</b>: 2024-03-19 08:00:00+0000</p><p><b>value</b>: 70.5 kg<span style=\"background: LightGoldenRodYellow\"> (Details: UCUM  codekg = 'kg')</span></p></div>"
  },
  "extension" : [{
    "url" : "https://github.com/RicardoLSantos/shorthand/StructureDefinition/measurement-conditions",
    "valueCodeableConcept" : {
      "coding" : [{
        "system" : "http://snomed.info/sct",
        "code" : "307818003",
        "display" : "Pre-breakfast"
      }]
    }
  },
  {
    "url" : "https://github.com/RicardoLSantos/shorthand/StructureDefinition/measurement-device-type",
    "valueCodeableConcept" : {
      "coding" : [{
        "system" : "http://snomed.info/sct",
        "code" : "469576000",
        "display" : "Smart scale device"
      }]
    }
  },
  {
    "url" : "https://github.com/RicardoLSantos/shorthand/StructureDefinition/measurement-quality",
    "valueCodeableConcept" : {
      "coding" : [{
        "system" : "http://snomed.info/sct",
        "code" : "723510000",
        "display" : "High quality"
      }]
    }
  }],
  "status" : "final",
  "category" : [{
    "coding" : [{
      "system" : "http://terminology.hl7.org/CodeSystem/observation-category",
      "code" : "vital-signs"
    }]
  }],
  "code" : {
    "coding" : [{
      "system" : "http://loinc.org",
      "code" : "29463-7",
      "display" : "Body weight"
    }]
  },
  "subject" : {
    "reference" : "Patient/example"
  },
  "effectiveDateTime" : "2024-03-19T08:00:00Z",
  "valueQuantity" : {
    "value" : 70.5,
    "system" : "http://unitsofmeasure.org",
    "code" : "kg"
  }
}