{
  "resourceType" : "Observation",
  "id" : "NoiseExposureExample",
  "meta" : {
    "profile" : ["https://2rdoc.pt/ig/ios-lifestyle-medicine/StructureDefinition/noise-exposure-observation"],
    "security" : [{
      "system" : "http://terminology.hl7.org/CodeSystem/v3-Confidentiality",
      "code" : "N"
    }]
  },
  "text" : {
    "status" : "generated",
    "div" : "<div xmlns=\"http://www.w3.org/1999/xhtml\"><p class=\"res-header-id\"><b>Narrativa gerada: Observation NoiseExposureExample</b></p><a name=\"NoiseExposureExample\"> </a><a name=\"hcNoiseExposureExample\"> </a><div style=\"display: inline-block; background-color: #d9e0e7; padding: 6px; margin: 4px; border: 1px solid #8da1b4; border-radius: 5px; line-height: 60%\"><p style=\"margin-bottom: 0px\"/><p style=\"margin-bottom: 0px\">Perfil: <a href=\"StructureDefinition-noise-exposure-observation.html\">Noise Exposure Observation Profile</a></p><p style=\"margin-bottom: 0px\">Etiqueta de segurança: normal (Pormenores: Confidentiality código N = 'normal')</p></div><p><b>status</b>: Final</p><p><b>category</b>: <span title=\"Códigos:{http://terminology.hl7.org/CodeSystem/observation-category survey}\">Survey</span></p><p><b>code</b>: <span title=\"Códigos:{https://2rdoc.pt/ig/ios-lifestyle-medicine/CodeSystem/lifestyle-observation-cs noise-duration}\">Environmental noise exposure duration</span></p><p><b>subject</b>: <a href=\"Patient-PatientExample.html\">John Doe  Male, DoB: 1970-01-01 ( urn:oid:2.16.858.1.1.1#12345)</a></p><p><b>effective</b>: 2024-03-19 15:30:00+0000</p><p><b>performer</b>: <a href=\"Practitioner-PractitionerExample.html\">Practitioner Jane Smith </a></p><p><b>note</b>: </p><blockquote><div><p>Measurement taken during urban commute</p>\n</div></blockquote><p><b>method</b>: <span title=\"Códigos:{http://snomed.info/sct 258104002}\">Measured</span></p><p><b>device</b>: <a href=\"Device-iphone-example.html\">Device: status = active; manufacturer = Apple Inc.; modelNumber = iPhone 15 Pro; type = Application programme software; note = iPhone 15 Pro running iOS 17.0 - Apple Inc. - iOS Health App data collection device</a></p><blockquote><p><b>component</b></p><p><b>code</b>: <span title=\"Códigos:{https://2rdoc.pt/ig/ios-lifestyle-medicine/CodeSystem/lifestyle-observation-cs noise-avg}\">Environmental noise average level</span></p><p><b>value</b>: 85 dB<span style=\"background: LightGoldenRodYellow\"> (Detalhes: UCUM códigodB = 'dB')</span></p><p><b>interpretation</b>: <span title=\"Códigos:{http://terminology.hl7.org/CodeSystem/v3-ObservationInterpretation H}\">High</span></p></blockquote><blockquote><p><b>component</b></p><p><b>code</b>: <span title=\"Códigos:{https://2rdoc.pt/ig/ios-lifestyle-medicine/CodeSystem/lifestyle-observation-cs noise-duration}\">Environmental noise exposure duration</span></p><p><b>value</b>: 120 min<span style=\"background: LightGoldenRodYellow\"> (Detalhes: UCUM códigomin = 'min')</span></p></blockquote><blockquote><p><b>component</b></p><p><b>code</b>: <span title=\"Códigos:{https://2rdoc.pt/ig/ios-lifestyle-medicine/CodeSystem/lifestyle-observation-cs noise-peak}\">Peak environmental sound level</span></p><p><b>value</b>: 95 dB<span style=\"background: LightGoldenRodYellow\"> (Detalhes: UCUM códigodB = 'dB')</span></p></blockquote><blockquote><p><b>component</b></p><p><b>code</b>: <span title=\"Códigos:{https://2rdoc.pt/ig/ios-lifestyle-medicine/CodeSystem/lifestyle-observation-cs noise-background}\">Background environmental noise level</span></p><p><b>value</b>: 45 dB<span style=\"background: LightGoldenRodYellow\"> (Detalhes: UCUM códigodB = 'dB')</span></p></blockquote></div>"
  },
  "status" : "final",
  "category" : [{
    "coding" : [{
      "system" : "http://terminology.hl7.org/CodeSystem/observation-category",
      "code" : "survey"
    }]
  }],
  "code" : {
    "coding" : [{
      "system" : "https://2rdoc.pt/ig/ios-lifestyle-medicine/CodeSystem/lifestyle-observation-cs",
      "code" : "noise-duration",
      "display" : "Environmental noise exposure duration"
    }]
  },
  "subject" : {
    "reference" : "Patient/PatientExample"
  },
  "effectiveDateTime" : "2024-03-19T15:30:00Z",
  "performer" : [{
    "reference" : "Practitioner/PractitionerExample"
  }],
  "note" : [{
    "text" : "Measurement taken during urban commute"
  }],
  "method" : {
    "coding" : [{
      "system" : "http://snomed.info/sct",
      "code" : "258104002",
      "display" : "Measured"
    }]
  },
  "device" : {
    "reference" : "Device/iphone-example"
  },
  "component" : [{
    "code" : {
      "coding" : [{
        "system" : "https://2rdoc.pt/ig/ios-lifestyle-medicine/CodeSystem/lifestyle-observation-cs",
        "code" : "noise-avg",
        "display" : "Environmental noise average level"
      }]
    },
    "valueQuantity" : {
      "value" : 85,
      "system" : "http://unitsofmeasure.org",
      "code" : "dB"
    },
    "interpretation" : [{
      "coding" : [{
        "system" : "http://terminology.hl7.org/CodeSystem/v3-ObservationInterpretation",
        "code" : "H",
        "display" : "High"
      }]
    }]
  },
  {
    "code" : {
      "coding" : [{
        "system" : "https://2rdoc.pt/ig/ios-lifestyle-medicine/CodeSystem/lifestyle-observation-cs",
        "code" : "noise-duration",
        "display" : "Environmental noise exposure duration"
      }]
    },
    "valueQuantity" : {
      "value" : 120,
      "system" : "http://unitsofmeasure.org",
      "code" : "min"
    }
  },
  {
    "code" : {
      "coding" : [{
        "system" : "https://2rdoc.pt/ig/ios-lifestyle-medicine/CodeSystem/lifestyle-observation-cs",
        "code" : "noise-peak",
        "display" : "Peak environmental sound level"
      }]
    },
    "valueQuantity" : {
      "value" : 95,
      "system" : "http://unitsofmeasure.org",
      "code" : "dB"
    }
  },
  {
    "code" : {
      "coding" : [{
        "system" : "https://2rdoc.pt/ig/ios-lifestyle-medicine/CodeSystem/lifestyle-observation-cs",
        "code" : "noise-background",
        "display" : "Background environmental noise level"
      }]
    },
    "valueQuantity" : {
      "value" : 45,
      "system" : "http://unitsofmeasure.org",
      "code" : "dB"
    }
  }]
}