{
  "resourceType" : "Observation",
  "id" : "WeightWithConditions",
  "meta" : {
    "profile" : ["https://2rdoc.pt/ig/ios-lifestyle-medicine/StructureDefinition/weight-observation"]
  },
  "text" : {
    "status" : "extensions",
    "div" : "<div xmlns=\"http://www.w3.org/1999/xhtml\"><p class=\"res-header-id\"><b>Narrativa gerada: Observation WeightWithConditions</b></p><a name=\"WeightWithConditions\"> </a><a name=\"hcWeightWithConditions\"> </a><div style=\"display: inline-block; background-color: #d9e0e7; padding: 6px; margin: 4px; border: 1px solid #8da1b4; border-radius: 5px; line-height: 60%\"><p style=\"margin-bottom: 0px\"/><p style=\"margin-bottom: 0px\">Perfil: <a href=\"StructureDefinition-weight-observation.html\">Weight Measurement Profile</a></p></div><p><b>Measurement Conditions Extension</b>: <span title=\"Códigos:{http://snomed.info/sct 307818003}\">Pre-breakfast</span></p><p><b>Measurement Device Type Extension</b>: <span title=\"Códigos:{http://snomed.info/sct 469576000}\">Smart scale device</span></p><p><b>status</b>: Final</p><p><b>category</b>: <span title=\"Códigos:{http://terminology.hl7.org/CodeSystem/observation-category vital-signs}\">Vital Signs</span></p><p><b>code</b>: <span title=\"Códigos:{http://loinc.org 29463-7}\">Body weight</span></p><p><b>subject</b>: <a href=\"Patient/example\">Patient/example</a></p><p><b>effective</b>: 2024-03-19 08:00:00+0000</p><p><b>value</b>: 70.5 kg<span style=\"background: LightGoldenRodYellow\"> (Detalhes: UCUM códigokg = 'kg')</span></p></div>"
  },
  "extension" : [{
    "url" : "https://2rdoc.pt/ig/ios-lifestyle-medicine/StructureDefinition/measurement-conditions",
    "valueCodeableConcept" : {
      "coding" : [{
        "system" : "http://snomed.info/sct",
        "code" : "307818003",
        "display" : "Pre-breakfast"
      }]
    }
  },
  {
    "url" : "https://2rdoc.pt/ig/ios-lifestyle-medicine/StructureDefinition/measurement-device-type",
    "valueCodeableConcept" : {
      "coding" : [{
        "system" : "http://snomed.info/sct",
        "code" : "469576000",
        "display" : "Smart scale device"
      }]
    }
  }],
  "status" : "final",
  "category" : [{
    "coding" : [{
      "system" : "http://terminology.hl7.org/CodeSystem/observation-category",
      "code" : "vital-signs"
    }]
  }],
  "code" : {
    "coding" : [{
      "system" : "http://loinc.org",
      "code" : "29463-7",
      "display" : "Body weight"
    }]
  },
  "subject" : {
    "reference" : "Patient/example"
  },
  "effectiveDateTime" : "2024-03-19T08:00:00Z",
  "valueQuantity" : {
    "value" : 70.5,
    "system" : "http://unitsofmeasure.org",
    "code" : "kg"
  }
}