{
  "resourceType" : "Observation",
  "id" : "HeartRateExample",
  "meta" : {
    "profile" : ["https://github.com/RicardoLSantos/shorthand/StructureDefinition/heart-rate-observation"]
  },
  "text" : {
    "status" : "generated",
    "div" : "<div xmlns=\"http://www.w3.org/1999/xhtml\"><p class=\"res-header-id\"><b>Generated Narrative: Observation HeartRateExample</b></p><a name=\"HeartRateExample\"> </a><a name=\"hcHeartRateExample\"> </a><a name=\"HeartRateExample-en-US\"> </a><p><b>status</b>: Final</p><p><b>category</b>: <span title=\"Codes:{http://terminology.hl7.org/CodeSystem/observation-category vital-signs}\">Vital Signs</span></p><p><b>code</b>: <span title=\"Codes:{http://loinc.org 8867-4}\">Heart rate</span></p><p><b>subject</b>: <a href=\"Patient-PatientExample.html\">Test Example  Female, DoB: 1990-01-01 ( UUID:example)</a></p><p><b>effective</b>: 2024-03-19 15:30:00+0000</p><p><b>performer</b>: <a href=\"Practitioner-PractitionerExample.html\">Practitioner Test Provider </a></p><p><b>value</b>: 72 per minute<span style=\"background: LightGoldenRodYellow\"> (Details: UCUM  code/min = '/min')</span></p><p><b>device</b>: <a href=\"Device-DeviceHeartRateMonitor.html\">Device: manufacturer = HealthTech Devices; modelNumber = HRM-2024; type = Pulse rate monitoring device</a></p><h3>Components</h3><table class=\"grid\"><tr><td style=\"display: none\">-</td><td><b>Code</b></td><td><b>Value[x]</b></td></tr><tr><td style=\"display: none\">*</td><td><span title=\"Codes:{http://loinc.org 80404-7}\">R-R interval.standard deviation (Heart rate variability)</span></td><td>45 millisecond<span style=\"background: LightGoldenRodYellow\"> (Details: UCUM  codems = 'ms')</span></td></tr></table></div>"
  },
  "status" : "final",
  "category" : [{
    "coding" : [{
      "system" : "http://terminology.hl7.org/CodeSystem/observation-category",
      "code" : "vital-signs"
    }]
  }],
  "code" : {
    "coding" : [{
      "system" : "http://loinc.org",
      "code" : "8867-4",
      "display" : "Heart rate"
    }]
  },
  "subject" : {
    "reference" : "Patient/PatientExample"
  },
  "effectiveDateTime" : "2024-03-19T15:30:00Z",
  "performer" : [{
    "reference" : "Practitioner/PractitionerExample"
  }],
  "valueQuantity" : {
    "value" : 72,
    "unit" : "per minute",
    "system" : "http://unitsofmeasure.org",
    "code" : "/min"
  },
  "device" : {
    "reference" : "Device/DeviceHeartRateMonitor"
  },
  "component" : [{
    "code" : {
      "coding" : [{
        "system" : "http://loinc.org",
        "code" : "80404-7",
        "display" : "R-R interval.standard deviation (Heart rate variability)"
      }]
    },
    "valueQuantity" : {
      "value" : 45,
      "unit" : "millisecond",
      "system" : "http://unitsofmeasure.org",
      "code" : "ms"
    }
  }]
}