<?xml version="1.0" encoding="UTF-8"?>

<Observation xmlns="http://hl7.org/fhir">
  <id value="UVExposureExample"/>
  <meta>
    <profile value="https://2rdoc.pt/ig/ios-lifestyle-medicine/StructureDefinition/uv-exposure-observation"/>
    <security>
      <system value="http://terminology.hl7.org/CodeSystem/v3-Confidentiality"/>
      <code value="N"/>
    </security>
  </meta>
  <text>
    <status value="generated"/><div xmlns="http://www.w3.org/1999/xhtml"><p class="res-header-id"><b>Narrativa gerada: Observation UVExposureExample</b></p><a name="UVExposureExample"> </a><a name="hcUVExposureExample"> </a><div style="display: inline-block; background-color: #d9e0e7; padding: 6px; margin: 4px; border: 1px solid #8da1b4; border-radius: 5px; line-height: 60%"><p style="margin-bottom: 0px"/><p style="margin-bottom: 0px">Perfil: <a href="StructureDefinition-uv-exposure-observation.html">UV Exposure Observation Profile</a></p><p style="margin-bottom: 0px">Etiqueta de segurança: normal (Pormenores: Confidentiality código N = 'normal')</p></div><p><b>status</b>: Final</p><p><b>category</b>: <span title="Códigos:{http://terminology.hl7.org/CodeSystem/observation-category survey}">Survey</span></p><p><b>code</b>: <span title="Códigos:{https://2rdoc.pt/ig/ios-lifestyle-medicine/CodeSystem/lifestyle-observation-cs uv-duration}">UV exposure duration</span></p><p><b>subject</b>: <a href="Patient-PatientExample.html">John Doe  Male, DoB: 1970-01-01 ( urn:oid:2.16.858.1.1.1#12345)</a></p><p><b>effective</b>: 2024-03-19 12:00:00+0000</p><p><b>performer</b>: <a href="Practitioner-PractitionerExample.html">Practitioner Jane Smith </a></p><p><b>note</b>: </p><blockquote><div><p>Measurement taken during outdoor activity</p>
</div></blockquote><p><b>method</b>: <span title="Códigos:{http://snomed.info/sct 258104002}">Measured</span></p><p><b>device</b>: <a href="Device-iphone-example.html">Device: status = active; manufacturer = Apple Inc.; modelNumber = iPhone 15 Pro; type = Application programme software; note = iPhone 15 Pro running iOS 17.0 - Apple Inc. - iOS Health App data collection device</a></p><blockquote><p><b>component</b></p><p><b>code</b>: <span title="Códigos:{https://2rdoc.pt/ig/ios-lifestyle-medicine/CodeSystem/lifestyle-observation-cs uv-index}">UV index</span></p><p><b>value</b>: 8 index<span style="background: LightGoldenRodYellow"> (Detalhes: UCUM código1 = '1')</span></p><p><b>interpretation</b>: <span title="Códigos:{http://terminology.hl7.org/CodeSystem/v3-ObservationInterpretation H}">High</span></p></blockquote><blockquote><p><b>component</b></p><p><b>code</b>: <span title="Códigos:{https://2rdoc.pt/ig/ios-lifestyle-medicine/CodeSystem/lifestyle-observation-cs uv-duration}">UV exposure duration</span></p><p><b>value</b>: 45 min<span style="background: LightGoldenRodYellow"> (Detalhes: UCUM códigomin = 'min')</span></p></blockquote><blockquote><p><b>component</b></p><p><b>code</b>: <span title="Códigos:{https://2rdoc.pt/ig/ios-lifestyle-medicine/CodeSystem/lifestyle-observation-cs exposure-time}">Time of environmental exposure</span></p><p><b>value</b>: 2024-03-19 12:00:00+0000</p></blockquote><blockquote><p><b>component</b></p><p><b>code</b>: <span title="Códigos:{https://2rdoc.pt/ig/ios-lifestyle-medicine/CodeSystem/lifestyle-observation-cs uv-intensity}">UV intensity</span></p><p><b>value</b>: 0.3 W/m2<span style="background: LightGoldenRodYellow"> (Detalhes: UCUM códigoW/m2 = 'W/m2')</span></p></blockquote></div>
  </text>
  <status value="final"/>
  <category>
    <coding>
      <system value="http://terminology.hl7.org/CodeSystem/observation-category"/>
      <code value="survey"/>
    </coding>
  </category>
  <code>
    <coding>
      <system value="https://2rdoc.pt/ig/ios-lifestyle-medicine/CodeSystem/lifestyle-observation-cs"/>
      <code value="uv-duration"/>
      <display value="UV exposure duration"/>
    </coding>
  </code>
  <subject>
    <reference value="Patient/PatientExample"/>
  </subject>
  <effectiveDateTime value="2024-03-19T12:00:00Z"/>
  <performer>
    <reference value="Practitioner/PractitionerExample"/>
  </performer>
  <note>
    <text value="Measurement taken during outdoor activity"/>
  </note>
  <method>
    <coding>
      <system value="http://snomed.info/sct"/>
      <code value="258104002"/>
      <display value="Measured"/>
    </coding>
  </method>
  <device>
    <reference value="Device/iphone-example"/>
  </device>
  <component>
    <code>
      <coding>
        <system value="https://2rdoc.pt/ig/ios-lifestyle-medicine/CodeSystem/lifestyle-observation-cs"/>
        <code value="uv-index"/>
        <display value="UV index"/>
      </coding>
    </code>
    <valueQuantity>
      <value value="8"/>
      <unit value="index"/>
      <system value="http://unitsofmeasure.org"/>
      <code value="1"/>
    </valueQuantity>
    <interpretation>
      <coding>
        <system value="http://terminology.hl7.org/CodeSystem/v3-ObservationInterpretation"/>
        <code value="H"/>
        <display value="High"/>
      </coding>
    </interpretation>
  </component>
  <component>
    <code>
      <coding>
        <system value="https://2rdoc.pt/ig/ios-lifestyle-medicine/CodeSystem/lifestyle-observation-cs"/>
        <code value="uv-duration"/>
        <display value="UV exposure duration"/>
      </coding>
    </code>
    <valueQuantity>
      <value value="45"/>
      <system value="http://unitsofmeasure.org"/>
      <code value="min"/>
    </valueQuantity>
  </component>
  <component>
    <code>
      <coding>
        <system value="https://2rdoc.pt/ig/ios-lifestyle-medicine/CodeSystem/lifestyle-observation-cs"/>
        <code value="exposure-time"/>
        <display value="Time of environmental exposure"/>
      </coding>
    </code>
    <valueDateTime value="2024-03-19T12:00:00Z"/>
  </component>
  <component>
    <code>
      <coding>
        <system value="https://2rdoc.pt/ig/ios-lifestyle-medicine/CodeSystem/lifestyle-observation-cs"/>
        <code value="uv-intensity"/>
        <display value="UV intensity"/>
      </coding>
    </code>
    <valueQuantity>
      <value value="0.3"/>
      <system value="http://unitsofmeasure.org"/>
      <code value="W/m2"/>
    </valueQuantity>
  </component>
</Observation>