<?xml version="1.0" encoding="UTF-8"?>

<SearchParameter xmlns="http://hl7.org/fhir">
  <id value="SessionDuration"/>
  <text>
    <status value="generated"/><div xmlns="http://www.w3.org/1999/xhtml"><p class="res-header-id"><b>Generated Narrative: SearchParameter SessionDuration</b></p><a name="SessionDuration"> </a><a name="hcSessionDuration"> </a><a name="SessionDuration-en-US"> </a><h2>SessionDuration</h2><p>Parameter <code>session-duration</code>:<code>quantity</code></p><div><p>Search for mindfulness observations by session duration</p>
</div><table class="grid"><tr><td>Resource</td><td><a href="http://hl7.org/fhir/R4/observation.html">Observation</a></td></tr><tr><td>Expression</td><td><code>Observation.component.where(code.coding.where(system='http://snomed.info/sct' and code='118682006')).value.ofType(Quantity)</code></td></tr><tr><td>Processing Mode</td><td>Normal</td></tr><tr><td>Multiples</td><td><ul><li>multipleAnd: It's up to the server whether the parameter may repeat in order to specify multiple values that must all be true</li><li>multipleOr: It's up to the server whether the parameter can have multiple values (separated by comma) where at least one must be true</li></ul></td></tr></table></div>
  </text>
  <url value="https://github.com/RicardoLSantos/shorthand/SearchParameter/SessionDuration"/>
  <version value="0.1.0"/>
  <name value="SessionDuration"/>
  <status value="active"/>
  <date value="2025-01-02T17:46:41+00:00"/>
  <publisher value="Ricardo Lourenço dos Santos"/>
  <contact>
    <name value="Ricardo Lourenço dos Santos"/>
    <telecom>
      <system value="url"/>
      <value value="https://linktr.ee/ricardolsantos"/>
    </telecom>
  </contact>
  <description value="Search for mindfulness observations by session duration"/>
  <code value="session-duration"/>
  <base value="Observation"/>
  <type value="quantity"/>
  <expression value="Observation.component.where(code.coding.where(system='http://snomed.info/sct' and code='118682006')).value.ofType(Quantity)"/>
  <xpathUsage value="normal"/>
</SearchParameter>