"Id","Path","Slice Name","Alias(s)","Label","Min","Max","Must Support?","Is Modifier?","Is Summary?","Type(s)","Short","Definition","Comments","Requirements","Default Value","Meaning When Missing","Fixed Value","Pattern","Example","Minimum Value","Maximum Value","Maximum Length","Binding Strength","Binding Description","Binding Value Set","Code","Slicing Discriminator","Slicing Description","Slicing Ordered","Slicing Rules","Base Path","Base Min","Base Max","Condition(s)","Constraint(s)","Mapping: Workflow Pattern","Mapping: RIM Mapping","Mapping: FiveWs Pattern Mapping","Mapping: Object Implementation Information"
"OperationDefinition","OperationDefinition","","","",0,*,"","","","null {[]} {[]}
","Definition of an operation or a named query","A formal computable definition of an operation (on the RESTful interface) or a named query (using the search interaction).","","","","","","","","","",,,,,"",,,,"OperationDefinition",0,*,"","dom-2:If the resource is contained in another resource, it SHALL NOT contain nested Resources {contained.contained.empty()}
dom-3:If the resource is contained in another resource, it SHALL be referred to from elsewhere in the resource or SHALL refer to the containing resource {contained.where((('#'+id in (%resource.descendants().reference | %resource.descendants().as(canonical) | %resource.descendants().as(uri) | %resource.descendants().as(url))) or descendants().where(reference = '#').exists() or descendants().where(as(canonical) = '#').exists() or descendants().where(as(canonical) = '#').exists()).not()).trace('unmatched', id).empty()}dom-4:If a resource is contained in another resource, it SHALL NOT have a meta.versionId or a meta.lastUpdated {contained.meta.versionId.empty() and contained.meta.lastUpdated.empty()}dom-5:If a resource is contained in another resource, it SHALL NOT have a security label {contained.meta.security.empty()}dom-6:A resource should have narrative for robust management {text.`div`.exists()}opd-0:Name should be usable as an identifier for the module by machine processing applications such as code generation {name.matches('[A-Z]([A-Za-z0-9_]){0,254}')}","Definition","Entity. Role, or Act","n/a"
"OperationDefinition.id","OperationDefinition.id","","","",0,1,"","","Y","id {[]} {[]}
","Logical id of this artifact","The logical id of the resource, as used in the URL for the resource. Once assigned, this value never changes.","The only time that a resource does not have an id is when it is being submitted to the server using a create operation.","","","","","","","","",,,,,"",,,,"Resource.id",0,1,"",""
"OperationDefinition.meta","OperationDefinition.meta","","","",0,1,"","","Y","Meta {[]} {[]}
","Metadata about the resource","The metadata about the resource. This is content that is maintained by the infrastructure. Changes to the content might not always be associated with version changes to the resource.","","","","","","","","","",,,,,"",,,,"Resource.meta",0,1,"","ele-1:All FHIR elements must have a @value or children {hasValue() or (children().count() > id.count())}
"
"OperationDefinition.implicitRules","OperationDefinition.implicitRules","","","",0,1,"","Y","Y","uri {[]} {[]}
","A set of rules under which this content was created","A reference to a set of rules that were followed when the resource was constructed, and which must be understood when processing the content. Often, this is a reference to an implementation guide that defines the special rules along with other profiles etc.","Asserting this rule set restricts the content to be only understood by a limited set of trading partners. This inherently limits the usefulness of the data in the long term. However, the existing health eco-system is highly fractured, and not yet ready to define, collect, and exchange data in a generally computable sense. Wherever possible, implementers and/or specification writers should avoid using this element. Often, when used, the URL is a reference to an implementation guide that defines these special rules as part of it's narrative along with other profiles, value sets, etc.","","","","","","","","",,,,,"",,,,"Resource.implicitRules",0,1,"","ele-1:All FHIR elements must have a @value or children {hasValue() or (children().count() > id.count())}
"
"OperationDefinition.language","OperationDefinition.language","","","",0,1,"","","","code {[]} {[]}
","Language of the resource content","The base language in which the resource is written.","Language is provided to support indexing and accessibility (typically, services such as text to speech use the language tag). The html language tag in the narrative applies  to the narrative. The language tag on the resource may be used to specify the language of other presentations generated from the data in the resource. Not all the content has to be in the base language. The Resource.language should not be assumed to apply to the narrative automatically. If a language is specified, it should it also be specified on the div element in the html (see rules in HTML5 for information about the relationship between xml:lang and the html lang attribute).","","","","","","","","",,"preferred","A human language.","http://hl7.org/fhir/ValueSet/languages","",,,,"Resource.language",0,1,"","ele-1:All FHIR elements must have a @value or children {hasValue() or (children().count() > id.count())}
"
"OperationDefinition.text","OperationDefinition.text","","narrative
htmlxhtmldisplay","",0,1,"","","","Narrative {[]} {[]}
","Text summary of the resource, for human interpretation","A human-readable narrative that contains a summary of the resource and can be used to represent the content of the resource to a human. The narrative need not encode all the structured data, but is required to contain sufficient detail to make it ""clinically safe"" for a human to just read the narrative. Resource definitions may define what content should be represented in the narrative to ensure clinical safety.","Contained resources do not have narrative. Resources that are not contained SHOULD have a narrative. In some cases, a resource may only have text with little or no additional discrete data (as long as all minOccurs=1 elements are satisfied).  This may be necessary for data from legacy systems where information is captured as a ""text blob"" or where text is additionally entered raw or narrated and encoded information is added later.","","","","","","","","",,,,,"",,,,"DomainResource.text",0,1,"","ele-1:All FHIR elements must have a @value or children {hasValue() or (children().count() > id.count())}
","Act.text?"
"OperationDefinition.contained","OperationDefinition.contained","","inline resources
anonymous resourcescontained resources","",0,*,"","","","Resource {[]} {[]}
","Contained, inline Resources","These resources do not have an independent existence apart from the resource that contains them - they cannot be identified independently, and nor can they have their own independent transaction scope.","This should never be done when the content can be identified properly, as once identification is lost, it is extremely difficult (and context dependent) to restore it again. Contained resources may have profiles and tags In their meta elements, but SHALL NOT have security labels.","","","","","","","","",,,,,"",,,,"DomainResource.contained",0,*,"","","N/A"
"OperationDefinition.extension","OperationDefinition.extension","","extensions
user content","",0,*,"","","","Extension {[]} {[]}
","Additional content defined by implementations","May be used to represent additional information that is not part of the basic definition of the resource. To make the use of extensions safe and manageable, there is a strict set of governance  applied to the definition and use of extensions. Though any implementer can define an extension, there is a set of requirements that SHALL be met as part of the definition of the extension.","There can be no stigma associated with the use of extensions by any application, project, or standard - regardless of the institution or jurisdiction that uses or defines the extensions.  The use of extensions is what allows the FHIR specification to retain a core level of simplicity for everyone.","","","","","","","","",,,,,"",,,,"DomainResource.extension",0,*,"","ele-1:All FHIR elements must have a @value or children {hasValue() or (children().count() > id.count())}
ext-1:Must have either extensions or value[x], not both {extension.exists() != value.exists()}","N/A"
"OperationDefinition.modifierExtension","OperationDefinition.modifierExtension","","extensions
user content","",0,*,"","Y","","Extension {[]} {[]}
","Extensions that cannot be ignored","May be used to represent additional information that is not part of the basic definition of the resource and that modifies the understanding of the element that contains it and/or the understanding of the containing element's descendants. Usually modifier elements provide negation or qualification. To make the use of extensions safe and manageable, there is a strict set of governance applied to the definition and use of extensions. Though any implementer is allowed to define an extension, there is a set of requirements that SHALL be met as part of the definition of the extension. Applications processing a resource are required to check for modifier extensions.

Modifier extensions SHALL NOT change the meaning of any elements on Resource or DomainResource (including cannot change the meaning of modifierExtension itself).","There can be no stigma associated with the use of extensions by any application, project, or standard - regardless of the institution or jurisdiction that uses or defines the extensions.  The use of extensions is what allows the FHIR specification to retain a core level of simplicity for everyone.","Modifier extensions allow for extensions that *cannot* be safely ignored to be clearly distinguished from the vast majority of extensions which can be safely ignored.  This promotes interoperability by eliminating the need for implementers to prohibit the presence of extensions. For further information, see the [definition of modifier extensions](http://hl7.org/fhir/R4/extensibility.html#modifierExtension).","","","","","","","",,,,,"",,,,"DomainResource.modifierExtension",0,*,"","ele-1:All FHIR elements must have a @value or children {hasValue() or (children().count() > id.count())}
ext-1:Must have either extensions or value[x], not both {extension.exists() != value.exists()}","N/A"
"OperationDefinition.url","OperationDefinition.url","","","",0,1,"","","Y","uri {[]} {[]}
","Canonical identifier for this operation definition, represented as a URI (globally unique)","An absolute URI that is used to identify this operation definition when it is referenced in a specification, model, design or an instance; also called its canonical identifier. This SHOULD be globally unique and SHOULD be a literal address at which at which an authoritative instance of this operation definition is (or will be) published. This URL can be the target of a canonical reference. It SHALL remain the same when the operation definition is stored on different servers.","Can be a urn:uuid: or a urn:oid: but real http: addresses are preferred.  Multiple instances may share the same URL if they have a distinct version.

The determination of when to create a new version of a resource (same url, new version) vs. defining a new artifact is up to the author.  Considerations for making this decision are found in [Technical and Business Versions](http://hl7.org/fhir/R4/resource.html#versions). 

In some cases, the resource can no longer be found at the stated url, but the url itself cannot change. Implementations can use the [meta.source](http://hl7.org/fhir/R4/resource.html#meta) element to indicate where the current master source of the resource can be found.","Allows the operation definition to be referenced by a single globally unique identifier.","","","","","","","",,,,,"",,,,"OperationDefinition.url",0,1,"","ele-1:All FHIR elements must have a @value or children {hasValue() or (children().count() > id.count())}
","Definition.url","FiveWs.identifier"
"OperationDefinition.version","OperationDefinition.version","","","",0,1,"","","Y","string {[]} {[]}
","Business version of the operation definition","The identifier that is used to identify this version of the operation definition when it is referenced in a specification, model, design or instance. This is an arbitrary value managed by the operation definition author and is not expected to be globally unique. For example, it might be a timestamp (e.g. yyyymmdd) if a managed version is not available. There is also no expectation that versions can be placed in a lexicographical sequence.","There may be different operation definition instances that have the same identifier but different versions.  The version can be appended to the url in a reference to allow a reference to a particular business version of the operation definition with the format [url]|[version].","","","","","","","","",,,,,"",,,,"OperationDefinition.version",0,1,"","ele-1:All FHIR elements must have a @value or children {hasValue() or (children().count() > id.count())}
","Definition.version","FiveWs.version"
"OperationDefinition.name","OperationDefinition.name","","","",1,1,"","","Y","string {[]} {[]}
","Name for this operation definition (computer friendly)","A natural language name identifying the operation definition. This name should be usable as an identifier for the module by machine processing applications such as code generation.","The name is not expected to be globally unique. The name should be a simple alphanumeric type name to ensure that it is machine-processing friendly.","Support human navigation and code generation.","","","","","","","",,,,,"",,,,"OperationDefinition.name",1,1,"inv-0
","ele-1:All FHIR elements must have a @value or children {hasValue() or (children().count() > id.count())}
","Definition.title"
"OperationDefinition.title","OperationDefinition.title","","","",0,1,"","","Y","string {[]} {[]}
","Name for this operation definition (human friendly)","A short, descriptive, user-friendly title for the operation definition.","This name does not need to be machine-processing friendly and may contain punctuation, white-space, etc.","","","","","","","","",,,,,"",,,,"OperationDefinition.title",0,1,"","ele-1:All FHIR elements must have a @value or children {hasValue() or (children().count() > id.count())}
","Definition.title"
"OperationDefinition.status","OperationDefinition.status","","","",1,1,"","Y","Y","code {[]} {[]}
","draft | active | retired | unknown","The status of this operation definition. Enables tracking the life-cycle of the content.","Allows filtering of operation definitions that are appropriate for use versus not.","","","","","","","","",,"required","The lifecycle status of an artifact.","http://hl7.org/fhir/ValueSet/publication-status|4.0.1","",,,,"OperationDefinition.status",1,1,"","ele-1:All FHIR elements must have a @value or children {hasValue() or (children().count() > id.count())}
","Definition.status {different ValueSet}","FiveWs.status"
"OperationDefinition.kind","OperationDefinition.kind","","","",1,1,"","","Y","code {[]} {[]}
","operation | query","Whether this is an operation or a named query.","Named queries are invoked differently, and have different capabilities.","","","","","","","","",,"required","Whether an operation is a normal operation or a query.","http://hl7.org/fhir/ValueSet/operation-kind|4.0.1","",,,,"OperationDefinition.kind",1,1,"","ele-1:All FHIR elements must have a @value or children {hasValue() or (children().count() > id.count())}
","FiveWs.class"
"OperationDefinition.experimental","OperationDefinition.experimental","","","",0,1,"","","Y","boolean {[]} {[]}
","For testing purposes, not real usage","A Boolean value to indicate that this operation definition is authored for testing purposes (or education/evaluation/marketing) and is not intended to be used for genuine usage.","Allows filtering of operation definitions that are appropriate for use versus not.","Enables experimental content to be developed following the same lifecycle that would be used for a production-level operation definition.","","","","","","","",,,,,"",,,,"OperationDefinition.experimental",0,1,"","ele-1:All FHIR elements must have a @value or children {hasValue() or (children().count() > id.count())}
","Definition.experimental","FiveWs.class"
"OperationDefinition.date","OperationDefinition.date","","Revision Date
","",0,1,"","","Y","dateTime {[]} {[]}
","Date last changed","The date  (and optionally time) when the operation definition was published. The date must change when the business version changes and it must change if the status code changes. In addition, it should change when the substantive content of the operation definition changes.","Note that this is not the same as the resource last-modified-date, since the resource may be a secondary representation of the operation definition. Additional specific dates may be added as extensions or be found by consulting Provenances associated with past versions of the resource.","","","","","","","","",,,,,"",,,,"OperationDefinition.date",0,1,"","ele-1:All FHIR elements must have a @value or children {hasValue() or (children().count() > id.count())}
","Definition.date","FiveWs.recorded"
"OperationDefinition.publisher","OperationDefinition.publisher","","","",0,1,"","","Y","string {[]} {[]}
","Name of the publisher (organization or individual)","The name of the organization or individual that published the operation definition.","Usually an organization but may be an individual. The publisher (or steward) of the operation definition is the organization or individual primarily responsible for the maintenance and upkeep of the operation definition. This is not necessarily the same individual or organization that developed and initially authored the content. The publisher is the primary point of contact for questions or issues with the operation definition. This item SHOULD be populated unless the information is available from context.","Helps establish the ""authority/credibility"" of the operation definition.  May also allow for contact.","","","","","","","",,,,,"",,,,"OperationDefinition.publisher",0,1,"","ele-1:All FHIR elements must have a @value or children {hasValue() or (children().count() > id.count())}
","Definition.publisher","FiveWs.witness"
"OperationDefinition.contact","OperationDefinition.contact","","","",0,*,"","","Y","ContactDetail {[]} {[]}
","Contact details for the publisher","Contact details to assist a user in finding and communicating with the publisher.","May be a web site, an email address, a telephone number, etc.","","","","","","","","",,,,,"",,,,"OperationDefinition.contact",0,*,"","ele-1:All FHIR elements must have a @value or children {hasValue() or (children().count() > id.count())}
","Definition.contact"
"OperationDefinition.description","OperationDefinition.description","","","",0,1,"","","","markdown {[]} {[]}
","Natural language description of the operation definition","A free text natural language description of the operation definition from a consumer's perspective.","This description can be used to capture details such as why the operation definition was built, comments about misuse, instructions for clinical use and interpretation, literature references, examples from the paper world, etc. It is not a rendering of the operation definition as conveyed in the 'text' field of the resource itself. This item SHOULD be populated unless the information is available from context (e.g. the language of the operation definition is presumed to be the predominant language in the place the operation definition was created).","","","","","","","","",,,,,"",,,,"OperationDefinition.description",0,1,"","ele-1:All FHIR elements must have a @value or children {hasValue() or (children().count() > id.count())}
","Definition.description"
"OperationDefinition.useContext","OperationDefinition.useContext","","","",0,*,"","","Y","UsageContext {[]} {[]}
","The context that the content is intended to support","The content was developed with a focus and intent of supporting the contexts that are listed. These contexts may be general categories (gender, age, ...) or may be references to specific programs (insurance plans, studies, ...) and may be used to assist with indexing and searching for appropriate operation definition instances.","When multiple useContexts are specified, there is no expectation that all or any of the contexts apply.","Assist in searching for appropriate content.","","","","","","","",,,,,"",,,,"OperationDefinition.useContext",0,*,"","ele-1:All FHIR elements must have a @value or children {hasValue() or (children().count() > id.count())}
","Definition.useContext"
"OperationDefinition.jurisdiction","OperationDefinition.jurisdiction","","","",0,*,"","","Y","CodeableConcept {[]} {[]}
","Intended jurisdiction for operation definition (if applicable)","A legal or geographic region in which the operation definition is intended to be used.","It may be possible for the operation definition to be used in jurisdictions other than those for which it was originally designed or intended.","","","","","","","","",,"extensible","Countries and regions within which this artifact is targeted for use.","http://hl7.org/fhir/ValueSet/jurisdiction","",,,,"OperationDefinition.jurisdiction",0,*,"","ele-1:All FHIR elements must have a @value or children {hasValue() or (children().count() > id.count())}
","Definition.jurisdiction"
"OperationDefinition.purpose","OperationDefinition.purpose","","","",0,1,"","","","markdown {[]} {[]}
","Why this operation definition is defined","Explanation of why this operation definition is needed and why it has been designed as it has.","This element does not describe the usage of the operation definition. Instead, it provides traceability of ''why'' the resource is either needed or ''why'' it is defined as it is.  This may be used to point to source materials or specifications that drove the structure of this operation definition.","","","","","","","","",,,,,"",,,,"OperationDefinition.purpose",0,1,"","ele-1:All FHIR elements must have a @value or children {hasValue() or (children().count() > id.count())}
","Definition.purpose","FiveWs.why[x]","no-gen-base"
"OperationDefinition.affectsState","OperationDefinition.affectsState","","","",0,1,"","","Y","boolean {[]} {[]}
","Whether content is changed by the operation","Whether the operation affects state. Side effects such as producing audit trail entries do not count as 'affecting  state'.","What http methods can be used for the operation depends on the .affectsState value and whether the input parameters are primitive or complex:

1. Servers SHALL support POST method for all operations.

2. Servers SHALL support GET method if all the parameters for the operation are primitive or there are no parameters and the operation has affectsState = false.","","","","","","","","",,,,,"",,,,"OperationDefinition.affectsState",0,1,"","ele-1:All FHIR elements must have a @value or children {hasValue() or (children().count() > id.count())}
"
"OperationDefinition.code","OperationDefinition.code","","","",1,1,"","","Y","code {[]} {[]}
","Name used to invoke the operation","The name used to invoke the operation.","","","","","","","","","",,,,,"",,,,"OperationDefinition.code",1,1,"","ele-1:All FHIR elements must have a @value or children {hasValue() or (children().count() > id.count())}
"
"OperationDefinition.comment","OperationDefinition.comment","","","",0,1,"","","","markdown {[]} {[]}
","Additional information about use","Additional information about how to use this operation or named query.","","","","","","","","","",,,,,"",,,,"OperationDefinition.comment",0,1,"","ele-1:All FHIR elements must have a @value or children {hasValue() or (children().count() > id.count())}
"
"OperationDefinition.base","OperationDefinition.base","","","",0,1,"","","Y","canonical {[]} {[CanonicalType[http://hl7.org/fhir/StructureDefinition/OperationDefinition]]}
","Marks this as a profile of the base","Indicates that this operation definition is a constraining profile on the base.","A constrained profile can make optional parameters required or not used and clarify documentation.","","","","","","","","",,,,,"",,,,"OperationDefinition.base",0,1,"","ele-1:All FHIR elements must have a @value or children {hasValue() or (children().count() > id.count())}
","Definition.derivedFrom"
"OperationDefinition.resource","OperationDefinition.resource","","","",1,1,"","","Y","code {[]} {[]}
","Types this operation applies to","The types on which this operation can be executed.","If the type is an abstract resource (""Resource"" or ""DomainResource"") then the operation can be invoked on any concrete specialization.","","","","","","","","",,"required","One of the resource types defined as part of this version of FHIR.","http://hl7.org/fhir/ValueSet/resource-types|4.0.1","",,,,"OperationDefinition.resource",0,*,"","ele-1:All FHIR elements must have a @value or children {hasValue() or (children().count() > id.count())}
","Definition.subject[x]"
"OperationDefinition.system","OperationDefinition.system","","","",1,1,"","","Y","boolean {[]} {[]}
","Invoke at the system level?","Indicates whether this operation or named query can be invoked at the system level (e.g. without needing to choose a resource type for the context).","","","","","","","","","",,,,,"",,,,"OperationDefinition.system",1,1,"","ele-1:All FHIR elements must have a @value or children {hasValue() or (children().count() > id.count())}
"
"OperationDefinition.type","OperationDefinition.type","","","",1,1,"","","Y","boolean {[]} {[]}
","Invoke at the type level?","Indicates whether this operation or named query can be invoked at the resource type level for any given resource type level (e.g. without needing to choose a specific resource id for the context).","","","","","","","","","",,,,,"",,,,"OperationDefinition.type",1,1,"","ele-1:All FHIR elements must have a @value or children {hasValue() or (children().count() > id.count())}
"
"OperationDefinition.instance","OperationDefinition.instance","","","",1,1,"","","Y","boolean {[]} {[]}
","Invoke on an instance?","Indicates whether this operation can be invoked on a particular instance of one of the given types.","","","","","","","","","",,,,,"",,,,"OperationDefinition.instance",1,1,"","ele-1:All FHIR elements must have a @value or children {hasValue() or (children().count() > id.count())}
"
"OperationDefinition.inputProfile","OperationDefinition.inputProfile","","","",0,1,"","","","canonical {[]} {[CanonicalType[http://hl7.org/fhir/StructureDefinition/StructureDefinition]]}
","Validation information for in parameters","Additional validation information for the in parameters - a single profile that covers all the parameters. The profile is a constraint on the parameters resource as a whole.","If present the profile shall not conflict with what is specified in the parameters in the operation definition (max/min etc.), though it may provide additional constraints. The constraints expressed in the profile apply whether the operation is invoked by a POST wih parameters or not.","","","","","","","","",,,,,"",,,,"OperationDefinition.inputProfile",0,1,"","ele-1:All FHIR elements must have a @value or children {hasValue() or (children().count() > id.count())}
"
"OperationDefinition.outputProfile","OperationDefinition.outputProfile","","","",0,1,"","","","canonical {[]} {[CanonicalType[http://hl7.org/fhir/StructureDefinition/StructureDefinition]]}
","Validation information for out parameters","Additional validation information for the out parameters - a single profile that covers all the parameters. The profile is a constraint on the parameters resource.","If present the profile shall not conflict with what is specified in the parameters in the operation definition (max/min etc.), though it may provide additional constraints. The constraints expressed in the profile apply whether the operation is invoked by a POST wih parameters or not.","","","","","","","","",,,,,"",,,,"OperationDefinition.outputProfile",0,1,"","ele-1:All FHIR elements must have a @value or children {hasValue() or (children().count() > id.count())}
"
"OperationDefinition.parameter","OperationDefinition.parameter","","","",0,*,"","","","BackboneElement {[]} {[]}
","Parameters for the operation/query","The parameters for the operation/query.","Query Definitions only have one output parameter, named ""result"". This might not be described, but can be to allow a profile to be defined.","","","","","","","","",,,,,"",,,,"OperationDefinition.parameter",0,*,"","ele-1:All FHIR elements must have a @value or children {hasValue() or (children().count() > id.count())}
opd-1:Either a type must be provided, or parts {type.exists() or part.exists()}opd-2:A search type can only be specified for parameters of type string {searchType.exists() implies type = 'string'}opd-3:A targetProfile can only be specified for parameters of type Reference or Canonical {targetProfile.exists() implies (type = 'Reference' or type = 'canonical')}"
"OperationDefinition.parameter.id","OperationDefinition.parameter.id","","","",0,1,"","","","string {[]} {[]}
","Unique id for inter-element referencing","Unique id for the element within a resource (for internal references). This may be any string value that does not contain spaces.","","","","","","","","","",,,,,"",,,,"Element.id",0,1,"","","n/a"
"OperationDefinition.parameter.extension","OperationDefinition.parameter.extension","","extensions
user content","",0,*,"","","","Extension {[]} {[]}
","Additional content defined by implementations","May be used to represent additional information that is not part of the basic definition of the element. To make the use of extensions safe and manageable, there is a strict set of governance  applied to the definition and use of extensions. Though any implementer can define an extension, there is a set of requirements that SHALL be met as part of the definition of the extension.","There can be no stigma associated with the use of extensions by any application, project, or standard - regardless of the institution or jurisdiction that uses or defines the extensions.  The use of extensions is what allows the FHIR specification to retain a core level of simplicity for everyone.","","","","","","","","",,,,,"",,,,"Element.extension",0,*,"","ele-1:All FHIR elements must have a @value or children {hasValue() or (children().count() > id.count())}
ext-1:Must have either extensions or value[x], not both {extension.exists() != value.exists()}","n/a"
"OperationDefinition.parameter.modifierExtension","OperationDefinition.parameter.modifierExtension","","extensions
user contentmodifiers","",0,*,"","Y","Y","Extension {[]} {[]}
","Extensions that cannot be ignored even if unrecognized","May be used to represent additional information that is not part of the basic definition of the element and that modifies the understanding of the element in which it is contained and/or the understanding of the containing element's descendants. Usually modifier elements provide negation or qualification. To make the use of extensions safe and manageable, there is a strict set of governance applied to the definition and use of extensions. Though any implementer can define an extension, there is a set of requirements that SHALL be met as part of the definition of the extension. Applications processing a resource are required to check for modifier extensions.

Modifier extensions SHALL NOT change the meaning of any elements on Resource or DomainResource (including cannot change the meaning of modifierExtension itself).","There can be no stigma associated with the use of extensions by any application, project, or standard - regardless of the institution or jurisdiction that uses or defines the extensions.  The use of extensions is what allows the FHIR specification to retain a core level of simplicity for everyone.","Modifier extensions allow for extensions that *cannot* be safely ignored to be clearly distinguished from the vast majority of extensions which can be safely ignored.  This promotes interoperability by eliminating the need for implementers to prohibit the presence of extensions. For further information, see the [definition of modifier extensions](http://hl7.org/fhir/R4/extensibility.html#modifierExtension).","","","","","","","",,,,,"",,,,"BackboneElement.modifierExtension",0,*,"","ele-1:All FHIR elements must have a @value or children {hasValue() or (children().count() > id.count())}
ext-1:Must have either extensions or value[x], not both {extension.exists() != value.exists()}","N/A"
"OperationDefinition.parameter.name","OperationDefinition.parameter.name","","","",1,1,"","","","code {[]} {[]}
","Name in Parameters.parameter.name or in URL","The name of used to identify the parameter.","This name must be a token (start with a letter in a..z, and only contain letters, numerals, and underscore. Note that for search parameters (type = string, with a search type), the name may be altered by the search modifiers.","","","","","","","","",,,,,"",,,,"OperationDefinition.parameter.name",1,1,"","ele-1:All FHIR elements must have a @value or children {hasValue() or (children().count() > id.count())}
"
"OperationDefinition.parameter.use","OperationDefinition.parameter.use","","","",1,1,"","","","code {[]} {[]}
","in | out","Whether this is an input or an output parameter.","If a parameter name is used for both an input and an output parameter, the parameter should be defined twice.","","","","","","","","",,"required","Whether an operation parameter is an input or an output parameter.","http://hl7.org/fhir/ValueSet/operation-parameter-use|4.0.1","",,,,"OperationDefinition.parameter.use",1,1,"","ele-1:All FHIR elements must have a @value or children {hasValue() or (children().count() > id.count())}
"
"OperationDefinition.parameter.min","OperationDefinition.parameter.min","","","",1,1,"","","","integer {[]} {[]}
","Minimum Cardinality","The minimum number of times this parameter SHALL appear in the request or response.","","","","","","","","","",,,,,"",,,,"OperationDefinition.parameter.min",1,1,"","ele-1:All FHIR elements must have a @value or children {hasValue() or (children().count() > id.count())}
"
"OperationDefinition.parameter.max","OperationDefinition.parameter.max","","","",1,1,"","","","string {[]} {[]}
","Maximum Cardinality (a number or *)","The maximum number of times this element is permitted to appear in the request or response.","","","","","","","","","",,,,,"",,,,"OperationDefinition.parameter.max",1,1,"","ele-1:All FHIR elements must have a @value or children {hasValue() or (children().count() > id.count())}
"
"OperationDefinition.parameter.documentation","OperationDefinition.parameter.documentation","","","",0,1,"","","","string {[]} {[]}
","Description of meaning/use","Describes the meaning or use of this parameter.","","","","","","","","","",,,,,"",,,,"OperationDefinition.parameter.documentation",0,1,"","ele-1:All FHIR elements must have a @value or children {hasValue() or (children().count() > id.count())}
"
"OperationDefinition.parameter.type","OperationDefinition.parameter.type","","","",0,1,"","","","code {[]} {[]}
","What type this parameter has","The type for this parameter.","if there is no stated parameter, then the parameter is a multi-part parameter; type and must have at least one part defined.","","","","","","","","",,"required","A list of all the concrete types defined in this version of the FHIR specification - Abstract Types, Data Types and Resource Types.","http://hl7.org/fhir/ValueSet/all-types|4.0.1","",,,,"OperationDefinition.parameter.type",0,1,"opd-1
","ele-1:All FHIR elements must have a @value or children {hasValue() or (children().count() > id.count())}
"
"OperationDefinition.parameter.targetProfile","OperationDefinition.parameter.targetProfile","","","",0,*,"","","","canonical {[]} {[CanonicalType[http://hl7.org/fhir/StructureDefinition/StructureDefinition]]}
","If type is Reference | canonical, allowed targets","Used when the type is ""Reference"" or ""canonical"", and identifies a profile structure or implementation Guide that applies to the target of the reference this parameter refers to. If any profiles are specified, then the content must conform to at least one of them. The URL can be a local reference - to a contained StructureDefinition, or a reference to another StructureDefinition or Implementation Guide by a canonical URL. When an implementation guide is specified, the target resource SHALL conform to at least one profile defined in the implementation guide.","Often, these profiles are the base definitions from the spec (e.g. http://hl7.org/fhir/StructureDefinition/Patient).","","","","","","","","",,,,,"",,,,"OperationDefinition.parameter.targetProfile",0,*,"","ele-1:All FHIR elements must have a @value or children {hasValue() or (children().count() > id.count())}
"
"OperationDefinition.parameter.searchType","OperationDefinition.parameter.searchType","","","",0,1,"","","","code {[]} {[]}
","number | date | string | token | reference | composite | quantity | uri | special","How the parameter is understood as a search parameter. This is only used if the parameter type is 'string'.","","","","","","","","","",,"required","Data types allowed to be used for search parameters.","http://hl7.org/fhir/ValueSet/search-param-type|4.0.1","",,,,"OperationDefinition.parameter.searchType",0,1,"opd-2
","ele-1:All FHIR elements must have a @value or children {hasValue() or (children().count() > id.count())}
"
"OperationDefinition.parameter.binding","OperationDefinition.parameter.binding","","","",0,1,"","","","BackboneElement {[]} {[]}
","ValueSet details if this is coded","Binds to a value set if this parameter is coded (code, Coding, CodeableConcept).","","","","","","","","","",,,,,"",,,,"OperationDefinition.parameter.binding",0,1,"","ele-1:All FHIR elements must have a @value or children {hasValue() or (children().count() > id.count())}
"
"OperationDefinition.parameter.binding.id","OperationDefinition.parameter.binding.id","","","",0,1,"","","","string {[]} {[]}
","Unique id for inter-element referencing","Unique id for the element within a resource (for internal references). This may be any string value that does not contain spaces.","","","","","","","","","",,,,,"",,,,"Element.id",0,1,"","","n/a"
"OperationDefinition.parameter.binding.extension","OperationDefinition.parameter.binding.extension","","extensions
user content","",0,*,"","","","Extension {[]} {[]}
","Additional content defined by implementations","May be used to represent additional information that is not part of the basic definition of the element. To make the use of extensions safe and manageable, there is a strict set of governance  applied to the definition and use of extensions. Though any implementer can define an extension, there is a set of requirements that SHALL be met as part of the definition of the extension.","There can be no stigma associated with the use of extensions by any application, project, or standard - regardless of the institution or jurisdiction that uses or defines the extensions.  The use of extensions is what allows the FHIR specification to retain a core level of simplicity for everyone.","","","","","","","","",,,,,"",,,,"Element.extension",0,*,"","ele-1:All FHIR elements must have a @value or children {hasValue() or (children().count() > id.count())}
ext-1:Must have either extensions or value[x], not both {extension.exists() != value.exists()}","n/a"
"OperationDefinition.parameter.binding.modifierExtension","OperationDefinition.parameter.binding.modifierExtension","","extensions
user contentmodifiers","",0,*,"","Y","Y","Extension {[]} {[]}
","Extensions that cannot be ignored even if unrecognized","May be used to represent additional information that is not part of the basic definition of the element and that modifies the understanding of the element in which it is contained and/or the understanding of the containing element's descendants. Usually modifier elements provide negation or qualification. To make the use of extensions safe and manageable, there is a strict set of governance applied to the definition and use of extensions. Though any implementer can define an extension, there is a set of requirements that SHALL be met as part of the definition of the extension. Applications processing a resource are required to check for modifier extensions.

Modifier extensions SHALL NOT change the meaning of any elements on Resource or DomainResource (including cannot change the meaning of modifierExtension itself).","There can be no stigma associated with the use of extensions by any application, project, or standard - regardless of the institution or jurisdiction that uses or defines the extensions.  The use of extensions is what allows the FHIR specification to retain a core level of simplicity for everyone.","Modifier extensions allow for extensions that *cannot* be safely ignored to be clearly distinguished from the vast majority of extensions which can be safely ignored.  This promotes interoperability by eliminating the need for implementers to prohibit the presence of extensions. For further information, see the [definition of modifier extensions](http://hl7.org/fhir/R4/extensibility.html#modifierExtension).","","","","","","","",,,,,"",,,,"BackboneElement.modifierExtension",0,*,"","ele-1:All FHIR elements must have a @value or children {hasValue() or (children().count() > id.count())}
ext-1:Must have either extensions or value[x], not both {extension.exists() != value.exists()}","N/A"
"OperationDefinition.parameter.binding.strength","OperationDefinition.parameter.binding.strength","","conformance
extensibility","",1,1,"","","","code {[]} {[]}
","required | extensible | preferred | example","Indicates the degree of conformance expectations associated with this binding - that is, the degree to which the provided value set must be adhered to in the instances.","For further discussion, see [Using Terminologies](http://hl7.org/fhir/R4/terminologies.html).","","","","","","","","",,"required","Indication of the degree of conformance expectations associated with a binding.","http://hl7.org/fhir/ValueSet/binding-strength|4.0.1","",,,,"OperationDefinition.parameter.binding.strength",1,1,"","ele-1:All FHIR elements must have a @value or children {hasValue() or (children().count() > id.count())}
"
"OperationDefinition.parameter.binding.valueSet","OperationDefinition.parameter.binding.valueSet","","","",1,1,"","","","canonical {[]} {[CanonicalType[http://hl7.org/fhir/StructureDefinition/ValueSet]]}
","Source of value set","Points to the value set or external definition (e.g. implicit value set) that identifies the set of codes to be used.","For value sets with a referenceResource, the display can contain the value set description.  The reference may be version-specific or not.","","","","","","","","",,,,,"",,,,"OperationDefinition.parameter.binding.valueSet",1,1,"","ele-1:All FHIR elements must have a @value or children {hasValue() or (children().count() > id.count())}
"
"OperationDefinition.parameter.referencedFrom","OperationDefinition.parameter.referencedFrom","","","",0,*,"","","","BackboneElement {[]} {[]}
","References to this parameter","Identifies other resource parameters within the operation invocation that are expected to resolve to this resource.","Resolution applies if the referenced parameter exists.","","","","","","","","",,,,,"",,,,"OperationDefinition.parameter.referencedFrom",0,*,"","ele-1:All FHIR elements must have a @value or children {hasValue() or (children().count() > id.count())}
"
"OperationDefinition.parameter.referencedFrom.id","OperationDefinition.parameter.referencedFrom.id","","","",0,1,"","","","string {[]} {[]}
","Unique id for inter-element referencing","Unique id for the element within a resource (for internal references). This may be any string value that does not contain spaces.","","","","","","","","","",,,,,"",,,,"Element.id",0,1,"","","n/a"
"OperationDefinition.parameter.referencedFrom.extension","OperationDefinition.parameter.referencedFrom.extension","","extensions
user content","",0,*,"","","","Extension {[]} {[]}
","Additional content defined by implementations","May be used to represent additional information that is not part of the basic definition of the element. To make the use of extensions safe and manageable, there is a strict set of governance  applied to the definition and use of extensions. Though any implementer can define an extension, there is a set of requirements that SHALL be met as part of the definition of the extension.","There can be no stigma associated with the use of extensions by any application, project, or standard - regardless of the institution or jurisdiction that uses or defines the extensions.  The use of extensions is what allows the FHIR specification to retain a core level of simplicity for everyone.","","","","","","","","",,,,,"",,,,"Element.extension",0,*,"","ele-1:All FHIR elements must have a @value or children {hasValue() or (children().count() > id.count())}
ext-1:Must have either extensions or value[x], not both {extension.exists() != value.exists()}","n/a"
"OperationDefinition.parameter.referencedFrom.modifierExtension","OperationDefinition.parameter.referencedFrom.modifierExtension","","extensions
user contentmodifiers","",0,*,"","Y","Y","Extension {[]} {[]}
","Extensions that cannot be ignored even if unrecognized","May be used to represent additional information that is not part of the basic definition of the element and that modifies the understanding of the element in which it is contained and/or the understanding of the containing element's descendants. Usually modifier elements provide negation or qualification. To make the use of extensions safe and manageable, there is a strict set of governance applied to the definition and use of extensions. Though any implementer can define an extension, there is a set of requirements that SHALL be met as part of the definition of the extension. Applications processing a resource are required to check for modifier extensions.

Modifier extensions SHALL NOT change the meaning of any elements on Resource or DomainResource (including cannot change the meaning of modifierExtension itself).","There can be no stigma associated with the use of extensions by any application, project, or standard - regardless of the institution or jurisdiction that uses or defines the extensions.  The use of extensions is what allows the FHIR specification to retain a core level of simplicity for everyone.","Modifier extensions allow for extensions that *cannot* be safely ignored to be clearly distinguished from the vast majority of extensions which can be safely ignored.  This promotes interoperability by eliminating the need for implementers to prohibit the presence of extensions. For further information, see the [definition of modifier extensions](http://hl7.org/fhir/R4/extensibility.html#modifierExtension).","","","","","","","",,,,,"",,,,"BackboneElement.modifierExtension",0,*,"","ele-1:All FHIR elements must have a @value or children {hasValue() or (children().count() > id.count())}
ext-1:Must have either extensions or value[x], not both {extension.exists() != value.exists()}","N/A"
"OperationDefinition.parameter.referencedFrom.source","OperationDefinition.parameter.referencedFrom.source","","","",1,1,"","","","string {[]} {[]}
","Referencing parameter","The name of the parameter or dot-separated path of parameter names pointing to the resource parameter that is expected to contain a reference to this resource.","","","","","","","","","",,,,,"",,,,"OperationDefinition.parameter.referencedFrom.source",1,1,"","ele-1:All FHIR elements must have a @value or children {hasValue() or (children().count() > id.count())}
"
"OperationDefinition.parameter.referencedFrom.sourceId","OperationDefinition.parameter.referencedFrom.sourceId","","","",0,1,"","","","string {[]} {[]}
","Element id of reference","The id of the element in the referencing resource that is expected to resolve to this resource.","","","","","","","","","",,,,,"",,,,"OperationDefinition.parameter.referencedFrom.sourceId",0,1,"","ele-1:All FHIR elements must have a @value or children {hasValue() or (children().count() > id.count())}
"
"OperationDefinition.parameter.part","OperationDefinition.parameter.part","","","",0,*,"","","","null {[]} {[]}
","Parts of a nested Parameter","The parts of a nested Parameter.","Query Definitions only have one output parameter, named ""result"". This might not be described, but can be to allow a profile to be defined.","","","","","","","","",,,,,"",,,,"OperationDefinition.parameter.part",0,*,"opd-1
","ele-1:All FHIR elements must have a @value or children {hasValue() or (children().count() > id.count())}
"
"OperationDefinition.overload","OperationDefinition.overload","","","",0,*,"","","","BackboneElement {[]} {[]}
","Define overloaded variants for when  generating code","Defines an appropriate combination of parameters to use when invoking this operation, to help code generators when generating overloaded parameter sets for this operation.","The combinations are suggestions as to which sets of parameters to use together, but the combinations are not intended to be authoritative.","","","","","","","","",,,,,"",,,,"OperationDefinition.overload",0,*,"","ele-1:All FHIR elements must have a @value or children {hasValue() or (children().count() > id.count())}
"
"OperationDefinition.overload.id","OperationDefinition.overload.id","","","",0,1,"","","","string {[]} {[]}
","Unique id for inter-element referencing","Unique id for the element within a resource (for internal references). This may be any string value that does not contain spaces.","","","","","","","","","",,,,,"",,,,"Element.id",0,1,"","","n/a"
"OperationDefinition.overload.extension","OperationDefinition.overload.extension","","extensions
user content","",0,*,"","","","Extension {[]} {[]}
","Additional content defined by implementations","May be used to represent additional information that is not part of the basic definition of the element. To make the use of extensions safe and manageable, there is a strict set of governance  applied to the definition and use of extensions. Though any implementer can define an extension, there is a set of requirements that SHALL be met as part of the definition of the extension.","There can be no stigma associated with the use of extensions by any application, project, or standard - regardless of the institution or jurisdiction that uses or defines the extensions.  The use of extensions is what allows the FHIR specification to retain a core level of simplicity for everyone.","","","","","","","","",,,,,"",,,,"Element.extension",0,*,"","ele-1:All FHIR elements must have a @value or children {hasValue() or (children().count() > id.count())}
ext-1:Must have either extensions or value[x], not both {extension.exists() != value.exists()}","n/a"
"OperationDefinition.overload.modifierExtension","OperationDefinition.overload.modifierExtension","","extensions
user contentmodifiers","",0,*,"","Y","Y","Extension {[]} {[]}
","Extensions that cannot be ignored even if unrecognized","May be used to represent additional information that is not part of the basic definition of the element and that modifies the understanding of the element in which it is contained and/or the understanding of the containing element's descendants. Usually modifier elements provide negation or qualification. To make the use of extensions safe and manageable, there is a strict set of governance applied to the definition and use of extensions. Though any implementer can define an extension, there is a set of requirements that SHALL be met as part of the definition of the extension. Applications processing a resource are required to check for modifier extensions.

Modifier extensions SHALL NOT change the meaning of any elements on Resource or DomainResource (including cannot change the meaning of modifierExtension itself).","There can be no stigma associated with the use of extensions by any application, project, or standard - regardless of the institution or jurisdiction that uses or defines the extensions.  The use of extensions is what allows the FHIR specification to retain a core level of simplicity for everyone.","Modifier extensions allow for extensions that *cannot* be safely ignored to be clearly distinguished from the vast majority of extensions which can be safely ignored.  This promotes interoperability by eliminating the need for implementers to prohibit the presence of extensions. For further information, see the [definition of modifier extensions](http://hl7.org/fhir/R4/extensibility.html#modifierExtension).","","","","","","","",,,,,"",,,,"BackboneElement.modifierExtension",0,*,"","ele-1:All FHIR elements must have a @value or children {hasValue() or (children().count() > id.count())}
ext-1:Must have either extensions or value[x], not both {extension.exists() != value.exists()}","N/A"
"OperationDefinition.overload.parameterName","OperationDefinition.overload.parameterName","","","",0,*,"","","","string {[]} {[]}
","Name of parameter to include in overload","Name of parameter to include in overload.","","","","","","","","","",,,,,"",,,,"OperationDefinition.overload.parameterName",0,*,"","ele-1:All FHIR elements must have a @value or children {hasValue() or (children().count() > id.count())}
"
"OperationDefinition.overload.comment","OperationDefinition.overload.comment","","","",0,1,"","","","string {[]} {[]}
","Comments to go on overload","Comments to go on overload.","","","","","","","","","",,,,,"",,,,"OperationDefinition.overload.comment",0,1,"","ele-1:All FHIR elements must have a @value or children {hasValue() or (children().count() > id.count())}
"
