<?xml version="1.0" encoding="UTF-8"?>

<StructureMap xmlns="http://hl7.org/fhir">
  <id value="MindfulnessCSVTransform"/>
  <text>
    <status value="generated"/><div xmlns="http://www.w3.org/1999/xhtml"><p class="res-header-id"><b>Narrativa gerada: StructureMap MindfulnessCSVTransform</b></p><a name="MindfulnessCSVTransform"> </a><a name="hcMindfulnessCSVTransform"> </a><pre class="fml">
<b>map</b><span style="color: navy"> &quot;</span>https://2rdoc.pt/ig/ios-lifestyle-medicine/StructureMap/MindfulnessCSVTransform<span style="color: navy">&quot; = &quot;</span>MindfulnessCSVTransform<span style="color: navy">&quot;

</span><b>uses</b><span style="color: navy"> &quot;</span>https://2rdoc.pt/ig/ios-lifestyle-medicine/StructureDefinition/csv-mindfulness<span style="color: navy">&quot; </span><b>as </b><b>source</b> <span style="color: navy">// </span><span style="color: green">CSV mindfulness data structure</span>

<b>group </b>CSVToMindfulnessObservation<span style="color: navy">(</span><b>source</b> <span style="color: maroon">source</span><span style="color: navy"> : </span>CSVMindfulness, <b>target</b> <span style="color: maroon">target</span><span style="color: navy"> : </span>Observation<span style="color: navy">)</span><span style="color: navy"> {
</span>  source.date,time<span style="color: navy"><b> -&gt; </b></span>target.effectiveDateTime = <b>append</b><span style="color: navy">(</span><span style="color: navy">)</span> <i>&quot;MapDatetime&quot;</i><span style="color: navy">;</span>
<span style="color: navy">}

</span></pre></div>
  </text>
  <url value="https://2rdoc.pt/ig/ios-lifestyle-medicine/StructureMap/MindfulnessCSVTransform"/>
  <version value="0.1.0"/>
  <name value="MindfulnessCSVTransform"/>
  <title value="CSV to FHIR Mindfulness Transform"/>
  <status value="draft"/>
  <date value="2025-10-01T23:24:47+01:00"/>
  <publisher value="Ricardo Lourenço dos Santos"/>
  <contact>
    <name value="Ricardo Lourenço dos Santos"/>
    <telecom>
      <system value="url"/>
      <value value="https://linktr.ee/ricardolsantos"/>
    </telecom>
  </contact>
  <jurisdiction>
    <coding>
      <system value="http://unstats.un.org/unsd/methods/m49/m49.htm"/>
      <code value="150"/>
      <display value="Europe"/>
    </coding>
  </jurisdiction>
  <jurisdiction>
    <coding>
      <system value="http://unstats.un.org/unsd/methods/m49/m49.htm"/>
      <code value="021"/>
      <display value="Northern America a/"/>
    </coding>
  </jurisdiction>
  <jurisdiction>
    <coding>
      <system value="http://unstats.un.org/unsd/methods/m49/m49.htm"/>
      <code value="005"/>
      <display value="South America"/>
    </coding>
  </jurisdiction>
  <jurisdiction>
    <coding>
      <system value="urn:iso:std:iso:3166"/>
      <code value="PT"/>
      <display value="Portugal"/>
    </coding>
  </jurisdiction>
  <jurisdiction>
    <coding>
      <system value="urn:iso:std:iso:3166"/>
      <code value="US"/>
      <display value="United States of America"/>
    </coding>
  </jurisdiction>
  <jurisdiction>
    <coding>
      <system value="urn:iso:std:iso:3166"/>
      <code value="BR"/>
      <display value="Brazil"/>
    </coding>
  </jurisdiction>
  <structure>
    <url value="https://2rdoc.pt/ig/ios-lifestyle-medicine/StructureDefinition/csv-mindfulness"/>
    <mode value="source"/>
    <documentation value="CSV mindfulness data structure"/>
  </structure>
  <group>
    <name value="CSVToMindfulnessObservation"/>
    <typeMode value="none"/>
    <input>
      <name value="source"/>
      <type value="CSVMindfulness"/>
      <mode value="source"/>
    </input>
    <input>
      <name value="target"/>
      <type value="Observation"/>
      <mode value="target"/>
    </input>
    <rule>
      <name value="MapDatetime"/>
      <source>
        <context value="source"/>
        <element value="date,time"/>
      </source>
      <target>
        <context value="target"/>
        <contextType value="variable"/>
        <element value="effectiveDateTime"/>
        <transform value="append"/>
      </target>
    </rule>
  </group>
</StructureMap>