{
  "package": "iOS-Lifestyle-Medicine",
  "version": "0.1.0",
  "fhirVersion": "4.0.1",
  "extensions": [
    {
      "url": "https://example.org/StructureDefinition/mindfulness-context",
      "title": "Mindfulness Session Context",
      "types": [
        "string",
        "CodeableConcept",
        "boolean",
        "base64Binary",
        "boolean",
        "canonical",
        "code",
        "date",
        "dateTime",
        "decimal",
        "id",
        "instant",
        "integer",
        "markdown",
        "oid",
        "positiveInt",
        "string",
        "time",
        "unsignedInt",
        "uri",
        "url",
        "uuid",
        "Address",
        "Age",
        "Annotation",
        "Attachment",
        "CodeableConcept",
        "Coding",
        "ContactPoint",
        "Count",
        "Distance",
        "Duration",
        "HumanName",
        "Identifier",
        "Money",
        "Period",
        "Quantity",
        "Range",
        "Ratio",
        "Reference",
        "SampledData",
        "Signature",
        "Timing",
        "ContactDetail",
        "Contributor",
        "DataRequirement",
        "Expression",
        "ParameterDefinition",
        "RelatedArtifact",
        "TriggerDefinition",
        "UsageContext",
        "Dosage",
        "Meta"
      ]
    },
    {
      "url": "https://example.org/StructureDefinition/mindfulness-import-map",
      "title": "Mindfulness Import Mapping",
      "types": [
        "string",
        "string",
        "string",
        "base64Binary",
        "boolean",
        "canonical",
        "code",
        "date",
        "dateTime",
        "decimal",
        "id",
        "instant",
        "integer",
        "markdown",
        "oid",
        "positiveInt",
        "string",
        "time",
        "unsignedInt",
        "uri",
        "url",
        "uuid",
        "Address",
        "Age",
        "Annotation",
        "Attachment",
        "CodeableConcept",
        "Coding",
        "ContactPoint",
        "Count",
        "Distance",
        "Duration",
        "HumanName",
        "Identifier",
        "Money",
        "Period",
        "Quantity",
        "Range",
        "Ratio",
        "Reference",
        "SampledData",
        "Signature",
        "Timing",
        "ContactDetail",
        "Contributor",
        "DataRequirement",
        "Expression",
        "ParameterDefinition",
        "RelatedArtifact",
        "TriggerDefinition",
        "UsageContext",
        "Dosage",
        "Meta"
      ]
    },
    {
      "url": "https://github.com/RicardoLSantos/shorthand/StructureDefinition/alert-message",
      "title": "Alert Message Extension",
      "types": [
        "string"
      ]
    },
    {
      "url": "https://github.com/RicardoLSantos/shorthand/StructureDefinition/alert-timing",
      "title": "Alert Timing Extension",
      "types": [
        "Timing",
        "string",
        "Extension",
        "Extension",
        "dateTime",
        "Element",
        "string",
        "Extension",
        "Duration",
        "Range",
        "Period",
        "positiveInt",
        "positiveInt",
        "decimal",
        "decimal",
        "code",
        "positiveInt",
        "positiveInt",
        "decimal",
        "decimal",
        "code",
        "code",
        "time",
        "code",
        "unsignedInt",
        "CodeableConcept"
      ]
    },
    {
      "url": "https://github.com/RicardoLSantos/shorthand/StructureDefinition/audit-format",
      "title": "Audit Format Extension",
      "types": [
        "code"
      ]
    },
    {
      "url": "https://github.com/RicardoLSantos/shorthand/StructureDefinition/audit-level",
      "title": "Audit Level Extension",
      "types": [
        "code"
      ]
    },
    {
      "url": "https://github.com/RicardoLSantos/shorthand/StructureDefinition/audit-retention",
      "title": "Audit Retention Extension",
      "types": [
        "Duration"
      ]
    },
    {
      "url": "https://github.com/RicardoLSantos/shorthand/StructureDefinition/measurement-conditions",
      "title": "Measurement Conditions Extension",
      "types": [
        "CodeableConcept"
      ]
    },
    {
      "url": "https://github.com/RicardoLSantos/shorthand/StructureDefinition/measurement-context",
      "title": "Measurement Context Extension",
      "types": [
        "CodeableConcept"
      ]
    },
    {
      "url": "https://github.com/RicardoLSantos/shorthand/StructureDefinition/measurement-device-type",
      "title": "Measurement Device Type Extension",
      "types": [
        "CodeableConcept"
      ]
    },
    {
      "url": "https://github.com/RicardoLSantos/shorthand/StructureDefinition/measurement-quality",
      "title": "Measurement Quality Extension",
      "types": [
        "CodeableConcept"
      ]
    },
    {
      "url": "https://github.com/RicardoLSantos/shorthand/StructureDefinition/mindfulness-audit-format",
      "title": "Mindfulness Audit Format",
      "types": [
        "code"
      ]
    },
    {
      "url": "https://github.com/RicardoLSantos/shorthand/StructureDefinition/mindfulness-audit-level",
      "title": "Mindfulness Audit Level",
      "types": [
        "code"
      ]
    },
    {
      "url": "https://github.com/RicardoLSantos/shorthand/StructureDefinition/mindfulness-audit-retention",
      "title": "Mindfulness Audit Retention",
      "types": [
        "Duration"
      ]
    },
    {
      "url": "https://github.com/RicardoLSantos/shorthand/StructureDefinition/mindfulness-notification-enabled",
      "title": "Mindfulness Notification Enabled",
      "types": [
        "boolean"
      ]
    },
    {
      "url": "https://github.com/RicardoLSantos/shorthand/StructureDefinition/mindfulness-preferred-guide",
      "title": "Mindfulness Preferred Guide",
      "types": [
        "string"
      ]
    },
    {
      "url": "https://github.com/RicardoLSantos/shorthand/StructureDefinition/mindfulness-reminder-time",
      "title": "Mindfulness Reminder Time",
      "types": [
        "time"
      ]
    },
    {
      "url": "https://github.com/RicardoLSantos/shorthand/StructureDefinition/mindfulness-schedule-timing",
      "title": "Mindfulness Schedule Timing",
      "types": [
        "Timing"
      ]
    },
    {
      "url": "https://github.com/RicardoLSantos/shorthand/StructureDefinition/mindfulness-session-duration",
      "title": "Mindfulness Session Duration",
      "types": [
        "integer"
      ]
    },
    {
      "url": "https://github.com/RicardoLSantos/shorthand/StructureDefinition/nutrition-data-source",
      "title": "Nutrition Data Source Extension",
      "types": [
        "CodeableConcept"
      ]
    },
    {
      "url": "https://github.com/RicardoLSantos/shorthand/StructureDefinition/sleep-quality",
      "title": "Sleep Quality Extension",
      "types": [
        "CodeableConcept"
      ]
    }
  ],
  "profiles": {
    "Observation": [
      {
        "url": "https://github.com/RicardoLSantos/shorthand/StructureDefinition/nutrition-intake-observation",
        "title": "Nutrition Intake Observation Profile"
      },
      {
        "url": "https://github.com/RicardoLSantos/shorthand/StructureDefinition/oxygen-saturation-observation",
        "title": "Oxygen Saturation Observation Profile"
      },
      {
        "url": "https://github.com/RicardoLSantos/shorthand/StructureDefinition/physical-activity-observation",
        "title": "Physical Activity Observation Profile"
      },
      {
        "url": "https://github.com/RicardoLSantos/shorthand/StructureDefinition/sleep-observation",
        "title": "Sleep Observation Profile"
      },
      {
        "url": "https://github.com/RicardoLSantos/shorthand/StructureDefinition/water-intake-observation",
        "title": "Water Intake Observation Profile"
      },
      {
        "url": "https://github.com/RicardoLSantos/shorthand/StructureDefinition/weight-observation",
        "title": "Weight Measurement Profile"
      }
    ],
    "Basic": [
      {
        "url": "https://github.com/RicardoLSantos/shorthand/StructureDefinition/mindfulness-schedule",
        "title": "Mindfulness Schedule"
      }
    ],
    "MessageDefinition": [
      {
        "url": "https://github.com/RicardoLSantos/shorthand/StructureDefinition/mindfulness-message-definition",
        "title": "Mindfulness Message Definition"
      }
    ],
    "OperationDefinition": [
      {
        "url": "https://github.com/RicardoLSantos/shorthand/StructureDefinition/mindfulness-operation",
        "title": "Mindfulness Operation"
      }
    ]
  },
  "usage": {
    "http://hl7.org/fhir/StructureDefinition/elementdefinition-bestpractice": [
      "StructureDefinition.snapshot.element.constraint"
    ],
    "http://hl7.org/fhir/StructureDefinition/elementdefinition-bestpractice-explanation": [
      "StructureDefinition.snapshot.element.constraint"
    ],
    "http://hl7.org/fhir/StructureDefinition/elementdefinition-bindingName": [
      "StructureDefinition.snapshot.element.binding"
    ],
    "http://hl7.org/fhir/StructureDefinition/elementdefinition-maxValueInteger": [
      "StructureDefinition.differential.element",
      "StructureDefinition.snapshot.element"
    ],
    "http://hl7.org/fhir/StructureDefinition/elementdefinition-maxValueSet": [
      "StructureDefinition.snapshot.element.binding"
    ],
    "http://hl7.org/fhir/StructureDefinition/elementdefinition-minValueInteger": [
      "StructureDefinition.differential.element",
      "StructureDefinition.snapshot.element"
    ],
    "http://hl7.org/fhir/StructureDefinition/elementdefinition-translatable": [
      "StructureDefinition.snapshot.element"
    ],
    "http://hl7.org/fhir/StructureDefinition/minValue": [
      "Questionnaire.item.item"
    ],
    "http://hl7.org/fhir/StructureDefinition/structuredefinition-display-hint": [
      "StructureDefinition.snapshot.element"
    ],
    "http://hl7.org/fhir/StructureDefinition/structuredefinition-fhir-type": [
      "StructureDefinition.snapshot.element.type"
    ],
    "http://hl7.org/fhir/tools/StructureDefinition/ig-internal-dependency": [
      "ImplementationGuide.definition"
    ],
    "http://hl7.org/fhir/tools/StructureDefinition/ig-page-name": [
      "ImplementationGuide.definition.page",
      "ImplementationGuide.definition.page.page"
    ],
    "http://hl7.org/fhir/tools/StructureDefinition/ig-parameter": [
      "ImplementationGuide.definition"
    ],
    "http://hl7.org/fhir/tools/StructureDefinition/implementationguide-dependency-comment": [
      "ImplementationGuide.dependsOn"
    ],
    "http://hl7.org/fhir/tools/StructureDefinition/resource-information": [
      "ImplementationGuide.definition.resource"
    ],
    "https://example.org/StructureDefinition/mindfulness-context": [
      "Observation"
    ],
    "https://github.com/RicardoLSantos/shorthand/StructureDefinition/alert-message": [
      "Basic"
    ],
    "https://github.com/RicardoLSantos/shorthand/StructureDefinition/alert-timing": [
      "Basic"
    ],
    "https://github.com/RicardoLSantos/shorthand/StructureDefinition/audit-format": [
      "Basic"
    ],
    "https://github.com/RicardoLSantos/shorthand/StructureDefinition/audit-level": [
      "Basic"
    ],
    "https://github.com/RicardoLSantos/shorthand/StructureDefinition/audit-retention": [
      "Basic"
    ],
    "https://github.com/RicardoLSantos/shorthand/StructureDefinition/measurement-conditions": [
      "Observation"
    ],
    "https://github.com/RicardoLSantos/shorthand/StructureDefinition/measurement-device-type": [
      "Observation"
    ],
    "https://github.com/RicardoLSantos/shorthand/StructureDefinition/measurement-quality": [
      "Observation"
    ],
    "https://github.com/RicardoLSantos/shorthand/StructureDefinition/mindfulness-audit-format": [
      "Basic"
    ],
    "https://github.com/RicardoLSantos/shorthand/StructureDefinition/mindfulness-audit-level": [
      "Basic"
    ],
    "https://github.com/RicardoLSantos/shorthand/StructureDefinition/mindfulness-audit-retention": [
      "Basic"
    ],
    "https://github.com/RicardoLSantos/shorthand/StructureDefinition/mindfulness-notification-enabled": [
      "Basic"
    ],
    "https://github.com/RicardoLSantos/shorthand/StructureDefinition/mindfulness-preferred-guide": [
      "Basic"
    ],
    "https://github.com/RicardoLSantos/shorthand/StructureDefinition/mindfulness-reminder-time": [
      "Basic"
    ],
    "https://github.com/RicardoLSantos/shorthand/StructureDefinition/mindfulness-schedule-timing": [
      "Basic"
    ],
    "https://github.com/RicardoLSantos/shorthand/StructureDefinition/mindfulness-session-duration": [
      "Basic"
    ],
    "https://github.com/RicardoLSantos/shorthand/StructureDefinition/sleep-quality": [
      "Observation"
    ]
  }
}