{
  "codeSystems" : [
    {
      "url" : "https://github.com/RicardoLSantos/shorthand/ValueSet/environment-type-vs",
      "version" : "0.1.0",
      "status" : "draft",
      "name" : "EnvironmentTypeVS",
      "title" : "Practice Environment Types Value Set",
      "description" : "Value set of practice environment types",
      "systems" : [
        "https://github.com/RicardoLSantos/shorthand/CodeSystem/environment-type-cs"
      ]
    },
    {
      "url" : "https://github.com/RicardoLSantos/shorthand/ValueSet/measurement-conditions-vs",
      "version" : "0.1.0",
      "status" : "draft",
      "name" : "MeasurementConditionsVS",
      "title" : "Measurement Conditions Value Set",
      "description" : "Standard conditions under which measurements are taken",
      "systems" : ["http://snomed.info/sct"]
    },
    {
      "url" : "https://github.com/RicardoLSantos/shorthand/ValueSet/measurement-context-vital-signs",
      "version" : "0.1.0",
      "status" : "draft",
      "name" : "MeasurementContextVitalSigns",
      "title" : "Measurement Context Value Set",
      "description" : null,
      "systems" : ["http://snomed.info/sct"]
    },
    {
      "url" : "https://github.com/RicardoLSantos/shorthand/ValueSet/measurement-context-vs",
      "version" : "0.1.0",
      "status" : "active",
      "name" : "MeasurementContextVS",
      "title" : "Measurement Context Value Set",
      "description" : "Contexts in which measurements can be taken, including temporal and location-based contexts",
      "systems" : ["http://snomed.info/sct"]
    },
    {
      "url" : "https://github.com/RicardoLSantos/shorthand/ValueSet/measurement-device-type-vs",
      "version" : "0.1.0",
      "status" : "draft",
      "name" : "MeasurementDeviceTypeVS",
      "title" : "Measurement Device Type Value Set",
      "description" : "Types of devices used for health and body measurements",
      "systems" : ["http://snomed.info/sct"]
    },
    {
      "url" : "https://github.com/RicardoLSantos/shorthand/ValueSet/measurement-quality-vs",
      "version" : "0.1.0",
      "status" : "draft",
      "name" : "MeasurementQualityVS",
      "title" : "Measurement Quality Value Set",
      "description" : "Quality indicators for Qualitative assessment of measurement quality",
      "systems" : ["http://snomed.info/sct"]
    },
    {
      "url" : "https://github.com/RicardoLSantos/shorthand/ValueSet/mindfulness-outcome-vs",
      "version" : "0.1.0",
      "status" : "draft",
      "name" : "MindfulnessOutcomeVS",
      "title" : "Mindfulness Outcomes Value Set",
      "description" : "Value set for mindfulness practice outcomes",
      "systems" : [
        "https://github.com/RicardoLSantos/shorthand/CodeSystem/mindfulness-outcome-cs",
        "http://snomed.info/sct"
      ]
    },
    {
      "url" : "https://github.com/RicardoLSantos/shorthand/ValueSet/mindfulness-qualifier-vs",
      "version" : "0.1.0",
      "status" : "draft",
      "name" : "MindfulnessQualifierVS",
      "title" : "Mindfulness Practice Qualifiers Value Set",
      "description" : "Value set for mindfulness practice qualifiers",
      "systems" : [
        "https://github.com/RicardoLSantos/shorthand/CodeSystem/mindfulness-qualifier-cs",
        "http://snomed.info/sct"
      ]
    },
    {
      "url" : "https://github.com/RicardoLSantos/shorthand/ValueSet/mindfulness-type-vs",
      "version" : "0.1.0",
      "status" : "draft",
      "name" : "MindfulnessTypeVS",
      "title" : "Mindfulness Practice Types Value Set",
      "description" : "Value set of mindfulness practice types",
      "systems" : [
        "https://github.com/RicardoLSantos/shorthand/CodeSystem/mindfulness-type-cs"
      ]
    },
    {
      "url" : "https://github.com/RicardoLSantos/shorthand/ValueSet/mood-vs",
      "version" : "0.1.0",
      "status" : "draft",
      "name" : "MoodValueSet",
      "title" : "Mood Value Set",
      "description" : "Codes representing different mood states",
      "systems" : ["http://snomed.info/sct"]
    },
    {
      "url" : "https://github.com/RicardoLSantos/shorthand/ValueSet/nutrition-data-source-vs",
      "version" : "0.1.0",
      "status" : "draft",
      "name" : "NutritionDataSourceVS",
      "title" : "Nutrition Data Source Value Set",
      "description" : "Value set for nutrition data sources",
      "systems" : [
        "https://github.com/RicardoLSantos/shorthand/CodeSystem/nutrition-data-source-cs"
      ]
    },
    {
      "url" : "https://github.com/RicardoLSantos/shorthand/ValueSet/physical-activity-type-vs",
      "version" : "0.1.0",
      "status" : "active",
      "name" : "PhysicalActivityTypeVS",
      "title" : "Physical Activity Types Value Set",
      "description" : "Types of physical activities from iOS Health App",
      "systems" : ["http://snomed.info/sct"]
    },
    {
      "url" : "https://github.com/RicardoLSantos/shorthand/ValueSet/sleep-quality-extended-vs",
      "version" : "0.1.0",
      "status" : "draft",
      "name" : "SleepQualityExtendedVS",
      "title" : "Sleep Quality Value Set",
      "description" : null,
      "systems" : ["http://snomed.info/sct"]
    },
    {
      "url" : "https://github.com/RicardoLSantos/shorthand/ValueSet/sleep-quality-vs",
      "version" : "0.1.0",
      "status" : "active",
      "name" : "SleepQualityVS",
      "title" : "Sleep Quality Value Set",
      "description" : "Qualitative assessments of sleep quality including subjective measures",
      "systems" : ["http://snomed.info/sct"]
    }
  ]
}
