{
  "resourceType" : "ValueSet",
  "id" : "mindfulness-qualifier-vs",
  "text" : {
    "status" : "generated",
    "div" : "<div xmlns=\"http://www.w3.org/1999/xhtml\"><p class=\"res-header-id\"><b>Generated Narrative: ValueSet mindfulness-qualifier-vs</b></p><a name=\"mindfulness-qualifier-vs\"> </a><a name=\"hcmindfulness-qualifier-vs\"> </a><a name=\"mindfulness-qualifier-vs-en-US\"> </a><p>This value set includes codes based on the following rules:</p><ul><li>Include all codes defined in <a href=\"CodeSystem-mindfulness-qualifier-cs.html\"><code>https://github.com/RicardoLSantos/shorthand/CodeSystem/mindfulness-qualifier-cs</code></a></li><li>Include these codes as defined in <a href=\"http://www.snomed.org/\"><code>http://snomed.info/sct</code></a><table class=\"none\"><tr><td style=\"white-space:nowrap\"><b>Code</b></td><td><b>Display</b></td></tr><tr><td><a href=\"http://snomed.info/id/410534003\">410534003</a></td><td>Guided meditation</td></tr><tr><td><a href=\"http://snomed.info/id/225386006\">225386006</a></td><td>Exercise therapy</td></tr></table></li></ul></div>"
  },
  "url" : "https://github.com/RicardoLSantos/shorthand/ValueSet/mindfulness-qualifier-vs",
  "version" : "0.1.0",
  "name" : "MindfulnessQualifierVS",
  "title" : "Mindfulness Practice Qualifiers Value Set",
  "status" : "draft",
  "experimental" : false,
  "date" : "2025-01-03T09:54:59+00:00",
  "publisher" : "Ricardo Lourenço dos Santos",
  "contact" : [{
    "name" : "Ricardo Lourenço dos Santos",
    "telecom" : [{
      "system" : "url",
      "value" : "https://linktr.ee/ricardolsantos"
    }]
  }],
  "description" : "Value set for mindfulness practice qualifiers",
  "copyright" : "This value set includes content from SNOMED CT, which is copyright © 2002+ International Health Terminology Standards Development Organisation (IHTSDO)",
  "compose" : {
    "include" : [{
      "system" : "https://github.com/RicardoLSantos/shorthand/CodeSystem/mindfulness-qualifier-cs"
    },
    {
      "system" : "http://snomed.info/sct",
      "concept" : [{
        "code" : "410534003",
        "display" : "Guided meditation"
      },
      {
        "code" : "225386006",
        "display" : "Exercise therapy"
      }]
    }]
  }
}