{
  "resourceType" : "ValueSet",
  "id" : "mindfulness-qualifier-vs",
  "text" : {
    "status" : "generated",
    "div" : "<div xmlns=\"http://www.w3.org/1999/xhtml\"><p class=\"res-header-id\"><b>Narrativa gerada: ValueSet mindfulness-qualifier-vs</b></p><a name=\"mindfulness-qualifier-vs\"> </a><a name=\"hcmindfulness-qualifier-vs\"> </a><p>Este conjunto de valores inclui códigos baseados nas seguintes regras:</p><ul><li>Incluir todos os códigos definidos em <a href=\"CodeSystem-mindfulness-qualifier-cs.html\"><code>https://2rdoc.pt/ig/ios-lifestyle-medicine/CodeSystem/mindfulness-qualifier-cs</code></a></li><li>Incluir estes códigos, tal como definidos em <a href=\"http://www.snomed.org/\"><code>http://snomed.info/sct</code></a><table class=\"none\"><tr><td style=\"white-space:nowrap\"><b>Código</b></td><td><b>Ecrã</b></td></tr><tr><td><a href=\"http://snomed.info/id/410534003\">410534003</a></td><td>During exercise</td></tr><tr><td><a href=\"http://snomed.info/id/225386006\">225386006</a></td><td>Exercise therapy</td></tr></table></li></ul></div>"
  },
  "url" : "https://2rdoc.pt/ig/ios-lifestyle-medicine/ValueSet/mindfulness-qualifier-vs",
  "version" : "0.1.0",
  "name" : "MindfulnessQualifierVS",
  "title" : "Mindfulness Practice Qualifiers Value Set",
  "status" : "active",
  "experimental" : false,
  "date" : "2025-10-02T18:31:12+01:00",
  "publisher" : "Ricardo Lourenço dos Santos",
  "contact" : [{
    "name" : "Ricardo Lourenço dos Santos",
    "telecom" : [{
      "system" : "url",
      "value" : "https://linktr.ee/ricardolsantos"
    }]
  }],
  "description" : "Value set for mindfulness practice qualifiers",
  "jurisdiction" : [{
    "coding" : [{
      "system" : "http://unstats.un.org/unsd/methods/m49/m49.htm",
      "code" : "150",
      "display" : "Europe"
    }]
  },
  {
    "coding" : [{
      "system" : "http://unstats.un.org/unsd/methods/m49/m49.htm",
      "code" : "021",
      "display" : "Northern America a/"
    }]
  },
  {
    "coding" : [{
      "system" : "http://unstats.un.org/unsd/methods/m49/m49.htm",
      "code" : "005",
      "display" : "South America"
    }]
  },
  {
    "coding" : [{
      "system" : "urn:iso:std:iso:3166",
      "code" : "PT",
      "display" : "Portugal"
    }]
  },
  {
    "coding" : [{
      "system" : "urn:iso:std:iso:3166",
      "code" : "US",
      "display" : "United States of America"
    }]
  },
  {
    "coding" : [{
      "system" : "urn:iso:std:iso:3166",
      "code" : "BR",
      "display" : "Brazil"
    }]
  }],
  "copyright" : "This value set includes content from SNOMED CT, which is copyright © 2002+ International Health Terminology Standards Development Organisation (IHTSDO)",
  "compose" : {
    "include" : [{
      "system" : "https://2rdoc.pt/ig/ios-lifestyle-medicine/CodeSystem/mindfulness-qualifier-cs"
    },
    {
      "system" : "http://snomed.info/sct",
      "concept" : [{
        "code" : "410534003",
        "display" : "During exercise"
      },
      {
        "code" : "225386006",
        "display" : "Exercise therapy"
      }]
    }]
  }
}