<?xml version="1.0" encoding="UTF-8"?>

<ValueSet xmlns="http://hl7.org/fhir">
  <id value="social-context-vs"/>
  <text>
    <status value="generated"/><div xmlns="http://www.w3.org/1999/xhtml"><p class="res-header-id"><b>Generated Narrative: ValueSet social-context-vs</b></p><a name="social-context-vs"> </a><a name="hcsocial-context-vs"> </a><a name="social-context-vs-en-US"> </a><ul><li>Include all codes defined in <a href="CodeSystem-social-context-cs.html"><code>https://github.com/RicardoLSantos/shorthand/CodeSystem/social-context-cs</code></a></li></ul></div>
  </text>
  <url value="https://github.com/RicardoLSantos/shorthand/ValueSet/social-context-vs"/>
  <version value="0.1.0"/>
  <name value="SocialContextVS"/>
  <title value="Social Context Value Set"/>
  <status value="draft"/>
  <date value="2025-01-04T21:28:42+00:00"/>
  <publisher value="Ricardo Lourenço dos Santos"/>
  <contact>
    <name value="Ricardo Lourenço dos Santos"/>
    <telecom>
      <system value="url"/>
      <value value="https://linktr.ee/ricardolsantos"/>
    </telecom>
  </contact>
  <description value="Value set for social interaction contexts"/>
  <compose>
    <include>
      <system value="https://github.com/RicardoLSantos/shorthand/CodeSystem/social-context-cs"/>
    </include>
  </compose>
</ValueSet>