{
  "resourceType" : "ValueSet",
  "id" : "audit-levels",
  "text" : {
    "status" : "generated",
    "div" : "<div xmlns=\"http://www.w3.org/1999/xhtml\"><p class=\"res-header-id\"><b>Generated Narrative: ValueSet audit-levels</b></p><a name=\"audit-levels\"> </a><a name=\"hcaudit-levels\"> </a><a name=\"audit-levels-en-US\"> </a><ul><li>Include all codes defined in <a href=\"CodeSystem-audit-levels.html\"><code>http://example.org/fhir/CodeSystem/audit-levels</code></a></li></ul></div>"
  },
  "url" : "http://example.org/fhir/ValueSet/audit-levels",
  "version" : "0.1.0",
  "name" : "AuditLevelsValueSet",
  "title" : "Audit Levels Value Set",
  "status" : "active",
  "experimental" : false,
  "date" : "2024-12-27",
  "publisher" : "Ricardo Lourenço dos Santos",
  "contact" : [{
    "name" : "Ricardo Lourenço dos Santos",
    "telecom" : [{
      "system" : "url",
      "value" : "https://linktr.ee/ricardolsantos"
    }]
  }],
  "description" : "Value set for audit level types",
  "compose" : {
    "include" : [{
      "system" : "http://example.org/fhir/CodeSystem/audit-levels"
    }]
  }
}