<?xml version="1.0" encoding="UTF-8"?>

<ValueSet xmlns="http://hl7.org/fhir">
  <id value="tobacco-product-type-vs"/>
  <text>
    <status value="generated"/><div xmlns="http://www.w3.org/1999/xhtml"><p class="res-header-id"><b>Narrativa gerada: ValueSet tobacco-product-type-vs</b></p><a name="tobacco-product-type-vs"> </a><a name="hctobacco-product-type-vs"> </a><ul><li>Include estes códigos, tal como definidos em <a href="http://www.snomed.org/"><code>http://snomed.info/sct</code></a><table class="none"><tr><td style="white-space:nowrap"><b>Código</b></td><td><b>Ecrã</b></td></tr><tr><td><a href="http://snomed.info/id/722496004">722496004</a></td><td>Cigarette (physical object)</td></tr><tr><td><a href="http://snomed.info/id/722498003">722498003</a></td><td>Cigar (physical object)</td></tr><tr><td><a href="http://snomed.info/id/722499006">722499006</a></td><td>Pipe (physical object)</td></tr><tr><td><a href="http://snomed.info/id/159882006">159882006</a></td><td>Chewing tobacco user (finding)</td></tr><tr><td><a href="http://snomed.info/id/228494002">228494002</a></td><td>Snuff taker (finding)</td></tr></table></li></ul></div>
  </text>
  <url value="https://2rdoc.pt/ig/ios-lifestyle-medicine/ValueSet/tobacco-product-type-vs"/>
  <version value="0.1.0"/>
  <name value="TobaccoProductTypeVS"/>
  <title value="Tobacco Product Type ValueSet"/>
  <status value="active"/>
  <experimental value="false"/>
  <date value="2025-11-27T17:03:01+00:00"/>
  <publisher value="Ricardo Lourenço dos Santos"/>
  <contact>
    <name value="Ricardo Lourenço dos Santos"/>
    <telecom>
      <system value="url"/>
      <value value="https://linktr.ee/ricardolsantos"/>
    </telecom>
  </contact>
  <description value="Types of tobacco products"/>
  <jurisdiction>
    <coding>
      <system value="http://unstats.un.org/unsd/methods/m49/m49.htm"/>
      <code value="150"/>
      <display value="Europe"/>
    </coding>
  </jurisdiction>
  <jurisdiction>
    <coding>
      <system value="http://unstats.un.org/unsd/methods/m49/m49.htm"/>
      <code value="021"/>
      <display value="Northern America a/"/>
    </coding>
  </jurisdiction>
  <jurisdiction>
    <coding>
      <system value="http://unstats.un.org/unsd/methods/m49/m49.htm"/>
      <code value="005"/>
      <display value="South America"/>
    </coding>
  </jurisdiction>
  <jurisdiction>
    <coding>
      <system value="urn:iso:std:iso:3166"/>
      <code value="PT"/>
      <display value="Portugal"/>
    </coding>
  </jurisdiction>
  <jurisdiction>
    <coding>
      <system value="urn:iso:std:iso:3166"/>
      <code value="US"/>
      <display value="United States of America"/>
    </coding>
  </jurisdiction>
  <jurisdiction>
    <coding>
      <system value="urn:iso:std:iso:3166"/>
      <code value="BR"/>
      <display value="Brazil"/>
    </coding>
  </jurisdiction>
  <compose>
    <include>
      <system value="http://snomed.info/sct"/>
      <concept>
        <code value="722496004"/>
        <display value="Cigarette (physical object)"/>
      </concept>
      <concept>
        <code value="722498003"/>
        <display value="Cigar (physical object)"/>
      </concept>
      <concept>
        <code value="722499006"/>
        <display value="Pipe (physical object)"/>
      </concept>
      <concept>
        <code value="159882006"/>
        <display value="Chewing tobacco user (finding)"/>
      </concept>
      <concept>
        <code value="228494002"/>
        <display value="Snuff taker (finding)"/>
      </concept>
    </include>
  </compose>
</ValueSet>