{
  "resourceType" : "ValueSet",
  "id" : "sleep-quality-vs",
  "text" : {
    "status" : "generated",
    "div" : "<div xmlns=\"http://www.w3.org/1999/xhtml\"><p class=\"res-header-id\"><b>Generated Narrative: ValueSet sleep-quality-vs</b></p><a name=\"sleep-quality-vs\"> </a><a name=\"hcsleep-quality-vs\"> </a><a name=\"sleep-quality-vs-en-US\"> </a><ul><li>Include these codes as defined in <a href=\"http://www.snomed.org/\"><code>http://snomed.info/sct</code></a><table class=\"none\"><tr><td style=\"white-space:nowrap\"><b>Code</b></td><td><b>Display</b></td></tr><tr><td><a href=\"http://snomed.info/id/248254009\">248254009</a></td><td>Quality of sleep (observable entity)</td></tr><tr><td><a href=\"http://snomed.info/id/248255005\">248255005</a></td><td>Sleeping well</td></tr><tr><td><a href=\"http://snomed.info/id/248256006\">248256006</a></td><td>Difficulty sleeping</td></tr><tr><td><a href=\"http://snomed.info/id/301345002\">301345002</a></td><td>Poor sleep pattern</td></tr><tr><td><a href=\"http://snomed.info/id/301346001\">301346001</a></td><td>Good sleep pattern</td></tr></table></li></ul></div>"
  },
  "url" : "https://github.com/RicardoLSantos/shorthand/ValueSet/sleep-quality-vs",
  "version" : "0.1.0",
  "name" : "SleepQualityVS",
  "title" : "Sleep Quality Value Set",
  "status" : "active",
  "experimental" : false,
  "date" : "2024-12-27T22:28:35+00:00",
  "publisher" : "Ricardo Lourenço dos Santos",
  "contact" : [{
    "name" : "Ricardo Lourenço dos Santos",
    "telecom" : [{
      "system" : "url",
      "value" : "https://linktr.ee/ricardolsantos"
    }]
  }],
  "description" : "Qualitative assessments of sleep quality including subjective measures",
  "compose" : {
    "include" : [{
      "system" : "http://snomed.info/sct",
      "concept" : [{
        "code" : "248254009",
        "display" : "Quality of sleep (observable entity)"
      },
      {
        "code" : "248255005",
        "display" : "Sleeping well"
      },
      {
        "code" : "248256006",
        "display" : "Difficulty sleeping"
      },
      {
        "code" : "301345002",
        "display" : "Poor sleep pattern"
      },
      {
        "code" : "301346001",
        "display" : "Good sleep pattern"
      }]
    }]
  }
}