{
  "resourceType" : "ValueSet",
  "id" : "mood-vs",
  "text" : {
    "status" : "generated",
    "div" : "<div xmlns=\"http://www.w3.org/1999/xhtml\"><p class=\"res-header-id\"><b>Generated Narrative: ValueSet mood-vs</b></p><a name=\"mood-vs\"> </a><a name=\"hcmood-vs\"> </a><a name=\"mood-vs-en-US\"> </a><ul><li>Include these codes as defined in <a href=\"http://www.snomed.org/\"><code>http://snomed.info/sct</code></a><table class=\"none\"><tr><td style=\"white-space:nowrap\"><b>Code</b></td><td><b>Display</b></td></tr><tr><td><a href=\"http://snomed.info/id/285854004\">285854004</a></td><td>Mood elevation</td></tr><tr><td><a href=\"http://snomed.info/id/130987000\">130987000</a></td><td>Anxious mood</td></tr><tr><td><a href=\"http://snomed.info/id/130988005\">130988005</a></td><td>Depressed mood</td></tr><tr><td><a href=\"http://snomed.info/id/130989002\">130989002</a></td><td>Irritable mood</td></tr><tr><td><a href=\"http://snomed.info/id/130990006\">130990006</a></td><td>Labile mood</td></tr><tr><td><a href=\"http://snomed.info/id/130991005\">130991005</a></td><td>Neutral mood</td></tr></table></li></ul></div>"
  },
  "url" : "https://github.com/RicardoLSantos/shorthand/ValueSet/mood-vs",
  "version" : "0.1.0",
  "name" : "MoodValueSet",
  "title" : "Mood Value Set",
  "status" : "draft",
  "experimental" : false,
  "date" : "2024-12-26T10:45:41+00:00",
  "publisher" : "Ricardo Lourenço dos Santos",
  "contact" : [{
    "name" : "Ricardo Lourenço dos Santos",
    "telecom" : [{
      "system" : "url",
      "value" : "https://linktr.ee/ricardolsantos"
    }]
  }],
  "description" : "Codes representing different mood states",
  "compose" : {
    "include" : [{
      "system" : "http://snomed.info/sct",
      "concept" : [{
        "code" : "285854004",
        "display" : "Mood elevation"
      },
      {
        "code" : "130987000",
        "display" : "Anxious mood"
      },
      {
        "code" : "130988005",
        "display" : "Depressed mood"
      },
      {
        "code" : "130989002",
        "display" : "Irritable mood"
      },
      {
        "code" : "130990006",
        "display" : "Labile mood"
      },
      {
        "code" : "130991005",
        "display" : "Neutral mood"
      }]
    }]
  }
}