{
  "resourceType" : "ValueSet",
  "id" : "activity-quality-vs",
  "text" : {
    "status" : "generated",
    "div" : "<div xmlns=\"http://www.w3.org/1999/xhtml\"><p class=\"res-header-id\"><b>Narrativa gerada: ValueSet activity-quality-vs</b></p><a name=\"activity-quality-vs\"> </a><a name=\"hcactivity-quality-vs\"> </a><ul><li>Include estes códigos, tal como definidos em <a href=\"http://www.snomed.org/\"><code>http://snomed.info/sct</code></a><table class=\"none\"><tr><td style=\"white-space:nowrap\"><b>Código</b></td><td><b>Ecrã</b></td></tr><tr><td><a href=\"http://snomed.info/id/248254009\">248254009</a></td><td>Quality of activity (observable entity)</td></tr><tr><td><a href=\"http://snomed.info/id/248255005\">248255005</a></td><td>Sleeping well</td></tr><tr><td><a href=\"http://snomed.info/id/248256006\">248256006</a></td><td>Difficulty activitying</td></tr><tr><td><a href=\"http://snomed.info/id/301345002\">301345002</a></td><td>Poor activity pattern</td></tr><tr><td><a href=\"http://snomed.info/id/301346001\">301346001</a></td><td>Good activity pattern</td></tr></table></li></ul></div>"
  },
  "url" : "https://2rdoc.pt/ig/ios-lifestyle-medicine/ValueSet/activity-quality-vs",
  "version" : "0.1.0",
  "name" : "SleepQualityVS",
  "title" : "Sleep Quality Value Set",
  "status" : "active",
  "experimental" : false,
  "date" : "2025-10-01T23:24:47+01:00",
  "publisher" : "Ricardo Lourenço dos Santos",
  "contact" : [{
    "name" : "Ricardo Lourenço dos Santos",
    "telecom" : [{
      "system" : "url",
      "value" : "https://linktr.ee/ricardolsantos"
    }]
  }],
  "description" : "Qualitative assessments of activity quality including subjective measures",
  "useContext" : [{
    "code" : {
      "system" : "http://terminology.hl7.org/CodeSystem/usage-context-type",
      "code" : "program"
    },
    "valueCodeableConcept" : {
      "text" : "iOS Lifestyle Medicine"
    }
  }],
  "jurisdiction" : [{
    "coding" : [{
      "system" : "http://unstats.un.org/unsd/methods/m49/m49.htm",
      "code" : "150",
      "display" : "Europe"
    }]
  },
  {
    "coding" : [{
      "system" : "http://unstats.un.org/unsd/methods/m49/m49.htm",
      "code" : "021",
      "display" : "Northern America a/"
    }]
  },
  {
    "coding" : [{
      "system" : "http://unstats.un.org/unsd/methods/m49/m49.htm",
      "code" : "005",
      "display" : "South America"
    }]
  },
  {
    "coding" : [{
      "system" : "urn:iso:std:iso:3166",
      "code" : "PT",
      "display" : "Portugal"
    }]
  },
  {
    "coding" : [{
      "system" : "urn:iso:std:iso:3166",
      "code" : "US",
      "display" : "United States of America"
    }]
  },
  {
    "coding" : [{
      "system" : "urn:iso:std:iso:3166",
      "code" : "BR",
      "display" : "Brazil"
    }]
  }],
  "compose" : {
    "include" : [{
      "system" : "http://snomed.info/sct",
      "concept" : [{
        "code" : "248254009",
        "display" : "Quality of activity (observable entity)"
      },
      {
        "code" : "248255005",
        "display" : "Sleeping well"
      },
      {
        "code" : "248256006",
        "display" : "Difficulty activitying"
      },
      {
        "code" : "301345002",
        "display" : "Poor activity pattern"
      },
      {
        "code" : "301346001",
        "display" : "Good activity pattern"
      }]
    }]
  }
}