<?xml version="1.0" encoding="UTF-8"?>

<ValueSet xmlns="http://hl7.org/fhir">
  <id value="balance-status"/>
  <text>
    <status value="generated"/><div xmlns="http://www.w3.org/1999/xhtml"><p class="res-header-id"><b>Narrativa gerada: ValueSet balance-status</b></p><a name="balance-status"> </a><a name="hcbalance-status"> </a><ul><li>Include todos os códigos definidos em <a href="CodeSystem-balance-status.html"><code>https://2rdoc.pt/fhir/CodeSystem/balance-status</code></a></li></ul></div>
  </text>
  <url value="https://2rdoc.pt/fhir/ValueSet/balance-status"/>
  <version value="0.1.0"/>
  <name value="BalanceStatusValueSet"/>
  <title value="Balance Status Value Set"/>
  <status value="active"/>
  <date value="2025-08-20T10:40:04+01:00"/>
  <publisher value="Ricardo Lourenço dos Santos"/>
  <contact>
    <name value="Ricardo Lourenço dos Santos"/>
    <telecom>
      <system value="url"/>
      <value value="https://linktr.ee/ricardolsantos"/>
    </telecom>
  </contact>
  <description value="Value set for walking steadiness balance status"/>
  <compose>
    <include>
      <system value="https://2rdoc.pt/fhir/CodeSystem/balance-status"/>
    </include>
  </compose>
</ValueSet>