<?xml version="1.0" encoding="UTF-8"?>

<ValueSet xmlns="http://hl7.org/fhir">
  <id value="time-of-day-vs"/>
  <text>
    <status value="generated"/><div xmlns="http://www.w3.org/1999/xhtml"><p class="res-header-id"><b>Narrativa gerada: ValueSet time-of-day-vs</b></p><a name="time-of-day-vs"> </a><a name="hctime-of-day-vs"> </a><ul><li>Include estes códigos, tal como definidos em <a href="http://www.snomed.org/"><code>http://snomed.info/sct</code></a><table class="none"><tr><td style="white-space:nowrap"><b>Código</b></td><td><b>Ecrã</b></td></tr><tr><td><a href="http://snomed.info/id/73775008">73775008</a></td><td>Morning</td></tr><tr><td><a href="http://snomed.info/id/255253008">255253008</a></td><td>Afternoon</td></tr><tr><td><a href="http://snomed.info/id/2546009">2546009</a></td><td>Evening</td></tr><tr><td><a href="http://snomed.info/id/73768005">73768005</a></td><td>Night</td></tr></table></li></ul></div>
  </text>
  <url value="https://2rdoc.pt/ig/ios-lifestyle-medicine/ValueSet/time-of-day-vs"/>
  <version value="0.1.0"/>
  <name value="TimeOfDayVS"/>
  <title value="Time of Day Value Set"/>
  <status value="draft"/>
  <date value="2025-08-20T10:40:04+01:00"/>
  <publisher value="Ricardo Lourenço dos Santos"/>
  <contact>
    <name value="Ricardo Lourenço dos Santos"/>
    <telecom>
      <system value="url"/>
      <value value="https://linktr.ee/ricardolsantos"/>
    </telecom>
  </contact>
  <description value="Times of day for symptom occurrence"/>
  <compose>
    <include>
      <system value="http://snomed.info/sct"/>
      <concept>
        <code value="73775008"/>
        <display value="Morning"/>
      </concept>
      <concept>
        <code value="255253008"/>
        <display value="Afternoon"/>
      </concept>
      <concept>
        <code value="2546009"/>
        <display value="Evening"/>
      </concept>
      <concept>
        <code value="73768005"/>
        <display value="Night"/>
      </concept>
    </include>
  </compose>
</ValueSet>