<?xml version="1.0" encoding="UTF-8"?>

<ValueSet xmlns="http://hl7.org/fhir">
  <id value="risk-level-valueset"/>
  <text>
    <status value="generated"/><div xmlns="http://www.w3.org/1999/xhtml"><p class="res-header-id"><b>Generated Narrative: ValueSet risk-level-valueset</b></p><a name="risk-level-valueset"> </a><a name="hcrisk-level-valueset"> </a><a name="risk-level-valueset-en-US"> </a><ul><li>Include all codes defined in <a href="CodeSystem-risk-level-codesystem.html"><code>http://example.org/CodeSystem/risk-level-codesystem</code></a></li></ul></div>
  </text>
  <url value="http://example.org/ValueSet/risk-level-valueset"/>
  <version value="0.1.0"/>
  <name value="RiskLevelValueSet"/>
  <title value="Risk Level Value Set"/>
  <status value="active"/>
  <date value="2025-01-02T17:46:41+00:00"/>
  <publisher value="Ricardo Lourenço dos Santos"/>
  <contact>
    <name value="Ricardo Lourenço dos Santos"/>
    <telecom>
      <system value="url"/>
      <value value="https://linktr.ee/ricardolsantos"/>
    </telecom>
  </contact>
  <description value="Value set for general risk levels"/>
  <compose>
    <include>
      <system value="http://example.org/CodeSystem/risk-level-codesystem"/>
    </include>
  </compose>
</ValueSet>