<?xml version="1.0" encoding="UTF-8"?>

<ValueSet xmlns="http://hl7.org/fhir">
  <id value="assistance-level-outcomes"/>
  <text>
    <status value="generated"/><div xmlns="http://www.w3.org/1999/xhtml"><p class="res-header-id"><b>Narrativa gerada: ValueSet assistance-level-outcomes</b></p><a name="assistance-level-outcomes"> </a><a name="hcassistance-level-outcomes"> </a><ul><li>Include todos os códigos definidos em <a href="CodeSystem-assistance-level-outcomes.html"><code>https://2rdoc.pt/ig/ios-lifestyle-medicine/CodeSystem/assistance-level-outcomes</code></a></li></ul></div>
  </text>
  <url value="https://2rdoc.pt/ig/ios-lifestyle-medicine/ValueSet/assistance-level-outcomes"/>
  <version value="0.1.0"/>
  <name value="AssistanceLevelOutcomesValueSet"/>
  <title value="Assistance Level Outcomes Value Set"/>
  <status value="active"/>
  <experimental value="false"/>
  <date value="2025-10-03T16:37:46+01:00"/>
  <publisher value="Ricardo Lourenço dos Santos"/>
  <contact>
    <name value="Ricardo Lourenço dos Santos"/>
    <telecom>
      <system value="url"/>
      <value value="https://linktr.ee/ricardolsantos"/>
    </telecom>
  </contact>
  <description value="Value set for assistance level assessment outcomes"/>
  <useContext>
    <code>
      <system value="http://terminology.hl7.org/CodeSystem/usage-context-type"/>
      <code value="program"/>
    </code>
    <valueCodeableConcept>
      <text value="iOS Lifestyle Medicine"/>
    </valueCodeableConcept>
  </useContext>
  <jurisdiction>
    <coding>
      <system value="http://unstats.un.org/unsd/methods/m49/m49.htm"/>
      <code value="150"/>
      <display value="Europe"/>
    </coding>
  </jurisdiction>
  <jurisdiction>
    <coding>
      <system value="http://unstats.un.org/unsd/methods/m49/m49.htm"/>
      <code value="021"/>
      <display value="Northern America a/"/>
    </coding>
  </jurisdiction>
  <jurisdiction>
    <coding>
      <system value="http://unstats.un.org/unsd/methods/m49/m49.htm"/>
      <code value="005"/>
      <display value="South America"/>
    </coding>
  </jurisdiction>
  <jurisdiction>
    <coding>
      <system value="urn:iso:std:iso:3166"/>
      <code value="PT"/>
      <display value="Portugal"/>
    </coding>
  </jurisdiction>
  <jurisdiction>
    <coding>
      <system value="urn:iso:std:iso:3166"/>
      <code value="US"/>
      <display value="United States of America"/>
    </coding>
  </jurisdiction>
  <jurisdiction>
    <coding>
      <system value="urn:iso:std:iso:3166"/>
      <code value="BR"/>
      <display value="Brazil"/>
    </coding>
  </jurisdiction>
  <compose>
    <include>
      <system value="https://2rdoc.pt/ig/ios-lifestyle-medicine/CodeSystem/assistance-level-outcomes"/>
    </include>
  </compose>
</ValueSet>