<?xml version="1.0" encoding="UTF-8"?>

<ValueSet xmlns="http://hl7.org/fhir">
  <id value="symptom-progression-vs"/>
  <text>
    <status value="generated"/><div xmlns="http://www.w3.org/1999/xhtml"><p class="res-header-id"><b>Narrativa gerada: ValueSet symptom-progression-vs</b></p><a name="symptom-progression-vs"> </a><a name="hcsymptom-progression-vs"> </a><ul><li>Include estes códigos, tal como definidos em <a href="http://www.snomed.org/"><code>http://snomed.info/sct</code></a><table class="none"><tr><td style="white-space:nowrap"><b>Código</b></td><td><b>Ecrã</b></td></tr><tr><td><a href="http://snomed.info/id/385633008">385633008</a></td><td>Improving</td></tr><tr><td><a href="http://snomed.info/id/58158008">58158008</a></td><td>Stable</td></tr><tr><td><a href="http://snomed.info/id/230993007">230993007</a></td><td>Worsening</td></tr><tr><td><a href="http://snomed.info/id/255314001">255314001</a></td><td>Fluctuating</td></tr></table></li></ul></div>
  </text>
  <url value="https://2rdoc.pt/ig/ios-lifestyle-medicine/ValueSet/symptom-progression-vs"/>
  <version value="0.1.0"/>
  <name value="SymptomProgressionVS"/>
  <title value="Symptom Progression Value Set"/>
  <status value="active"/>
  <experimental value="false"/>
  <date value="2025-11-28T14:35:57+00:00"/>
  <publisher value="Ricardo Lourenço dos Santos"/>
  <contact>
    <name value="Ricardo Lourenço dos Santos"/>
    <telecom>
      <system value="url"/>
      <value value="https://linktr.ee/ricardolsantos"/>
    </telecom>
  </contact>
  <description value="Progression patterns for symptoms"/>
  <jurisdiction>
    <coding>
      <system value="http://unstats.un.org/unsd/methods/m49/m49.htm"/>
      <code value="150"/>
      <display value="Europe"/>
    </coding>
  </jurisdiction>
  <jurisdiction>
    <coding>
      <system value="http://unstats.un.org/unsd/methods/m49/m49.htm"/>
      <code value="021"/>
      <display value="Northern America a/"/>
    </coding>
  </jurisdiction>
  <jurisdiction>
    <coding>
      <system value="http://unstats.un.org/unsd/methods/m49/m49.htm"/>
      <code value="005"/>
      <display value="South America"/>
    </coding>
  </jurisdiction>
  <jurisdiction>
    <coding>
      <system value="urn:iso:std:iso:3166"/>
      <code value="PT"/>
      <display value="Portugal"/>
    </coding>
  </jurisdiction>
  <jurisdiction>
    <coding>
      <system value="urn:iso:std:iso:3166"/>
      <code value="US"/>
      <display value="United States of America"/>
    </coding>
  </jurisdiction>
  <jurisdiction>
    <coding>
      <system value="urn:iso:std:iso:3166"/>
      <code value="BR"/>
      <display value="Brazil"/>
    </coding>
  </jurisdiction>
  <compose>
    <include>
      <system value="http://snomed.info/sct"/>
      <concept>
        <code value="385633008"/>
        <display value="Improving"/>
      </concept>
      <concept>
        <code value="58158008"/>
        <display value="Stable"/>
      </concept>
      <concept>
        <code value="230993007"/>
        <display value="Worsening"/>
      </concept>
      <concept>
        <code value="255314001"/>
        <display value="Fluctuating"/>
      </concept>
    </include>
  </compose>
</ValueSet>