<?xml version="1.0" encoding="UTF-8"?>

<ValueSet xmlns="http://hl7.org/fhir">
  <id value="duration-units-vs"/>
  <text>
    <status value="generated"/><div xmlns="http://www.w3.org/1999/xhtml"><p class="res-header-id"><b>Narrativa gerada: ValueSet duration-units-vs</b></p><a name="duration-units-vs"> </a><a name="hcduration-units-vs"> </a><ul><li>Include estes códigos, tal como definidos em <a href="http://unitsofmeasure.org"><code>http://unitsofmeasure.org</code></a><table class="none"><tr><td style="white-space:nowrap"><b>Código</b></td><td><b>Ecrã</b></td></tr><tr><td>min</td><td>Minutes</td></tr><tr><td>h</td><td>Hours</td></tr><tr><td>d</td><td>Days</td></tr><tr><td>wk</td><td>Weeks</td></tr><tr><td>mo</td><td>Months</td></tr></table></li></ul></div>
  </text>
  <url value="https://2rdoc.pt/ig/ios-lifestyle-medicine/ValueSet/duration-units-vs"/>
  <version value="0.1.0"/>
  <name value="DurationUnitsVS"/>
  <title value="Duration Units Value Set"/>
  <status value="draft"/>
  <date value="2025-08-20T17:48:34+01:00"/>
  <publisher value="Ricardo Lourenço dos Santos"/>
  <contact>
    <name value="Ricardo Lourenço dos Santos"/>
    <telecom>
      <system value="url"/>
      <value value="https://linktr.ee/ricardolsantos"/>
    </telecom>
  </contact>
  <description value="Time units for symptom duration"/>
  <compose>
    <include>
      <system value="http://unitsofmeasure.org"/>
      <concept>
        <code value="min"/>
        <display value="Minutes"/>
      </concept>
      <concept>
        <code value="h"/>
        <display value="Hours"/>
      </concept>
      <concept>
        <code value="d"/>
        <display value="Days"/>
      </concept>
      <concept>
        <code value="wk"/>
        <display value="Weeks"/>
      </concept>
      <concept>
        <code value="mo"/>
        <display value="Months"/>
      </concept>
    </include>
  </compose>
</ValueSet>