<?xml version="1.0" encoding="UTF-8"?>

<ValueSet xmlns="http://hl7.org/fhir">
  <id value="measurement-conditions-vs"/>
  <text>
    <status value="generated"/><div xmlns="http://www.w3.org/1999/xhtml"><p class="res-header-id"><b>Narrativa gerada: ValueSet measurement-conditions-vs</b></p><a name="measurement-conditions-vs"> </a><a name="hcmeasurement-conditions-vs"> </a><ul><li>Include estes códigos, tal como definidos em <a href="http://www.snomed.org/"><code>http://snomed.info/sct</code></a><table class="none"><tr><td style="white-space:nowrap"><b>Código</b></td><td><b>Ecrã</b></td></tr><tr><td><a href="http://snomed.info/id/255214003">255214003</a></td><td>After exercise</td></tr><tr><td><a href="http://snomed.info/id/307819006">307819006</a></td><td>Post-exercise</td></tr><tr><td><a href="http://snomed.info/id/307820000">307820000</a></td><td>Wearing light clothing</td></tr><tr><td><a href="http://snomed.info/id/255203001">255203001</a></td><td>First thing in morning</td></tr><tr><td><a href="http://snomed.info/id/309604004">309604004</a></td><td>During rest</td></tr></table></li></ul></div>
  </text>
  <url value="https://2rdoc.pt/ig/ios-lifestyle-medicine/ValueSet/measurement-conditions-vs"/>
  <version value="0.1.0"/>
  <name value="MeasurementConditionsVS"/>
  <title value="Measurement Conditions Value Set"/>
  <status value="active"/>
  <experimental value="false"/>
  <date value="2025-10-02T07:31:55+01:00"/>
  <publisher value="Ricardo Lourenço dos Santos"/>
  <contact>
    <name value="Ricardo Lourenço dos Santos"/>
    <telecom>
      <system value="url"/>
      <value value="https://linktr.ee/ricardolsantos"/>
    </telecom>
  </contact>
  <description value="Standard conditions under which measurements are taken"/>
  <useContext>
    <code>
      <system value="http://terminology.hl7.org/CodeSystem/usage-context-type"/>
      <code value="program"/>
    </code>
    <valueCodeableConcept>
      <text value="iOS Lifestyle Medicine"/>
    </valueCodeableConcept>
  </useContext>
  <jurisdiction>
    <coding>
      <system value="http://unstats.un.org/unsd/methods/m49/m49.htm"/>
      <code value="150"/>
      <display value="Europe"/>
    </coding>
  </jurisdiction>
  <jurisdiction>
    <coding>
      <system value="http://unstats.un.org/unsd/methods/m49/m49.htm"/>
      <code value="021"/>
      <display value="Northern America a/"/>
    </coding>
  </jurisdiction>
  <jurisdiction>
    <coding>
      <system value="http://unstats.un.org/unsd/methods/m49/m49.htm"/>
      <code value="005"/>
      <display value="South America"/>
    </coding>
  </jurisdiction>
  <jurisdiction>
    <coding>
      <system value="urn:iso:std:iso:3166"/>
      <code value="PT"/>
      <display value="Portugal"/>
    </coding>
  </jurisdiction>
  <jurisdiction>
    <coding>
      <system value="urn:iso:std:iso:3166"/>
      <code value="US"/>
      <display value="United States of America"/>
    </coding>
  </jurisdiction>
  <jurisdiction>
    <coding>
      <system value="urn:iso:std:iso:3166"/>
      <code value="BR"/>
      <display value="Brazil"/>
    </coding>
  </jurisdiction>
  <compose>
    <include>
      <system value="http://snomed.info/sct"/>
      <concept>
        <code value="255214003"/>
        <display value="After exercise"/>
      </concept>
      <concept>
        <code value="307819006"/>
        <display value="Post-exercise"/>
      </concept>
      <concept>
        <code value="307820000"/>
        <display value="Wearing light clothing"/>
      </concept>
      <concept>
        <code value="255203001"/>
        <display value="First thing in morning"/>
      </concept>
      <concept>
        <code value="309604004"/>
        <display value="During rest"/>
      </concept>
    </include>
  </compose>
</ValueSet>