<?xml version="1.0" encoding="UTF-8"?>

<ValueSet xmlns="http://hl7.org/fhir">
  <id value="vo2max-protocol-vs"/>
  <text>
    <status value="generated"/><div xmlns="http://www.w3.org/1999/xhtml"><p class="res-header-id"><b>Narrativa gerada: ValueSet vo2max-protocol-vs</b></p><a name="vo2max-protocol-vs"> </a><a name="hcvo2max-protocol-vs"> </a><ul><li>Include todos os códigos definidos em <a href="CodeSystem-vo2max-protocol-cs.html"><code>https://2rdoc.pt/ig/ios-lifestyle-medicine/CodeSystem/vo2max-protocol-cs</code></a></li></ul></div>
  </text>
  <url value="https://2rdoc.pt/ig/ios-lifestyle-medicine/ValueSet/vo2max-protocol-vs"/>
  <version value="0.1.0"/>
  <name value="VO2maxProtocolVS"/>
  <title value="VO2max Protocol ValueSet"/>
  <status value="active"/>
  <date value="2025-11-28T14:35:57+00:00"/>
  <publisher value="Ricardo Lourenço dos Santos"/>
  <contact>
    <name value="Ricardo Lourenço dos Santos"/>
    <telecom>
      <system value="url"/>
      <value value="https://linktr.ee/ricardolsantos"/>
    </telecom>
  </contact>
  <jurisdiction>
    <coding>
      <system value="http://unstats.un.org/unsd/methods/m49/m49.htm"/>
      <code value="150"/>
      <display value="Europe"/>
    </coding>
  </jurisdiction>
  <jurisdiction>
    <coding>
      <system value="http://unstats.un.org/unsd/methods/m49/m49.htm"/>
      <code value="021"/>
      <display value="Northern America a/"/>
    </coding>
  </jurisdiction>
  <jurisdiction>
    <coding>
      <system value="http://unstats.un.org/unsd/methods/m49/m49.htm"/>
      <code value="005"/>
      <display value="South America"/>
    </coding>
  </jurisdiction>
  <jurisdiction>
    <coding>
      <system value="urn:iso:std:iso:3166"/>
      <code value="PT"/>
      <display value="Portugal"/>
    </coding>
  </jurisdiction>
  <jurisdiction>
    <coding>
      <system value="urn:iso:std:iso:3166"/>
      <code value="US"/>
      <display value="United States of America"/>
    </coding>
  </jurisdiction>
  <jurisdiction>
    <coding>
      <system value="urn:iso:std:iso:3166"/>
      <code value="BR"/>
      <display value="Brazil"/>
    </coding>
  </jurisdiction>
  <compose>
    <include>
      <system value="https://2rdoc.pt/ig/ios-lifestyle-medicine/CodeSystem/vo2max-protocol-cs"/>
    </include>
  </compose>
</ValueSet>