<?xml version="1.0" encoding="UTF-8"?>

<ValueSet xmlns="http://hl7.org/fhir">
  <id value="cervical-mucus-valueset"/>
  <text>
    <status value="generated"/><div xmlns="http://www.w3.org/1999/xhtml"><p class="res-header-id"><b>Narrativa gerada: ValueSet cervical-mucus-valueset</b></p><a name="cervical-mucus-valueset"> </a><a name="hccervical-mucus-valueset"> </a><ul><li>Include todos os códigos definidos em <a href="CodeSystem-cervical-mucus-cs.html"><code>https://2rdoc.pt/fhir/CodeSystem/cervical-mucus-cs</code></a></li></ul></div>
  </text>
  <url value="https://2rdoc.pt/fhir/ValueSet/cervical-mucus-vs"/>
  <version value="0.1.0"/>
  <name value="CervicalMucusValueSet"/>
  <title value="Cervical Mucus Value Set"/>
  <status value="active"/>
  <date value="2025-08-20T10:40:04+01:00"/>
  <publisher value="Ricardo Lourenço dos Santos"/>
  <contact>
    <name value="Ricardo Lourenço dos Santos"/>
    <telecom>
      <system value="url"/>
      <value value="https://linktr.ee/ricardolsantos"/>
    </telecom>
  </contact>
  <description value="Value set for cervical mucus observations"/>
  <compose>
    <include>
      <system value="https://2rdoc.pt/fhir/CodeSystem/cervical-mucus-cs"/>
    </include>
  </compose>
</ValueSet>