{
  "resourceType" : "ValueSet",
  "id" : "stress-triggers-vs",
  "text" : {
    "status" : "generated",
    "div" : "<div xmlns=\"http://www.w3.org/1999/xhtml\"><p class=\"res-header-id\"><b>Narrativa gerada: ValueSet stress-triggers-vs</b></p><a name=\"stress-triggers-vs\"> </a><a name=\"hcstress-triggers-vs\"> </a><ul><li>Include todos os códigos definidos em <a href=\"CodeSystem-stress-triggers-cs.html\"><code>https://2rdoc.pt/ig/ios-lifestyle-medicine/CodeSystem/stress-triggers-cs</code></a></li></ul></div>"
  },
  "url" : "https://2rdoc.pt/ig/ios-lifestyle-medicine/ValueSet/stress-triggers-vs",
  "version" : "0.1.0",
  "name" : "StressTriggersVS",
  "title" : "Stress Triggers Value Set",
  "status" : "draft",
  "date" : "2025-08-20T17:48:34+01:00",
  "publisher" : "Ricardo Lourenço dos Santos",
  "contact" : [{
    "name" : "Ricardo Lourenço dos Santos",
    "telecom" : [{
      "system" : "url",
      "value" : "https://linktr.ee/ricardolsantos"
    }]
  }],
  "description" : "Value set for common stress triggers",
  "compose" : {
    "include" : [{
      "system" : "https://2rdoc.pt/ig/ios-lifestyle-medicine/CodeSystem/stress-triggers-cs"
    }]
  }
}