{
  "resourceType" : "ValueSet",
  "id" : "nutrition-data-source-vs",
  "text" : {
    "status" : "generated",
    "div" : "<div xmlns=\"http://www.w3.org/1999/xhtml\"><p class=\"res-header-id\"><b>Generated Narrative: ValueSet nutrition-data-source-vs</b></p><a name=\"nutrition-data-source-vs\"> </a><a name=\"hcnutrition-data-source-vs\"> </a><a name=\"nutrition-data-source-vs-en-US\"> </a><ul><li>Include all codes defined in <a href=\"CodeSystem-nutrition-data-source-cs.html\"><code>https://github.com/RicardoLSantos/shorthand/CodeSystem/nutrition-data-source-cs</code></a></li></ul></div>"
  },
  "url" : "https://github.com/RicardoLSantos/shorthand/ValueSet/nutrition-data-source-vs",
  "version" : "0.1.0",
  "name" : "NutritionDataSourceVS",
  "title" : "Nutrition Data Source Value Set",
  "status" : "draft",
  "experimental" : false,
  "date" : "2024-12-14",
  "publisher" : "Ricardo Lourenço dos Santos",
  "contact" : [{
    "name" : "Ricardo Lourenço dos Santos",
    "telecom" : [{
      "system" : "url",
      "value" : "https://linktr.ee/ricardolsantos"
    }]
  }],
  "description" : "Value set for nutrition data sources",
  "compose" : {
    "include" : [{
      "system" : "https://github.com/RicardoLSantos/shorthand/CodeSystem/nutrition-data-source-cs"
    }]
  }
}