{
  "resourceType" : "ValueSet",
  "id" : "social-interaction-medium-vs",
  "text" : {
    "status" : "generated",
    "div" : "<div xmlns=\"http://www.w3.org/1999/xhtml\"><p class=\"res-header-id\"><b>Narrativa gerada: ValueSet social-interaction-medium-vs</b></p><a name=\"social-interaction-medium-vs\"> </a><a name=\"hcsocial-interaction-medium-vs\"> </a><ul><li>Include todos os códigos definidos em <a href=\"CodeSystem-social-interaction-medium-cs.html\"><code>https://2rdoc.pt/ig/ios-lifestyle-medicine/CodeSystem/social-interaction-medium-cs</code></a></li></ul></div>"
  },
  "url" : "https://2rdoc.pt/ig/ios-lifestyle-medicine/ValueSet/social-interaction-medium-vs",
  "version" : "0.1.0",
  "name" : "SocialInteractionMediumVS",
  "title" : "Social Interaction Medium Value Set",
  "status" : "draft",
  "date" : "2025-08-20T10:40:04+01:00",
  "publisher" : "Ricardo Lourenço dos Santos",
  "contact" : [{
    "name" : "Ricardo Lourenço dos Santos",
    "telecom" : [{
      "system" : "url",
      "value" : "https://linktr.ee/ricardolsantos"
    }]
  }],
  "description" : "Mediums through which social interaction occurs",
  "compose" : {
    "include" : [{
      "system" : "https://2rdoc.pt/ig/ios-lifestyle-medicine/CodeSystem/social-interaction-medium-cs"
    }]
  }
}