<?xml version="1.0" encoding="UTF-8"?>

<ValueSet xmlns="http://hl7.org/fhir">
  <id value="social-history-goal-vs"/>
  <text>
    <status value="generated"/><div xmlns="http://www.w3.org/1999/xhtml"><p class="res-header-id"><b>Narrativa gerada: ValueSet social-history-goal-vs</b></p><a name="social-history-goal-vs"> </a><a name="hcsocial-history-goal-vs"> </a><p>Este conjunto de valores inclui códigos baseados nas seguintes regras:</p><ul><li>Incluir estes códigos, tal como definidos em <a href="http://loinc.org"><code>http://loinc.org</code></a><table class="none"><tr><td style="white-space:nowrap"><b>Código</b></td><td><b>Ecrã</b></td></tr><tr><td><a href="https://loinc.org/8665-2/">8665-2</a></td><td>Date last menstrual period</td></tr><tr><td><a href="https://loinc.org/49033-4/">49033-4</a></td><td>Menstrual cycle duration</td></tr><tr><td><a href="https://loinc.org/55284-4/">55284-4</a></td><td>Blood pressure</td></tr><tr><td><a href="https://loinc.org/8310-5/">8310-5</a></td><td>Body temperature</td></tr><tr><td><a href="https://loinc.org/8302-2/">8302-2</a></td><td>Body height</td></tr><tr><td><a href="https://loinc.org/29463-7/">29463-7</a></td><td>Body weight</td></tr></table></li><li>Incluir estes códigos, tal como definidos em <a href="http://www.snomed.org/"><code>http://snomed.info/sct</code></a><table class="none"><tr><td style="white-space:nowrap"><b>Código</b></td><td><b>Ecrã</b></td></tr><tr><td><a href="http://snomed.info/id/289530006">289530006</a></td><td>Reproductive health finding</td></tr></table></li></ul></div>
  </text>
  <url value="https://2rdoc.pt/ig/ios-lifestyle-medicine/ValueSet/social-history-goal-vs"/>
  <version value="0.1.0"/>
  <name value="ReproductiveGoalVS"/>
  <title value="Reproductive Health Goals Value Set"/>
  <status value="active"/>
  <experimental value="false"/>
  <date value="2024-03-19"/>
  <publisher value="Ricardo Lourenço dos Santos"/>
  <contact>
    <name value="Ricardo Lourenço dos Santos"/>
    <telecom>
      <system value="url"/>
      <value value="https://linktr.ee/ricardolsantos"/>
    </telecom>
  </contact>
  <description value="Goals related to social-history health tracking and planning"/>
  <useContext>
    <code>
      <system value="http://terminology.hl7.org/CodeSystem/usage-context-type"/>
      <code value="program"/>
    </code>
    <valueCodeableConcept>
      <text value="iOS Lifestyle Medicine"/>
    </valueCodeableConcept>
  </useContext>
  <jurisdiction>
    <coding>
      <system value="http://unstats.un.org/unsd/methods/m49/m49.htm"/>
      <code value="150"/>
      <display value="Europe"/>
    </coding>
  </jurisdiction>
  <jurisdiction>
    <coding>
      <system value="http://unstats.un.org/unsd/methods/m49/m49.htm"/>
      <code value="021"/>
      <display value="Northern America a/"/>
    </coding>
  </jurisdiction>
  <jurisdiction>
    <coding>
      <system value="http://unstats.un.org/unsd/methods/m49/m49.htm"/>
      <code value="005"/>
      <display value="South America"/>
    </coding>
  </jurisdiction>
  <jurisdiction>
    <coding>
      <system value="urn:iso:std:iso:3166"/>
      <code value="PT"/>
      <display value="Portugal"/>
    </coding>
  </jurisdiction>
  <jurisdiction>
    <coding>
      <system value="urn:iso:std:iso:3166"/>
      <code value="US"/>
      <display value="United States of America"/>
    </coding>
  </jurisdiction>
  <jurisdiction>
    <coding>
      <system value="urn:iso:std:iso:3166"/>
      <code value="BR"/>
      <display value="Brazil"/>
    </coding>
  </jurisdiction>
  <compose>
    <include>
      <system value="http://loinc.org"/>
      <concept>
        <code value="8665-2"/>
        <display value="Date last menstrual period"/>
      </concept>
      <concept>
        <code value="49033-4"/>
        <display value="Menstrual cycle duration"/>
      </concept>
      <concept>
        <code value="55284-4"/>
        <display value="Blood pressure"/>
      </concept>
      <concept>
        <code value="8310-5"/>
        <display value="Body temperature"/>
      </concept>
      <concept>
        <code value="8302-2"/>
        <display value="Body height"/>
      </concept>
      <concept>
        <code value="29463-7"/>
        <display value="Body weight"/>
      </concept>
    </include>
    <include>
      <system value="http://snomed.info/sct"/>
      <concept>
        <code value="289530006"/>
        <display value="Reproductive health finding"/>
      </concept>
    </include>
  </compose>
</ValueSet>