{
  "resourceType" : "ValueSet",
  "id" : "fall-risk-outcomes",
  "text" : {
    "status" : "generated",
    "div" : "<div xmlns=\"http://www.w3.org/1999/xhtml\"><p class=\"res-header-id\"><b>Narrativa gerada: ValueSet fall-risk-outcomes</b></p><a name=\"fall-risk-outcomes\"> </a><a name=\"hcfall-risk-outcomes\"> </a><ul><li>Include todos os códigos definidos em <code>https://2rdoc.pt/ig/ios-lifestyle-medicine/CodeSystem/fall-risk-outcomes</code></li></ul></div>"
  },
  "url" : "https://2rdoc.pt/ig/ios-lifestyle-medicine/ValueSet/fall-risk-outcomes",
  "version" : "0.1.0",
  "name" : "FallRiskOutcomesValueSet",
  "title" : "Fall Risk Outcomes Value Set",
  "status" : "active",
  "experimental" : false,
  "date" : "2025-10-02T11:12:29+01:00",
  "publisher" : "Ricardo Lourenço dos Santos",
  "contact" : [{
    "name" : "Ricardo Lourenço dos Santos",
    "telecom" : [{
      "system" : "url",
      "value" : "https://linktr.ee/ricardolsantos"
    }]
  }],
  "description" : "Value set for fall risk assessment outcomes",
  "useContext" : [{
    "code" : {
      "system" : "http://terminology.hl7.org/CodeSystem/usage-context-type",
      "code" : "program"
    },
    "valueCodeableConcept" : {
      "text" : "iOS Lifestyle Medicine"
    }
  }],
  "jurisdiction" : [{
    "coding" : [{
      "system" : "http://unstats.un.org/unsd/methods/m49/m49.htm",
      "code" : "150",
      "display" : "Europe"
    }]
  },
  {
    "coding" : [{
      "system" : "http://unstats.un.org/unsd/methods/m49/m49.htm",
      "code" : "021",
      "display" : "Northern America a/"
    }]
  },
  {
    "coding" : [{
      "system" : "http://unstats.un.org/unsd/methods/m49/m49.htm",
      "code" : "005",
      "display" : "South America"
    }]
  },
  {
    "coding" : [{
      "system" : "urn:iso:std:iso:3166",
      "code" : "PT",
      "display" : "Portugal"
    }]
  },
  {
    "coding" : [{
      "system" : "urn:iso:std:iso:3166",
      "code" : "US",
      "display" : "United States of America"
    }]
  },
  {
    "coding" : [{
      "system" : "urn:iso:std:iso:3166",
      "code" : "BR",
      "display" : "Brazil"
    }]
  }],
  "compose" : {
    "include" : [{
      "system" : "https://2rdoc.pt/ig/ios-lifestyle-medicine/CodeSystem/fall-risk-outcomes"
    }]
  }
}