<?xml version="1.0" encoding="UTF-8"?>

<ValueSet xmlns="http://hl7.org/fhir">
  <id value="social-interaction-medium-vs"/>
  <text>
    <status value="generated"/><div xmlns="http://www.w3.org/1999/xhtml"><p class="res-header-id"><b>Narrativa gerada: ValueSet social-interaction-medium-vs</b></p><a name="social-interaction-medium-vs"> </a><a name="hcsocial-interaction-medium-vs"> </a><ul><li>Include todos os códigos definidos em <a href="CodeSystem-social-interaction-medium-cs.html"><code>https://2rdoc.pt/ig/ios-lifestyle-medicine/CodeSystem/social-interaction-medium-cs</code></a></li></ul></div>
  </text>
  <url value="https://2rdoc.pt/ig/ios-lifestyle-medicine/ValueSet/social-interaction-medium-vs"/>
  <version value="0.1.0"/>
  <name value="SocialInteractionMediumVS"/>
  <title value="Social Interaction Medium Value Set"/>
  <status value="draft"/>
  <date value="2025-08-20T17:48:34+01:00"/>
  <publisher value="Ricardo Lourenço dos Santos"/>
  <contact>
    <name value="Ricardo Lourenço dos Santos"/>
    <telecom>
      <system value="url"/>
      <value value="https://linktr.ee/ricardolsantos"/>
    </telecom>
  </contact>
  <description value="Mediums through which social interaction occurs"/>
  <compose>
    <include>
      <system value="https://2rdoc.pt/ig/ios-lifestyle-medicine/CodeSystem/social-interaction-medium-cs"/>
    </include>
  </compose>
</ValueSet>