URL,Version,Status,OIDs,Name,Title,Descriptino,Uses,Used,Sources
https://2rdoc.pt/ig/ios-lifestyle-medicine/ValueSet/activity-quality-extended-vs,0.1.0,active,,SleepQualityExtendedVS,Sleep Quality Value Set,"Extended value set for activity quality assessment",,"SCT"
https://2rdoc.pt/ig/ios-lifestyle-medicine/ValueSet/activity-quality-vs,0.1.0,active,,SleepQualityVS,Sleep Quality Value Set,"Qualitative assessments of activity quality including subjective measures",,"SCT"
https://2rdoc.pt/ig/ios-lifestyle-medicine/ValueSet/advanced-vital-signs-context-vs,0.1.0,active,,AdvancedVitalSignsContextVS,Advanced Vital Signs Context Value Set,"Context codes for advanced vital sign measurements",,"Internal"
https://2rdoc.pt/ig/ios-lifestyle-medicine/ValueSet/assistance-level-outcomes,0.1.0,active,,AssistanceLevelOutcomesValueSet,Assistance Level Outcomes Value Set,"Value set for assistance level assessment outcomes",,"Other"
https://2rdoc.pt/ig/ios-lifestyle-medicine/ValueSet/audit-formats,0.1.0,active,,AuditFormatsValueSet,Audit Formats Value Set,"Value set for audit format types",,"Internal"
https://2rdoc.pt/ig/ios-lifestyle-medicine/ValueSet/audit-levels,0.1.0,active,,AuditLevelsValueSet,Audit Levels Value Set,"Value set for audit level types",,"Internal"
https://2rdoc.pt/ig/ios-lifestyle-medicine/ValueSet/balance-status,0.1.0,active,,BalanceStatusValueSet,Balance Status Value Set,"Value set for walking steadiness balance status",,"Internal"
https://2rdoc.pt/ig/ios-lifestyle-medicine/ValueSet/body-locations-vs,0.1.0,active,,BodyLocationsVS,Body Locations Value Set,"Anatomical locations for symptom recording",,"SCT"
https://2rdoc.pt/ig/ios-lifestyle-medicine/ValueSet/cervical-mucus-vs,0.1.0,active,,CervicalMucusValueSet,Cervical Mucus Value Set,"Value set for cervical mucus observations",,"Internal"
https://2rdoc.pt/ig/ios-lifestyle-medicine/ValueSet/circadian-phase-vs,0.1.0,active,,CircadianPhaseVS,Circadian Phase Value Set,"Value set for circadian rhythm phases",,"Internal"
https://2rdoc.pt/ig/ios-lifestyle-medicine/ValueSet/duration-units-vs,0.1.0,active,,DurationUnitsVS,Duration Units Value Set,"Time units for symptom duration",,"UCUM"
https://2rdoc.pt/ig/ios-lifestyle-medicine/ValueSet/environment-type,0.1.0,active,,EnvironmentTypeValueSet,Environment Type Value Set,"Value set for environmental context types",,"Internal"
https://2rdoc.pt/ig/ios-lifestyle-medicine/ValueSet/environment-type-vs,0.1.0,active,,EnvironmentTypeVS,Practice Environment Types Value Set,"Value set of practice environment types",,"Internal"
https://2rdoc.pt/ig/ios-lifestyle-medicine/ValueSet/environmental-context,0.1.0,active,,EnvironmentalContextValueSet,Environmental Context Value Set,"Valid contexts for environmental measurements",,"Other"
https://2rdoc.pt/ig/ios-lifestyle-medicine/ValueSet/exposure-conditions-vs,0.1.0,active,,ExposureConditionsVS,Exposure Conditions Value Set,"Value set for environmental exposure conditions",,"Internal"
https://2rdoc.pt/ig/ios-lifestyle-medicine/ValueSet/exposure-location-vs,0.1.0,active,,ExposureLocationVS,Exposure Location Value Set,"Value set for environmental exposure locations",,"Internal"
https://2rdoc.pt/ig/ios-lifestyle-medicine/ValueSet/fall-risk-outcomes,0.1.0,active,,FallRiskOutcomesValueSet,Fall Risk Outcomes Value Set,"Value set for fall risk assessment outcomes",,"Other"
https://2rdoc.pt/ig/ios-lifestyle-medicine/ValueSet/fertility-status-vs,0.1.0,active,,FertilityStatusValueSet,Fertility Status Value Set,"Value set for fertility status",,"Internal"
https://2rdoc.pt/ig/ios-lifestyle-medicine/ValueSet/lifestyle-observation-vs,0.1.0,active,,LifestyleObservationVS,Lifestyle Medicine Observation Value Set,"Value set containing all local lifestyle medicine observation codes",,"Internal"
https://2rdoc.pt/ig/ios-lifestyle-medicine/ValueSet/measurement-conditions-vs,0.1.0,active,,MeasurementConditionsVS,Measurement Conditions Value Set,"Standard conditions under which measurements are taken",,"SCT"
https://2rdoc.pt/ig/ios-lifestyle-medicine/ValueSet/measurement-context-vital-signs,0.1.0,active,,MeasurementContextVitalSigns,Measurement Context Value Set,"Value set for measurement context in vital signs observations",,"SCT"
https://2rdoc.pt/ig/ios-lifestyle-medicine/ValueSet/measurement-context-vs,0.1.0,active,,MeasurementContextVS,Measurement Context Value Set,"Contexts in which measurements can be taken, including temporal and location-based contexts",,"SCT"
https://2rdoc.pt/ig/ios-lifestyle-medicine/ValueSet/measurement-device-type-vs,0.1.0,active,,MeasurementDeviceTypeVS,Measurement Device Type Value Set,"Types of devices used for health and body measurements",,"SCT"
https://2rdoc.pt/ig/ios-lifestyle-medicine/ValueSet/measurement-quality-vs,0.1.0,active,,MeasurementQualityVS,Measurement Quality Value Set,"Value set for measurement quality indicators",,"Internal"
https://2rdoc.pt/ig/ios-lifestyle-medicine/ValueSet/mindfulness-outcome-vs,0.1.0,active,,MindfulnessOutcomeVS,Mindfulness Outcomes Value Set,"Value set for mindfulness practice outcomes",,"SCT,Internal"
https://2rdoc.pt/ig/ios-lifestyle-medicine/ValueSet/mindfulness-qualifier-vs,0.1.0,active,,MindfulnessQualifierVS,Mindfulness Practice Qualifiers Value Set,"Value set for mindfulness practice qualifiers",,"SCT,Internal"
https://2rdoc.pt/ig/ios-lifestyle-medicine/ValueSet/mindfulness-type,0.1.0,active,,MindfulnessTypeValueSet,Mindfulness Type Value Set,"Value set for types of mindfulness practices",,"Internal"
https://2rdoc.pt/ig/ios-lifestyle-medicine/ValueSet/mindfulness-type-vs,0.1.0,active,,MindfulnessTypeVS,Mindfulness Practice Types Value Set,"Value set of mindfulness practice types",,"Internal"
https://2rdoc.pt/ig/ios-lifestyle-medicine/ValueSet/mobility-alert-level-vs,0.1.0,active,,MobilityAlertLevelVS,Mobility Alert Level Value Set,"Value set for mobility measurement alert levels used to categorize the severity of mobility changes or concerns",,"Internal"
https://2rdoc.pt/ig/ios-lifestyle-medicine/ValueSet/mobility-decline-outcomes,0.1.0,active,,MobilityDeclineOutcomesValueSet,Mobility Decline Outcomes Value Set,"Value set for mobility decline assessment outcomes",,"Other"
https://2rdoc.pt/ig/ios-lifestyle-medicine/ValueSet/mood,0.1.0,active,,MoodValueSet,Mood Value Set,"Value set for mood states",,"Internal"
https://2rdoc.pt/ig/ios-lifestyle-medicine/ValueSet/nutrition-data-source-vs,0.1.0,active,,NutritionDataSourceVS,Nutrition Data Source Value Set,"Value set for nutrition data sources",,"Internal"
https://2rdoc.pt/ig/ios-lifestyle-medicine/ValueSet/ovulation-test-vs,0.1.0,active,,OvulationTestValueSet,Ovulation Test Value Set,"Value set for ovulation test results",,"Internal"
https://2rdoc.pt/ig/ios-lifestyle-medicine/ValueSet/physical-activity-type-vs,0.1.0,active,,PhysicalActivityTypeVS,Physical Activity Types Value Set,"Types of physical activities from iOS Health App",,"SCT"
https://2rdoc.pt/ig/ios-lifestyle-medicine/ValueSet/practitioner-identifier-vs,0.1.0,active,,PractitionerIdentifierVS,Practitioner Identifier Value Set,"Value set para identificadores de practitioners",,"Internal"
https://2rdoc.pt/ig/ios-lifestyle-medicine/ValueSet/regulatory-framework-vs,0.1.0,active,,RegulatoryFrameworkVS,Regulatory Framework Value Set,"Regulatory frameworks for healthcare data protection",,"Internal"
https://2rdoc.pt/ig/ios-lifestyle-medicine/ValueSet/risk-level,0.1.0,active,,RiskLevelValueSet,Risk Level Value Set,"Value set for general risk levels",,"Other"
https://2rdoc.pt/ig/ios-lifestyle-medicine/ValueSet/social-activity-vs,0.1.0,active,,SocialActivityVS,Social Activity Value Set,"Value set for types of social activities",,"Internal"
https://2rdoc.pt/ig/ios-lifestyle-medicine/ValueSet/social-context-vs,0.1.0,active,,SocialContextVS,Social Context Value Set,"Value set for social interaction contexts",,"Internal"
https://2rdoc.pt/ig/ios-lifestyle-medicine/ValueSet/social-history-activity-vs,0.1.0,active,,ReproductiveActivityVS,Reproductive Health Activities Value Set,"Activities related to social-history health monitoring",,"Internal"
https://2rdoc.pt/ig/ios-lifestyle-medicine/ValueSet/social-history-goal-vs,0.1.0,active,,ReproductiveGoalVS,Reproductive Health Goals Value Set,"Goals related to social-history health tracking and planning",,"SCT,LOINC"
https://2rdoc.pt/ig/ios-lifestyle-medicine/ValueSet/social-interaction-medium-vs,0.1.0,active,,SocialInteractionMediumVS,Social Interaction Medium Value Set,"Mediums through which social interaction occurs",,"Internal"
https://2rdoc.pt/ig/ios-lifestyle-medicine/ValueSet/social-interaction-quality-vs,0.1.0,active,,SocialInteractionQualityVS,Social Interaction Quality Value Set,"Quality measures for social interactions",,"Internal"
https://2rdoc.pt/ig/ios-lifestyle-medicine/ValueSet/social-interaction-type-vs,0.1.0,active,,SocialInteractionTypeVS,Social Interaction Type Value Set,"Types of social interactions",,"Internal"
https://2rdoc.pt/ig/ios-lifestyle-medicine/ValueSet/social-support-vs,0.1.0,active,,SocialSupportVS,Social Support Value Set,"Value set for levels of social support",,"Internal"
https://2rdoc.pt/ig/ios-lifestyle-medicine/ValueSet/stress-chronicity-vs,0.1.0,active,,StressChronicityVS,Stress Chronicity Value Set,"Value set for classifying stress chronicity",,"Internal"
https://2rdoc.pt/ig/ios-lifestyle-medicine/ValueSet/stress-coping-vs,0.1.0,active,,StressCopingVS,Stress Coping Value Set,"Value set for stress coping mechanisms",,"Internal"
https://2rdoc.pt/ig/ios-lifestyle-medicine/ValueSet/stress-impact-vs,0.1.0,active,,StressImpactVS,Stress Impact Value Set,"Value set for describing stress impact levels",,"Internal"
https://2rdoc.pt/ig/ios-lifestyle-medicine/ValueSet/stress-triggers-vs,0.1.0,active,,StressTriggersVS,Stress Triggers Value Set,"Value set for common stress triggers",,"Internal"
https://2rdoc.pt/ig/ios-lifestyle-medicine/ValueSet/symptom-frequency-vs,0.1.0,active,,SymptomFrequencyVS,Symptom Frequency Value Set,"Frequency patterns for symptoms",,"Internal"
https://2rdoc.pt/ig/ios-lifestyle-medicine/ValueSet/symptom-impact-vs,0.1.0,active,,SymptomImpactVS,Symptom Impact Value Set,"Impact levels for symptoms",,"Internal"
https://2rdoc.pt/ig/ios-lifestyle-medicine/ValueSet/symptom-progression-vs,0.1.0,active,,SymptomProgressionVS,Symptom Progression Value Set,"Progression patterns for symptoms",,"SCT"
https://2rdoc.pt/ig/ios-lifestyle-medicine/ValueSet/time-of-day-vs,0.1.0,active,,TimeOfDayVS,Time of Day Value Set,"Times of day for symptom occurrence",,"SCT"
