<?xml version="1.0" encoding="UTF-8"?>

<Bundle xmlns="http://hl7.org/fhir">
  <id value="a342b3b6-7914-4bb6-8c2b-8aa6499003fe"/>
  <meta>
    <lastUpdated value="2024-12-26T10:45:41.734+00:00"/>
  </meta>
  <type value="collection"/>
  <entry>
    <fullUrl value="https://github.com/RicardoLSantos/shorthand/ValueSet/environment-type-vs"/>
    <resource>
      <ValueSet>
        <text>
          <status value="generated"/>
          <div xmlns="http://www.w3.org/1999/xhtml">
            <p class="res-header-id">
              <b>Generated Narrative: ValueSet </b>
            </p>
            <p style="border: black 1px dotted; background-color: #EEEEEE; padding: 8px; margin-bottom: 8px">Expansion based on 
              <a href="CodeSystem-environment-type-cs.html">codesystem Practice Environment Types v0.1.0 (CodeSystem)</a>
            </p>
            <p>This value set contains 4 concepts</p>
            <table class="codes">
              <tr>
                <td style="white-space:nowrap">
                  <b>Code</b>
                </td>
                <td>
                  <b>System</b>
                </td>
                <td>
                  <b>Display</b>
                </td>
                <td>
                  <b>Definition</b>
                </td>
              </tr>
              <tr>
                <td style="white-space:nowrap">
                  <a name="x-https://github.com/RicardoLSantos/shorthand/CodeSystem/environment-type-cs-indoor"> </a>  
                  <a href="CodeSystem-environment-type-cs.html#environment-type-cs-indoor">indoor</a>
                </td>
                <td>https://github.com/RicardoLSantos/shorthand/CodeSystem/environment-type-cs</td>
                <td>Indoor</td>
                <td>
                  <div>
                    <p>Indoor environment</p>

                  </div>
                </td>
              </tr>
              <tr>
                <td style="white-space:nowrap">
                  <a name="x-https://github.com/RicardoLSantos/shorthand/CodeSystem/environment-type-cs-outdoor"> </a>  
                  <a href="CodeSystem-environment-type-cs.html#environment-type-cs-outdoor">outdoor</a>
                </td>
                <td>https://github.com/RicardoLSantos/shorthand/CodeSystem/environment-type-cs</td>
                <td>Outdoor</td>
                <td>
                  <div>
                    <p>Outdoor environment</p>

                  </div>
                </td>
              </tr>
              <tr>
                <td style="white-space:nowrap">
                  <a name="x-https://github.com/RicardoLSantos/shorthand/CodeSystem/environment-type-cs-quiet"> </a>  
                  <a href="CodeSystem-environment-type-cs.html#environment-type-cs-quiet">quiet</a>
                </td>
                <td>https://github.com/RicardoLSantos/shorthand/CodeSystem/environment-type-cs</td>
                <td>Quiet Space</td>
                <td>
                  <div>
                    <p>Quiet or silent environment</p>

                  </div>
                </td>
              </tr>
              <tr>
                <td style="white-space:nowrap">
                  <a name="x-https://github.com/RicardoLSantos/shorthand/CodeSystem/environment-type-cs-group"> </a>  
                  <a href="CodeSystem-environment-type-cs.html#environment-type-cs-group">group</a>
                </td>
                <td>https://github.com/RicardoLSantos/shorthand/CodeSystem/environment-type-cs</td>
                <td>Group Setting</td>
                <td>
                  <div>
                    <p>Group practice environment</p>

                  </div>
                </td>
              </tr>
            </table>
          </div>
        </text>
        <url value="https://github.com/RicardoLSantos/shorthand/ValueSet/environment-type-vs"/>
        <version value="0.1.0"/>
        <name value="EnvironmentTypeVS"/>
        <title value="Practice Environment Types Value Set"/>
        <status value="draft"/>
        <experimental value="false"/>
        <date value="2024-12-26T10:45:41+00:00"/>
        <expansion>
          <identifier value="urn:uuid:59104ec9-eaae-472d-bbb4-d9585f493473"/>
          <timestamp value="2024-12-26T10:46:45+00:00"/>
          <total value="4"/>
          <offset value="0"/>
          <parameter>
            <name value="count"/>
            <valueInteger value="1000"/>
          </parameter>
          <parameter>
            <name value="offset"/>
            <valueInteger value="0"/>
          </parameter>
          <parameter>
            <name value="excludeNested"/>
            <valueBoolean value="false"/>
          </parameter>
          <parameter>
            <name value="used-codesystem"/>
            <valueUri value="https://github.com/RicardoLSantos/shorthand/CodeSystem/environment-type-cs|0.1.0"/>
          </parameter>
          <contains>
            <system value="https://github.com/RicardoLSantos/shorthand/CodeSystem/environment-type-cs"/>
            <code value="indoor"/>
            <display value="Indoor"/>
          </contains>
          <contains>
            <system value="https://github.com/RicardoLSantos/shorthand/CodeSystem/environment-type-cs"/>
            <code value="outdoor"/>
            <display value="Outdoor"/>
          </contains>
          <contains>
            <system value="https://github.com/RicardoLSantos/shorthand/CodeSystem/environment-type-cs"/>
            <code value="quiet"/>
            <display value="Quiet Space"/>
          </contains>
          <contains>
            <system value="https://github.com/RicardoLSantos/shorthand/CodeSystem/environment-type-cs"/>
            <code value="group"/>
            <display value="Group Setting"/>
          </contains>
        </expansion>
      </ValueSet>
    </resource>
  </entry>
  <entry>
    <fullUrl value="https://github.com/RicardoLSantos/shorthand/ValueSet/measurement-conditions-vs"/>
    <resource>
      <ValueSet>
        <text>
          <status value="generated"/>
          <div xmlns="http://www.w3.org/1999/xhtml">
            <p class="res-header-id">
              <b>Generated Narrative: ValueSet </b>
            </p>
            <p style="border: black 1px dotted; background-color: #EEEEEE; padding: 8px; margin-bottom: 8px">Expansion based on SNOMED CT International edition 01-ago. 2024</p>
            <p>This value set contains 5 concepts</p>
            <table class="codes">
              <tr>
                <td style="white-space:nowrap">
                  <b>Code</b>
                </td>
                <td>
                  <b>System</b>
                </td>
                <td>
                  <b>Display</b>
                </td>
              </tr>
              <tr>
                <td style="white-space:nowrap">
                  <a name="x-http://snomed.info/sct-307818003"> </a>  
                  <a href="http://snomed.info/id/307818003">307818003</a>
                </td>
                <td>http://snomed.info/sct</td>
                <td>Weight monitoring</td>
              </tr>
              <tr>
                <td style="white-space:nowrap">
                  <a name="x-http://snomed.info/sct-307819006"> </a>  
                  <a href="http://snomed.info/id/307819006">307819006</a>
                </td>
                <td>http://snomed.info/sct</td>
                <td>Arthroplasty of knee without cement</td>
              </tr>
              <tr>
                <td style="white-space:nowrap">
                  <a name="x-http://snomed.info/sct-307820000"> </a>  
                  <a href="http://snomed.info/id/307820000">307820000</a>
                </td>
                <td>http://snomed.info/sct</td>
                <td>Tarsometatarsal arthrodesis</td>
              </tr>
              <tr>
                <td style="white-space:nowrap">
                  <a name="x-http://snomed.info/sct-255203001"> </a>  
                  <a href="http://snomed.info/id/255203001">255203001</a>
                </td>
                <td>http://snomed.info/sct</td>
                <td>Additional values</td>
              </tr>
              <tr>
                <td style="white-space:nowrap">
                  <a name="x-http://snomed.info/sct-309604004"> </a>  
                  <a href="http://snomed.info/id/309604004">309604004</a>
                </td>
                <td>http://snomed.info/sct</td>
                <td>During exercise</td>
              </tr>
            </table>
          </div>
        </text>
        <url value="https://github.com/RicardoLSantos/shorthand/ValueSet/measurement-conditions-vs"/>
        <version value="0.1.0"/>
        <name value="MeasurementConditionsVS"/>
        <title value="Measurement Conditions Value Set"/>
        <status value="draft"/>
        <date value="2024-12-26T10:45:41+00:00"/>
        <expansion>
          <identifier value="urn:uuid:f3469626-288c-4f8d-87a5-9f0da73e3d00"/>
          <timestamp value="2024-12-26T10:46:45+00:00"/>
          <total value="5"/>
          <offset value="0"/>
          <parameter>
            <name value="count"/>
            <valueInteger value="1000"/>
          </parameter>
          <parameter>
            <name value="offset"/>
            <valueInteger value="0"/>
          </parameter>
          <parameter>
            <name value="excludeNested"/>
            <valueBoolean value="false"/>
          </parameter>
          <parameter>
            <name value="used-valueset"/>
            <valueUri value="null"/>
          </parameter>
          <parameter>
            <name value="used-codesystem"/>
            <valueUri value="http://snomed.info/sct|http://snomed.info/sct/900000000000207008/version/20240801"/>
          </parameter>
          <parameter>
            <name value="version"/>
            <valueUri value="http://snomed.info/sct|http://snomed.info/sct/900000000000207008/version/20240801"/>
          </parameter>
          <contains>
            <system value="http://snomed.info/sct"/>
            <code value="307818003"/>
            <display value="Weight monitoring"/>
          </contains>
          <contains>
            <system value="http://snomed.info/sct"/>
            <code value="307819006"/>
            <display value="Arthroplasty of knee without cement"/>
          </contains>
          <contains>
            <system value="http://snomed.info/sct"/>
            <code value="307820000"/>
            <display value="Tarsometatarsal arthrodesis"/>
          </contains>
          <contains>
            <system value="http://snomed.info/sct"/>
            <code value="255203001"/>
            <display value="Additional values"/>
          </contains>
          <contains>
            <system value="http://snomed.info/sct"/>
            <code value="309604004"/>
            <display value="During exercise"/>
          </contains>
        </expansion>
      </ValueSet>
    </resource>
  </entry>
  <entry>
    <fullUrl value="https://github.com/RicardoLSantos/shorthand/ValueSet/measurement-context-vital-signs"/>
    <resource>
      <ValueSet>
        <text>
          <status value="generated"/>
          <div xmlns="http://www.w3.org/1999/xhtml">
            <p class="res-header-id">
              <b>Generated Narrative: ValueSet </b>
            </p>
            <p style="border: black 1px dotted; background-color: #EEEEEE; padding: 8px; margin-bottom: 8px">Expansion based on SNOMED CT International edition 01-ago. 2024</p>
            <p>This value set contains 3 concepts</p>
            <table class="codes">
              <tr>
                <td style="white-space:nowrap">
                  <b>Code</b>
                </td>
                <td>
                  <b>System</b>
                </td>
                <td>
                  <b>Display</b>
                </td>
              </tr>
              <tr>
                <td style="white-space:nowrap">
                  <a name="x-http://snomed.info/sct-255214003"> </a>  
                  <a href="http://snomed.info/id/255214003">255214003</a>
                </td>
                <td>http://snomed.info/sct</td>
                <td>After exercise</td>
              </tr>
              <tr>
                <td style="white-space:nowrap">
                  <a name="x-http://snomed.info/sct-309604004"> </a>  
                  <a href="http://snomed.info/id/309604004">309604004</a>
                </td>
                <td>http://snomed.info/sct</td>
                <td>During exercise</td>
              </tr>
              <tr>
                <td style="white-space:nowrap">
                  <a name="x-http://snomed.info/sct-309605003"> </a>  
                  <a href="http://snomed.info/id/309605003">309605003</a>
                </td>
                <td>http://snomed.info/sct</td>
                <td>Temporal periods relating to menopause</td>
              </tr>
            </table>
          </div>
        </text>
        <url value="https://github.com/RicardoLSantos/shorthand/ValueSet/measurement-context-vital-signs"/>
        <version value="0.1.0"/>
        <name value="MeasurementContextVitalSigns"/>
        <title value="Measurement Context Value Set"/>
        <status value="draft"/>
        <date value="2024-12-26T10:45:41+00:00"/>
        <expansion>
          <identifier value="urn:uuid:66d3cc8a-65c1-47b3-aa06-d1e5646b2c85"/>
          <timestamp value="2024-12-26T10:46:45+00:00"/>
          <total value="3"/>
          <offset value="0"/>
          <parameter>
            <name value="count"/>
            <valueInteger value="1000"/>
          </parameter>
          <parameter>
            <name value="offset"/>
            <valueInteger value="0"/>
          </parameter>
          <parameter>
            <name value="excludeNested"/>
            <valueBoolean value="false"/>
          </parameter>
          <parameter>
            <name value="used-valueset"/>
            <valueUri value="null"/>
          </parameter>
          <parameter>
            <name value="used-codesystem"/>
            <valueUri value="http://snomed.info/sct|http://snomed.info/sct/900000000000207008/version/20240801"/>
          </parameter>
          <parameter>
            <name value="version"/>
            <valueUri value="http://snomed.info/sct|http://snomed.info/sct/900000000000207008/version/20240801"/>
          </parameter>
          <contains>
            <system value="http://snomed.info/sct"/>
            <code value="255214003"/>
            <display value="After exercise"/>
          </contains>
          <contains>
            <system value="http://snomed.info/sct"/>
            <code value="309604004"/>
            <display value="During exercise"/>
          </contains>
          <contains>
            <system value="http://snomed.info/sct"/>
            <code value="309605003"/>
            <display value="Temporal periods relating to menopause"/>
          </contains>
        </expansion>
      </ValueSet>
    </resource>
  </entry>
  <entry>
    <fullUrl value="https://github.com/RicardoLSantos/shorthand/ValueSet/measurement-context-vs"/>
    <resource>
      <ValueSet>
        <text>
          <status value="generated"/>
          <div xmlns="http://www.w3.org/1999/xhtml">
            <p class="res-header-id">
              <b>Generated Narrative: ValueSet </b>
            </p>
            <p style="border: black 1px dotted; background-color: #EEEEEE; padding: 8px; margin-bottom: 8px">Expansion based on SNOMED CT International edition 01-ago. 2024</p>
            <p>This value set contains 5 concepts</p>
            <table class="codes">
              <tr>
                <td style="white-space:nowrap">
                  <b>Code</b>
                </td>
                <td>
                  <b>System</b>
                </td>
                <td>
                  <b>Display</b>
                </td>
              </tr>
              <tr>
                <td style="white-space:nowrap">
                  <a name="x-http://snomed.info/sct-272125009"> </a>  
                  <a href="http://snomed.info/id/272125009">272125009</a>
                </td>
                <td>http://snomed.info/sct</td>
                <td>Priorities</td>
              </tr>
              <tr>
                <td style="white-space:nowrap">
                  <a name="x-http://snomed.info/sct-307818003"> </a>  
                  <a href="http://snomed.info/id/307818003">307818003</a>
                </td>
                <td>http://snomed.info/sct</td>
                <td>Weight monitoring</td>
              </tr>
              <tr>
                <td style="white-space:nowrap">
                  <a name="x-http://snomed.info/sct-307819006"> </a>  
                  <a href="http://snomed.info/id/307819006">307819006</a>
                </td>
                <td>http://snomed.info/sct</td>
                <td>Arthroplasty of knee without cement</td>
              </tr>
              <tr>
                <td style="white-space:nowrap">
                  <a name="x-http://snomed.info/sct-255214003"> </a>  
                  <a href="http://snomed.info/id/255214003">255214003</a>
                </td>
                <td>http://snomed.info/sct</td>
                <td>After exercise</td>
              </tr>
              <tr>
                <td style="white-space:nowrap">
                  <a name="x-http://snomed.info/sct-264362003"> </a>  
                  <a href="http://snomed.info/id/264362003">264362003</a>
                </td>
                <td>http://snomed.info/sct</td>
                <td>Dwelling</td>
              </tr>
            </table>
          </div>
        </text>
        <url value="https://github.com/RicardoLSantos/shorthand/ValueSet/measurement-context-vs"/>
        <version value="0.1.0"/>
        <name value="MeasurementContextVS"/>
        <title value="Measurement Context Value Set"/>
        <status value="active"/>
        <experimental value="false"/>
        <date value="2024-12-26T10:45:41+00:00"/>
        <expansion>
          <identifier value="urn:uuid:a7a94207-dfbd-4747-831d-3c318b20ceb2"/>
          <timestamp value="2024-12-26T10:46:45+00:00"/>
          <total value="5"/>
          <offset value="0"/>
          <parameter>
            <name value="count"/>
            <valueInteger value="1000"/>
          </parameter>
          <parameter>
            <name value="offset"/>
            <valueInteger value="0"/>
          </parameter>
          <parameter>
            <name value="excludeNested"/>
            <valueBoolean value="false"/>
          </parameter>
          <parameter>
            <name value="used-valueset"/>
            <valueUri value="null"/>
          </parameter>
          <parameter>
            <name value="used-codesystem"/>
            <valueUri value="http://snomed.info/sct|http://snomed.info/sct/900000000000207008/version/20240801"/>
          </parameter>
          <parameter>
            <name value="version"/>
            <valueUri value="http://snomed.info/sct|http://snomed.info/sct/900000000000207008/version/20240801"/>
          </parameter>
          <contains>
            <system value="http://snomed.info/sct"/>
            <code value="272125009"/>
            <display value="Priorities"/>
          </contains>
          <contains>
            <system value="http://snomed.info/sct"/>
            <code value="307818003"/>
            <display value="Weight monitoring"/>
          </contains>
          <contains>
            <system value="http://snomed.info/sct"/>
            <code value="307819006"/>
            <display value="Arthroplasty of knee without cement"/>
          </contains>
          <contains>
            <system value="http://snomed.info/sct"/>
            <code value="255214003"/>
            <display value="After exercise"/>
          </contains>
          <contains>
            <system value="http://snomed.info/sct"/>
            <code value="264362003"/>
            <display value="Dwelling"/>
          </contains>
        </expansion>
      </ValueSet>
    </resource>
  </entry>
  <entry>
    <fullUrl value="https://github.com/RicardoLSantos/shorthand/ValueSet/measurement-device-type-vs"/>
    <resource>
      <ValueSet>
        <text>
          <status value="generated"/>
          <div xmlns="http://www.w3.org/1999/xhtml">
            <p class="res-header-id">
              <b>Generated Narrative: ValueSet </b>
            </p>
            <p style="border: black 1px dotted; background-color: #EEEEEE; padding: 8px; margin-bottom: 8px">Expansion based on SNOMED CT International edition 01-ago. 2024</p>
            <p>This value set contains 3 concepts</p>
            <table class="codes">
              <tr>
                <td style="white-space:nowrap">
                  <b>Code</b>
                </td>
                <td>
                  <b>System</b>
                </td>
                <td>
                  <b>Display</b>
                </td>
                <td>
                  <b>Inactive</b>
                </td>
              </tr>
              <tr>
                <td style="white-space:nowrap">
                  <a name="x-http://snomed.info/sct-706767009"> </a>  
                  <a href="http://snomed.info/id/706767009">706767009</a>
                </td>
                <td>http://snomed.info/sct</td>
                <td>Patient data recorder</td>
                <td/>
              </tr>
              <tr>
                <td style="white-space:nowrap">
                  <a name="x-http://snomed.info/sct-444699000"> </a>  
                  <a href="http://snomed.info/id/444699000">444699000</a>
                </td>
                <td>http://snomed.info/sct</td>
                <td>Medullary cystic kidney disease type 1 (disorder)</td>
                <td>inactive</td>
              </tr>
              <tr>
                <td style="white-space:nowrap">
                  <a name="x-http://snomed.info/sct-44056008"> </a>  
                  <a href="http://snomed.info/id/44056008">44056008</a>
                </td>
                <td>http://snomed.info/sct</td>
                <td>Caliper</td>
                <td/>
              </tr>
            </table>
          </div>
        </text>
        <url value="https://github.com/RicardoLSantos/shorthand/ValueSet/measurement-device-type-vs"/>
        <version value="0.1.0"/>
        <name value="MeasurementDeviceTypeVS"/>
        <title value="Measurement Device Type Value Set"/>
        <status value="draft"/>
        <date value="2024-12-26T10:45:41+00:00"/>
        <expansion>
          <identifier value="urn:uuid:2ad84e9e-6931-4eb3-9e81-b1b4351f15cf"/>
          <timestamp value="2024-12-26T10:46:45+00:00"/>
          <total value="3"/>
          <offset value="0"/>
          <parameter>
            <name value="count"/>
            <valueInteger value="1000"/>
          </parameter>
          <parameter>
            <name value="offset"/>
            <valueInteger value="0"/>
          </parameter>
          <parameter>
            <name value="excludeNested"/>
            <valueBoolean value="false"/>
          </parameter>
          <parameter>
            <name value="used-valueset"/>
            <valueUri value="null"/>
          </parameter>
          <parameter>
            <name value="used-codesystem"/>
            <valueUri value="http://snomed.info/sct|http://snomed.info/sct/900000000000207008/version/20240801"/>
          </parameter>
          <parameter>
            <name value="version"/>
            <valueUri value="http://snomed.info/sct|http://snomed.info/sct/900000000000207008/version/20240801"/>
          </parameter>
          <contains>
            <system value="http://snomed.info/sct"/>
            <code value="706767009"/>
            <display value="Patient data recorder"/>
          </contains>
          <contains>
            <system value="http://snomed.info/sct"/>
            <inactive value="true"/>
            <code value="444699000"/>
            <display value="Medullary cystic kidney disease type 1 (disorder)"/>
          </contains>
          <contains>
            <system value="http://snomed.info/sct"/>
            <code value="44056008"/>
            <display value="Caliper"/>
          </contains>
        </expansion>
      </ValueSet>
    </resource>
  </entry>
  <entry>
    <fullUrl value="https://github.com/RicardoLSantos/shorthand/ValueSet/measurement-quality-vs"/>
    <resource>
      <ValueSet>
        <text>
          <status value="generated"/>
          <div xmlns="http://www.w3.org/1999/xhtml">
            <p class="res-header-id">
              <b>Generated Narrative: ValueSet </b>
            </p>
            <p style="border: black 1px dotted; background-color: #EEEEEE; padding: 8px; margin-bottom: 8px">Expansion based on SNOMED CT International edition 01-ago. 2024</p>
            <p>This value set contains 3 concepts</p>
            <table class="codes">
              <tr>
                <td style="white-space:nowrap">
                  <b>Code</b>
                </td>
                <td>
                  <b>System</b>
                </td>
                <td>
                  <b>Display</b>
                </td>
              </tr>
              <tr>
                <td style="white-space:nowrap">
                  <a name="x-http://snomed.info/sct-723510000"> </a>  
                  <a href="http://snomed.info/id/723510000">723510000</a>
                </td>
                <td>http://snomed.info/sct</td>
                <td>Entered in error (qualifier value)</td>
              </tr>
              <tr>
                <td style="white-space:nowrap">
                  <a name="x-http://snomed.info/sct-723511001"> </a>  
                  <a href="http://snomed.info/id/723511001">723511001</a>
                </td>
                <td>http://snomed.info/sct</td>
                <td>Refuted (qualifier value)</td>
              </tr>
              <tr>
                <td style="white-space:nowrap">
                  <a name="x-http://snomed.info/sct-723512008"> </a>  
                  <a href="http://snomed.info/id/723512008">723512008</a>
                </td>
                <td>http://snomed.info/sct</td>
                <td>Revesz syndrome (disorder)</td>
              </tr>
            </table>
          </div>
        </text>
        <url value="https://github.com/RicardoLSantos/shorthand/ValueSet/measurement-quality-vs"/>
        <version value="0.1.0"/>
        <name value="MeasurementQualityVS"/>
        <title value="Measurement Quality Value Set"/>
        <status value="draft"/>
        <date value="2024-12-26T10:45:41+00:00"/>
        <expansion>
          <identifier value="urn:uuid:cfbb4b36-1892-47d7-ab9b-87bc087f1ce9"/>
          <timestamp value="2024-12-26T10:46:45+00:00"/>
          <total value="3"/>
          <offset value="0"/>
          <parameter>
            <name value="count"/>
            <valueInteger value="1000"/>
          </parameter>
          <parameter>
            <name value="offset"/>
            <valueInteger value="0"/>
          </parameter>
          <parameter>
            <name value="excludeNested"/>
            <valueBoolean value="false"/>
          </parameter>
          <parameter>
            <name value="used-valueset"/>
            <valueUri value="null"/>
          </parameter>
          <parameter>
            <name value="used-codesystem"/>
            <valueUri value="http://snomed.info/sct|http://snomed.info/sct/900000000000207008/version/20240801"/>
          </parameter>
          <parameter>
            <name value="version"/>
            <valueUri value="http://snomed.info/sct|http://snomed.info/sct/900000000000207008/version/20240801"/>
          </parameter>
          <contains>
            <system value="http://snomed.info/sct"/>
            <code value="723510000"/>
            <display value="Entered in error (qualifier value)"/>
          </contains>
          <contains>
            <system value="http://snomed.info/sct"/>
            <code value="723511001"/>
            <display value="Refuted (qualifier value)"/>
          </contains>
          <contains>
            <system value="http://snomed.info/sct"/>
            <code value="723512008"/>
            <display value="Revesz syndrome (disorder)"/>
          </contains>
        </expansion>
      </ValueSet>
    </resource>
  </entry>
  <entry>
    <fullUrl value="https://github.com/RicardoLSantos/shorthand/ValueSet/mindfulness-outcome-vs"/>
    <resource>
      <ValueSet>
        <text>
          <status value="generated"/>
          <div xmlns="http://www.w3.org/1999/xhtml">
            <p class="res-header-id">
              <b>Generated Narrative: ValueSet </b>
            </p>
            <div style="border: black 1px dotted; background-color: #EEEEEE; padding: 8px; margin-bottom: 8px">
              <p>Expansion based on:</p>
              <ul>
                <li>SNOMED CT International edition 01-ago. 2024</li>
                <li>
                  <a href="CodeSystem-mindfulness-outcome-cs.html">codesystem Mindfulness Outcomes v0.1.0 (CodeSystem)</a>
                </li>
              </ul>
            </div>
            <p>This value set contains 7 concepts</p>
            <table class="codes">
              <tr>
                <td style="white-space:nowrap">
                  <b>Code</b>
                </td>
                <td>
                  <b>System</b>
                </td>
                <td>
                  <b>Display</b>
                </td>
                <td>
                  <b>Definition</b>
                </td>
              </tr>
              <tr>
                <td style="white-space:nowrap">
                  <a name="x-https://github.com/RicardoLSantos/shorthand/CodeSystem/mindfulness-outcome-cs-increasedAwareness"> </a>  
                  <a href="CodeSystem-mindfulness-outcome-cs.html#mindfulness-outcome-cs-increasedAwareness">increasedAwareness</a>
                </td>
                <td>https://github.com/RicardoLSantos/shorthand/CodeSystem/mindfulness-outcome-cs</td>
                <td>Increased Awareness</td>
                <td>
                  <div>
                    <p>Greater awareness of thoughts and sensations</p>

                  </div>
                </td>
              </tr>
              <tr>
                <td style="white-space:nowrap">
                  <a name="x-https://github.com/RicardoLSantos/shorthand/CodeSystem/mindfulness-outcome-cs-improvedFocus"> </a>  
                  <a href="CodeSystem-mindfulness-outcome-cs.html#mindfulness-outcome-cs-improvedFocus">improvedFocus</a>
                </td>
                <td>https://github.com/RicardoLSantos/shorthand/CodeSystem/mindfulness-outcome-cs</td>
                <td>Improved Focus</td>
                <td>
                  <div>
                    <p>Enhanced ability to concentrate</p>

                  </div>
                </td>
              </tr>
              <tr>
                <td style="white-space:nowrap">
                  <a name="x-https://github.com/RicardoLSantos/shorthand/CodeSystem/mindfulness-outcome-cs-stressReduction"> </a>  
                  <a href="CodeSystem-mindfulness-outcome-cs.html#mindfulness-outcome-cs-stressReduction">stressReduction</a>
                </td>
                <td>https://github.com/RicardoLSantos/shorthand/CodeSystem/mindfulness-outcome-cs</td>
                <td>Stress Reduction</td>
                <td>
                  <div>
                    <p>Decreased levels of stress and tension</p>

                  </div>
                </td>
              </tr>
              <tr>
                <td style="white-space:nowrap">
                  <a name="x-https://github.com/RicardoLSantos/shorthand/CodeSystem/mindfulness-outcome-cs-emotionalBalance"> </a>  
                  <a href="CodeSystem-mindfulness-outcome-cs.html#mindfulness-outcome-cs-emotionalBalance">emotionalBalance</a>
                </td>
                <td>https://github.com/RicardoLSantos/shorthand/CodeSystem/mindfulness-outcome-cs</td>
                <td>Emotional Balance</td>
                <td>
                  <div>
                    <p>Better emotional regulation</p>

                  </div>
                </td>
              </tr>
              <tr>
                <td style="white-space:nowrap">
                  <a name="x-https://github.com/RicardoLSantos/shorthand/CodeSystem/mindfulness-outcome-cs-improvedSleep"> </a>  
                  <a href="CodeSystem-mindfulness-outcome-cs.html#mindfulness-outcome-cs-improvedSleep">improvedSleep</a>
                </td>
                <td>https://github.com/RicardoLSantos/shorthand/CodeSystem/mindfulness-outcome-cs</td>
                <td>Improved Sleep</td>
                <td>
                  <div>
                    <p>Enhanced sleep quality</p>

                  </div>
                </td>
              </tr>
              <tr>
                <td style="white-space:nowrap">
                  <a name="x-http://snomed.info/sct-365949003"> </a>  
                  <a href="http://snomed.info/id/365949003">365949003</a>
                </td>
                <td>http://snomed.info/sct</td>
                <td>Health-related behavior finding</td>
                <td>
                  <div/>
                </td>
              </tr>
              <tr>
                <td style="white-space:nowrap">
                  <a name="x-http://snomed.info/sct-373931001"> </a>  
                  <a href="http://snomed.info/id/373931001">373931001</a>
                </td>
                <td>http://snomed.info/sct</td>
                <td>Sensation of heaviness in limbs (finding)</td>
                <td>
                  <div/>
                </td>
              </tr>
            </table>
          </div>
        </text>
        <url value="https://github.com/RicardoLSantos/shorthand/ValueSet/mindfulness-outcome-vs"/>
        <version value="0.1.0"/>
        <name value="MindfulnessOutcomeVS"/>
        <title value="Mindfulness Outcomes Value Set"/>
        <status value="draft"/>
        <experimental value="false"/>
        <date value="2024-12-26T10:45:41+00:00"/>
        <expansion>
          <identifier value="urn:uuid:f8e3044c-637e-404b-9486-9b57d47517b8"/>
          <timestamp value="2024-12-26T10:46:45+00:00"/>
          <total value="7"/>
          <offset value="0"/>
          <parameter>
            <name value="count"/>
            <valueInteger value="1000"/>
          </parameter>
          <parameter>
            <name value="offset"/>
            <valueInteger value="0"/>
          </parameter>
          <parameter>
            <name value="excludeNested"/>
            <valueBoolean value="false"/>
          </parameter>
          <parameter>
            <name value="used-codesystem"/>
            <valueUri value="https://github.com/RicardoLSantos/shorthand/CodeSystem/mindfulness-outcome-cs|0.1.0"/>
          </parameter>
          <parameter>
            <name value="used-valueset"/>
            <valueUri value="null"/>
          </parameter>
          <parameter>
            <name value="excludeNested"/>
            <valueBoolean value="true"/>
          </parameter>
          <parameter>
            <name value="used-codesystem"/>
            <valueUri value="http://snomed.info/sct|http://snomed.info/sct/900000000000207008/version/20240801"/>
          </parameter>
          <parameter>
            <name value="version"/>
            <valueUri value="http://snomed.info/sct|http://snomed.info/sct/900000000000207008/version/20240801"/>
          </parameter>
          <contains>
            <system value="https://github.com/RicardoLSantos/shorthand/CodeSystem/mindfulness-outcome-cs"/>
            <code value="increasedAwareness"/>
            <display value="Increased Awareness"/>
          </contains>
          <contains>
            <system value="https://github.com/RicardoLSantos/shorthand/CodeSystem/mindfulness-outcome-cs"/>
            <code value="improvedFocus"/>
            <display value="Improved Focus"/>
          </contains>
          <contains>
            <system value="https://github.com/RicardoLSantos/shorthand/CodeSystem/mindfulness-outcome-cs"/>
            <code value="stressReduction"/>
            <display value="Stress Reduction"/>
          </contains>
          <contains>
            <system value="https://github.com/RicardoLSantos/shorthand/CodeSystem/mindfulness-outcome-cs"/>
            <code value="emotionalBalance"/>
            <display value="Emotional Balance"/>
          </contains>
          <contains>
            <system value="https://github.com/RicardoLSantos/shorthand/CodeSystem/mindfulness-outcome-cs"/>
            <code value="improvedSleep"/>
            <display value="Improved Sleep"/>
          </contains>
          <contains>
            <system value="http://snomed.info/sct"/>
            <code value="365949003"/>
            <display value="Health-related behavior finding"/>
          </contains>
          <contains>
            <system value="http://snomed.info/sct"/>
            <code value="373931001"/>
            <display value="Sensation of heaviness in limbs (finding)"/>
          </contains>
        </expansion>
      </ValueSet>
    </resource>
  </entry>
  <entry>
    <fullUrl value="https://github.com/RicardoLSantos/shorthand/ValueSet/mindfulness-qualifier-vs"/>
    <resource>
      <ValueSet>
        <text>
          <status value="generated"/>
          <div xmlns="http://www.w3.org/1999/xhtml">
            <p class="res-header-id">
              <b>Generated Narrative: ValueSet </b>
            </p>
            <div style="border: black 1px dotted; background-color: #EEEEEE; padding: 8px; margin-bottom: 8px">
              <p>Expansion based on:</p>
              <ul>
                <li>SNOMED CT International edition 01-ago. 2024</li>
                <li>
                  <a href="CodeSystem-mindfulness-qualifier-cs.html">codesystem Mindfulness Practice Qualifiers v0.1.0 (CodeSystem)</a>
                </li>
              </ul>
            </div>
            <p>This value set contains 6 concepts</p>
            <table class="codes">
              <tr>
                <td style="white-space:nowrap">
                  <b>Code</b>
                </td>
                <td>
                  <b>System</b>
                </td>
                <td>
                  <b>Display</b>
                </td>
                <td>
                  <b>Definition</b>
                </td>
              </tr>
              <tr>
                <td style="white-space:nowrap">
                  <a name="x-https://github.com/RicardoLSantos/shorthand/CodeSystem/mindfulness-qualifier-cs-guided"> </a>  
                  <a href="CodeSystem-mindfulness-qualifier-cs.html#mindfulness-qualifier-cs-guided">guided</a>
                </td>
                <td>https://github.com/RicardoLSantos/shorthand/CodeSystem/mindfulness-qualifier-cs</td>
                <td>Guided Practice</td>
                <td>
                  <div>
                    <p>Practice with guidance or instruction</p>

                  </div>
                </td>
              </tr>
              <tr>
                <td style="white-space:nowrap">
                  <a name="x-https://github.com/RicardoLSantos/shorthand/CodeSystem/mindfulness-qualifier-cs-selfDirected"> </a>  
                  <a href="CodeSystem-mindfulness-qualifier-cs.html#mindfulness-qualifier-cs-selfDirected">selfDirected</a>
                </td>
                <td>https://github.com/RicardoLSantos/shorthand/CodeSystem/mindfulness-qualifier-cs</td>
                <td>Self-Directed</td>
                <td>
                  <div>
                    <p>Independent practice</p>

                  </div>
                </td>
              </tr>
              <tr>
                <td style="white-space:nowrap">
                  <a name="x-https://github.com/RicardoLSantos/shorthand/CodeSystem/mindfulness-qualifier-cs-group"> </a>  
                  <a href="CodeSystem-mindfulness-qualifier-cs.html#mindfulness-qualifier-cs-group">group</a>
                </td>
                <td>https://github.com/RicardoLSantos/shorthand/CodeSystem/mindfulness-qualifier-cs</td>
                <td>Group Practice</td>
                <td>
                  <div>
                    <p>Practice in group setting</p>

                  </div>
                </td>
              </tr>
              <tr>
                <td style="white-space:nowrap">
                  <a name="x-https://github.com/RicardoLSantos/shorthand/CodeSystem/mindfulness-qualifier-cs-individual"> </a>  
                  <a href="CodeSystem-mindfulness-qualifier-cs.html#mindfulness-qualifier-cs-individual">individual</a>
                </td>
                <td>https://github.com/RicardoLSantos/shorthand/CodeSystem/mindfulness-qualifier-cs</td>
                <td>Individual Practice</td>
                <td>
                  <div>
                    <p>Solo practice session</p>

                  </div>
                </td>
              </tr>
              <tr>
                <td style="white-space:nowrap">
                  <a name="x-http://snomed.info/sct-410534003"> </a>  
                  <a href="http://snomed.info/id/410534003">410534003</a>
                </td>
                <td>http://snomed.info/sct</td>
                <td>Not indicated (qualifier value)</td>
                <td>
                  <div/>
                </td>
              </tr>
              <tr>
                <td style="white-space:nowrap">
                  <a name="x-http://snomed.info/sct-225386006"> </a>  
                  <a href="http://snomed.info/id/225386006">225386006</a>
                </td>
                <td>http://snomed.info/sct</td>
                <td>Evaluating patient status for discharge</td>
                <td>
                  <div/>
                </td>
              </tr>
            </table>
          </div>
        </text>
        <url value="https://github.com/RicardoLSantos/shorthand/ValueSet/mindfulness-qualifier-vs"/>
        <version value="0.1.0"/>
        <name value="MindfulnessQualifierVS"/>
        <title value="Mindfulness Practice Qualifiers Value Set"/>
        <status value="draft"/>
        <experimental value="false"/>
        <date value="2024-12-26T10:45:41+00:00"/>
        <expansion>
          <identifier value="urn:uuid:a9595c9d-3e74-4e4f-8b14-e7a52d95a0c4"/>
          <timestamp value="2024-12-26T10:46:45+00:00"/>
          <total value="6"/>
          <offset value="0"/>
          <parameter>
            <name value="count"/>
            <valueInteger value="1000"/>
          </parameter>
          <parameter>
            <name value="offset"/>
            <valueInteger value="0"/>
          </parameter>
          <parameter>
            <name value="excludeNested"/>
            <valueBoolean value="false"/>
          </parameter>
          <parameter>
            <name value="used-codesystem"/>
            <valueUri value="https://github.com/RicardoLSantos/shorthand/CodeSystem/mindfulness-qualifier-cs|0.1.0"/>
          </parameter>
          <parameter>
            <name value="used-valueset"/>
            <valueUri value="null"/>
          </parameter>
          <parameter>
            <name value="excludeNested"/>
            <valueBoolean value="true"/>
          </parameter>
          <parameter>
            <name value="used-codesystem"/>
            <valueUri value="http://snomed.info/sct|http://snomed.info/sct/900000000000207008/version/20240801"/>
          </parameter>
          <parameter>
            <name value="version"/>
            <valueUri value="http://snomed.info/sct|http://snomed.info/sct/900000000000207008/version/20240801"/>
          </parameter>
          <contains>
            <system value="https://github.com/RicardoLSantos/shorthand/CodeSystem/mindfulness-qualifier-cs"/>
            <code value="guided"/>
            <display value="Guided Practice"/>
          </contains>
          <contains>
            <system value="https://github.com/RicardoLSantos/shorthand/CodeSystem/mindfulness-qualifier-cs"/>
            <code value="selfDirected"/>
            <display value="Self-Directed"/>
          </contains>
          <contains>
            <system value="https://github.com/RicardoLSantos/shorthand/CodeSystem/mindfulness-qualifier-cs"/>
            <code value="group"/>
            <display value="Group Practice"/>
          </contains>
          <contains>
            <system value="https://github.com/RicardoLSantos/shorthand/CodeSystem/mindfulness-qualifier-cs"/>
            <code value="individual"/>
            <display value="Individual Practice"/>
          </contains>
          <contains>
            <system value="http://snomed.info/sct"/>
            <code value="410534003"/>
            <display value="Not indicated (qualifier value)"/>
          </contains>
          <contains>
            <system value="http://snomed.info/sct"/>
            <code value="225386006"/>
            <display value="Evaluating patient status for discharge"/>
          </contains>
        </expansion>
      </ValueSet>
    </resource>
  </entry>
  <entry>
    <fullUrl value="https://github.com/RicardoLSantos/shorthand/ValueSet/mindfulness-type-vs"/>
    <resource>
      <ValueSet>
        <text>
          <status value="generated"/>
          <div xmlns="http://www.w3.org/1999/xhtml">
            <p class="res-header-id">
              <b>Generated Narrative: ValueSet </b>
            </p>
            <p style="border: black 1px dotted; background-color: #EEEEEE; padding: 8px; margin-bottom: 8px">Expansion based on 
              <a href="CodeSystem-mindfulness-type-cs.html">codesystem Mindfulness Practice Types v0.1.0 (CodeSystem)</a>
            </p>
            <p>This value set contains 5 concepts</p>
            <table class="codes">
              <tr>
                <td style="white-space:nowrap">
                  <b>Code</b>
                </td>
                <td>
                  <b>System</b>
                </td>
                <td>
                  <b>Display</b>
                </td>
                <td>
                  <b>Definition</b>
                </td>
              </tr>
              <tr>
                <td style="white-space:nowrap">
                  <a name="x-https://github.com/RicardoLSantos/shorthand/CodeSystem/mindfulness-type-cs-meditation"> </a>  
                  <a href="CodeSystem-mindfulness-type-cs.html#mindfulness-type-cs-meditation">meditation</a>
                </td>
                <td>https://github.com/RicardoLSantos/shorthand/CodeSystem/mindfulness-type-cs</td>
                <td>Meditation</td>
                <td>
                  <div>
                    <p>Focused meditation practice</p>

                  </div>
                </td>
              </tr>
              <tr>
                <td style="white-space:nowrap">
                  <a name="x-https://github.com/RicardoLSantos/shorthand/CodeSystem/mindfulness-type-cs-breathing"> </a>  
                  <a href="CodeSystem-mindfulness-type-cs.html#mindfulness-type-cs-breathing">breathing</a>
                </td>
                <td>https://github.com/RicardoLSantos/shorthand/CodeSystem/mindfulness-type-cs</td>
                <td>Breathing Exercise</td>
                <td>
                  <div>
                    <p>Conscious breathing techniques</p>

                  </div>
                </td>
              </tr>
              <tr>
                <td style="white-space:nowrap">
                  <a name="x-https://github.com/RicardoLSantos/shorthand/CodeSystem/mindfulness-type-cs-bodyScan"> </a>  
                  <a href="CodeSystem-mindfulness-type-cs.html#mindfulness-type-cs-bodyScan">bodyScan</a>
                </td>
                <td>https://github.com/RicardoLSantos/shorthand/CodeSystem/mindfulness-type-cs</td>
                <td>Body Scan</td>
                <td>
                  <div>
                    <p>Progressive body awareness practice</p>

                  </div>
                </td>
              </tr>
              <tr>
                <td style="white-space:nowrap">
                  <a name="x-https://github.com/RicardoLSantos/shorthand/CodeSystem/mindfulness-type-cs-walking"> </a>  
                  <a href="CodeSystem-mindfulness-type-cs.html#mindfulness-type-cs-walking">walking</a>
                </td>
                <td>https://github.com/RicardoLSantos/shorthand/CodeSystem/mindfulness-type-cs</td>
                <td>Mindful Walking</td>
                <td>
                  <div>
                    <p>Walking meditation practice</p>

                  </div>
                </td>
              </tr>
              <tr>
                <td style="white-space:nowrap">
                  <a name="x-https://github.com/RicardoLSantos/shorthand/CodeSystem/mindfulness-type-cs-movement"> </a>  
                  <a href="CodeSystem-mindfulness-type-cs.html#mindfulness-type-cs-movement">movement</a>
                </td>
                <td>https://github.com/RicardoLSantos/shorthand/CodeSystem/mindfulness-type-cs</td>
                <td>Mindful Movement</td>
                <td>
                  <div>
                    <p>Conscious movement practice</p>

                  </div>
                </td>
              </tr>
            </table>
          </div>
        </text>
        <url value="https://github.com/RicardoLSantos/shorthand/ValueSet/mindfulness-type-vs"/>
        <version value="0.1.0"/>
        <name value="MindfulnessTypeVS"/>
        <title value="Mindfulness Practice Types Value Set"/>
        <status value="draft"/>
        <experimental value="false"/>
        <date value="2024-12-26T10:45:41+00:00"/>
        <expansion>
          <identifier value="urn:uuid:a73542b9-1af2-45b5-97a2-e5e6ec5259cc"/>
          <timestamp value="2024-12-26T10:46:45+00:00"/>
          <total value="5"/>
          <offset value="0"/>
          <parameter>
            <name value="count"/>
            <valueInteger value="1000"/>
          </parameter>
          <parameter>
            <name value="offset"/>
            <valueInteger value="0"/>
          </parameter>
          <parameter>
            <name value="excludeNested"/>
            <valueBoolean value="false"/>
          </parameter>
          <parameter>
            <name value="used-codesystem"/>
            <valueUri value="https://github.com/RicardoLSantos/shorthand/CodeSystem/mindfulness-type-cs|0.1.0"/>
          </parameter>
          <contains>
            <system value="https://github.com/RicardoLSantos/shorthand/CodeSystem/mindfulness-type-cs"/>
            <code value="meditation"/>
            <display value="Meditation"/>
          </contains>
          <contains>
            <system value="https://github.com/RicardoLSantos/shorthand/CodeSystem/mindfulness-type-cs"/>
            <code value="breathing"/>
            <display value="Breathing Exercise"/>
          </contains>
          <contains>
            <system value="https://github.com/RicardoLSantos/shorthand/CodeSystem/mindfulness-type-cs"/>
            <code value="bodyScan"/>
            <display value="Body Scan"/>
          </contains>
          <contains>
            <system value="https://github.com/RicardoLSantos/shorthand/CodeSystem/mindfulness-type-cs"/>
            <code value="walking"/>
            <display value="Mindful Walking"/>
          </contains>
          <contains>
            <system value="https://github.com/RicardoLSantos/shorthand/CodeSystem/mindfulness-type-cs"/>
            <code value="movement"/>
            <display value="Mindful Movement"/>
          </contains>
        </expansion>
      </ValueSet>
    </resource>
  </entry>
  <entry>
    <fullUrl value="https://github.com/RicardoLSantos/shorthand/ValueSet/mood-vs"/>
    <resource>
      <ValueSet>
        <text>
          <status value="generated"/>
          <div xmlns="http://www.w3.org/1999/xhtml">
            <p class="res-header-id">
              <b>Generated Narrative: ValueSet </b>
            </p>
            <p style="border: black 1px dotted; background-color: #EEEEEE; padding: 8px; margin-bottom: 8px">Expansion based on SNOMED CT International edition 01-ago. 2024</p>
            <p>This value set contains 6 concepts</p>
            <table class="codes">
              <tr>
                <td style="white-space:nowrap">
                  <b>Code</b>
                </td>
                <td>
                  <b>System</b>
                </td>
                <td>
                  <b>Display</b>
                </td>
                <td>
                  <b>Inactive</b>
                </td>
              </tr>
              <tr>
                <td style="white-space:nowrap">
                  <a name="x-http://snomed.info/sct-285854004"> </a>  
                  <a href="http://snomed.info/id/285854004">285854004</a>
                </td>
                <td>http://snomed.info/sct</td>
                <td>Emotion</td>
                <td/>
              </tr>
              <tr>
                <td style="white-space:nowrap">
                  <a name="x-http://snomed.info/sct-130987000"> </a>  
                  <a href="http://snomed.info/id/130987000">130987000</a>
                </td>
                <td>http://snomed.info/sct</td>
                <td>Acute confusion</td>
                <td/>
              </tr>
              <tr>
                <td style="white-space:nowrap">
                  <a name="x-http://snomed.info/sct-130988005"> </a>  
                  <a href="http://snomed.info/id/130988005">130988005</a>
                </td>
                <td>http://snomed.info/sct</td>
                <td>Chronic confusion</td>
                <td/>
              </tr>
              <tr>
                <td style="white-space:nowrap">
                  <a name="x-http://snomed.info/sct-130989002"> </a>  
                  <a href="http://snomed.info/id/130989002">130989002</a>
                </td>
                <td>http://snomed.info/sct</td>
                <td>Sleep deprivation</td>
                <td/>
              </tr>
              <tr>
                <td style="white-space:nowrap">
                  <a name="x-http://snomed.info/sct-130990006"> </a>  
                  <a href="http://snomed.info/id/130990006">130990006</a>
                </td>
                <td>http://snomed.info/sct</td>
                <td>Transcortical aphasia</td>
                <td/>
              </tr>
              <tr>
                <td style="white-space:nowrap">
                  <a name="x-http://snomed.info/sct-130991005"> </a>  
                  <a href="http://snomed.info/id/130991005">130991005</a>
                </td>
                <td>http://snomed.info/sct</td>
                <td>Transcortical sensory aphasia</td>
                <td>inactive</td>
              </tr>
            </table>
          </div>
        </text>
        <url value="https://github.com/RicardoLSantos/shorthand/ValueSet/mood-vs"/>
        <version value="0.1.0"/>
        <name value="MoodValueSet"/>
        <title value="Mood Value Set"/>
        <status value="draft"/>
        <experimental value="false"/>
        <date value="2024-12-26T10:45:41+00:00"/>
        <expansion>
          <identifier value="urn:uuid:6cae3297-4e1b-474a-8495-1c42db392c14"/>
          <timestamp value="2024-12-26T10:46:45+00:00"/>
          <total value="6"/>
          <offset value="0"/>
          <parameter>
            <name value="count"/>
            <valueInteger value="1000"/>
          </parameter>
          <parameter>
            <name value="offset"/>
            <valueInteger value="0"/>
          </parameter>
          <parameter>
            <name value="excludeNested"/>
            <valueBoolean value="false"/>
          </parameter>
          <parameter>
            <name value="used-valueset"/>
            <valueUri value="null"/>
          </parameter>
          <parameter>
            <name value="used-codesystem"/>
            <valueUri value="http://snomed.info/sct|http://snomed.info/sct/900000000000207008/version/20240801"/>
          </parameter>
          <parameter>
            <name value="version"/>
            <valueUri value="http://snomed.info/sct|http://snomed.info/sct/900000000000207008/version/20240801"/>
          </parameter>
          <contains>
            <system value="http://snomed.info/sct"/>
            <code value="285854004"/>
            <display value="Emotion"/>
          </contains>
          <contains>
            <system value="http://snomed.info/sct"/>
            <code value="130987000"/>
            <display value="Acute confusion"/>
          </contains>
          <contains>
            <system value="http://snomed.info/sct"/>
            <code value="130988005"/>
            <display value="Chronic confusion"/>
          </contains>
          <contains>
            <system value="http://snomed.info/sct"/>
            <code value="130989002"/>
            <display value="Sleep deprivation"/>
          </contains>
          <contains>
            <system value="http://snomed.info/sct"/>
            <code value="130990006"/>
            <display value="Transcortical aphasia"/>
          </contains>
          <contains>
            <system value="http://snomed.info/sct"/>
            <inactive value="true"/>
            <code value="130991005"/>
            <display value="Transcortical sensory aphasia"/>
          </contains>
        </expansion>
      </ValueSet>
    </resource>
  </entry>
  <entry>
    <fullUrl value="https://github.com/RicardoLSantos/shorthand/ValueSet/nutrition-data-source-vs"/>
    <resource>
      <ValueSet>
        <text>
          <status value="generated"/>
          <div xmlns="http://www.w3.org/1999/xhtml">
            <p class="res-header-id">
              <b>Generated Narrative: ValueSet </b>
            </p>
            <p style="border: black 1px dotted; background-color: #EEEEEE; padding: 8px; margin-bottom: 8px">Expansion based on 
              <a href="CodeSystem-nutrition-data-source-cs.html">codesystem Nutrition Data Source Code System v0.1.0 (CodeSystem)</a>
            </p>
            <p>This value set contains 4 concepts</p>
            <table class="codes">
              <tr>
                <td style="white-space:nowrap">
                  <b>Code</b>
                </td>
                <td>
                  <b>System</b>
                </td>
                <td>
                  <b>Display</b>
                </td>
                <td>
                  <b>Definition</b>
                </td>
              </tr>
              <tr>
                <td style="white-space:nowrap">
                  <a name="x-https://github.com/RicardoLSantos/shorthand/CodeSystem/nutrition-data-source-cs-manual"> </a>  
                  <a href="CodeSystem-nutrition-data-source-cs.html#nutrition-data-source-cs-manual">manual</a>
                </td>
                <td>https://github.com/RicardoLSantos/shorthand/CodeSystem/nutrition-data-source-cs</td>
                <td>Manual Entry</td>
                <td>
                  <div>
                    <p>Data entered manually by user</p>

                  </div>
                </td>
              </tr>
              <tr>
                <td style="white-space:nowrap">
                  <a name="x-https://github.com/RicardoLSantos/shorthand/CodeSystem/nutrition-data-source-cs-app"> </a>  
                  <a href="CodeSystem-nutrition-data-source-cs.html#nutrition-data-source-cs-app">app</a>
                </td>
                <td>https://github.com/RicardoLSantos/shorthand/CodeSystem/nutrition-data-source-cs</td>
                <td>App Integration</td>
                <td>
                  <div>
                    <p>Data from integrated third-party apps</p>

                  </div>
                </td>
              </tr>
              <tr>
                <td style="white-space:nowrap">
                  <a name="x-https://github.com/RicardoLSantos/shorthand/CodeSystem/nutrition-data-source-cs-device"> </a>  
                  <a href="CodeSystem-nutrition-data-source-cs.html#nutrition-data-source-cs-device">device</a>
                </td>
                <td>https://github.com/RicardoLSantos/shorthand/CodeSystem/nutrition-data-source-cs</td>
                <td>Connected Device</td>
                <td>
                  <div>
                    <p>Data from connected nutrition tracking devices</p>

                  </div>
                </td>
              </tr>
              <tr>
                <td style="white-space:nowrap">
                  <a name="x-https://github.com/RicardoLSantos/shorthand/CodeSystem/nutrition-data-source-cs-questionnaire"> </a>  
                  <a href="CodeSystem-nutrition-data-source-cs.html#nutrition-data-source-cs-questionnaire">questionnaire</a>
                </td>
                <td>https://github.com/RicardoLSantos/shorthand/CodeSystem/nutrition-data-source-cs</td>
                <td>Questionnaire Response</td>
                <td>
                  <div>
                    <p>Data collected through questionnaires</p>

                  </div>
                </td>
              </tr>
            </table>
          </div>
        </text>
        <url value="https://github.com/RicardoLSantos/shorthand/ValueSet/nutrition-data-source-vs"/>
        <version value="0.1.0"/>
        <name value="NutritionDataSourceVS"/>
        <title value="Nutrition Data Source Value Set"/>
        <status value="draft"/>
        <experimental value="false"/>
        <date value="2024-12-14"/>
        <expansion>
          <identifier value="urn:uuid:57f83a3c-5cf0-44eb-808a-e9fda6553107"/>
          <timestamp value="2024-12-26T10:46:45+00:00"/>
          <total value="4"/>
          <offset value="0"/>
          <parameter>
            <name value="count"/>
            <valueInteger value="1000"/>
          </parameter>
          <parameter>
            <name value="offset"/>
            <valueInteger value="0"/>
          </parameter>
          <parameter>
            <name value="excludeNested"/>
            <valueBoolean value="false"/>
          </parameter>
          <parameter>
            <name value="used-codesystem"/>
            <valueUri value="https://github.com/RicardoLSantos/shorthand/CodeSystem/nutrition-data-source-cs|0.1.0"/>
          </parameter>
          <contains>
            <system value="https://github.com/RicardoLSantos/shorthand/CodeSystem/nutrition-data-source-cs"/>
            <code value="manual"/>
            <display value="Manual Entry"/>
          </contains>
          <contains>
            <system value="https://github.com/RicardoLSantos/shorthand/CodeSystem/nutrition-data-source-cs"/>
            <code value="app"/>
            <display value="App Integration"/>
          </contains>
          <contains>
            <system value="https://github.com/RicardoLSantos/shorthand/CodeSystem/nutrition-data-source-cs"/>
            <code value="device"/>
            <display value="Connected Device"/>
          </contains>
          <contains>
            <system value="https://github.com/RicardoLSantos/shorthand/CodeSystem/nutrition-data-source-cs"/>
            <code value="questionnaire"/>
            <display value="Questionnaire Response"/>
          </contains>
        </expansion>
      </ValueSet>
    </resource>
  </entry>
  <entry>
    <fullUrl value="https://github.com/RicardoLSantos/shorthand/ValueSet/physical-activity-type-vs"/>
    <resource>
      <ValueSet>
        <text>
          <status value="generated"/>
          <div xmlns="http://www.w3.org/1999/xhtml">
            <p class="res-header-id">
              <b>Generated Narrative: ValueSet </b>
            </p>
            <p style="border: black 1px dotted; background-color: #EEEEEE; padding: 8px; margin-bottom: 8px">Expansion based on SNOMED CT International edition 01-ago. 2024</p>
            <p>This value set contains 4 concepts</p>
            <table class="codes">
              <tr>
                <td style="white-space:nowrap">
                  <b>Code</b>
                </td>
                <td>
                  <b>System</b>
                </td>
                <td>
                  <b>Display</b>
                </td>
              </tr>
              <tr>
                <td style="white-space:nowrap">
                  <a name="x-http://snomed.info/sct-255604002"> </a>  
                  <a href="http://snomed.info/id/255604002">255604002</a>
                </td>
                <td>http://snomed.info/sct</td>
                <td>Mild</td>
              </tr>
              <tr>
                <td style="white-space:nowrap">
                  <a name="x-http://snomed.info/sct-228557008"> </a>  
                  <a href="http://snomed.info/id/228557008">228557008</a>
                </td>
                <td>http://snomed.info/sct</td>
                <td>Cognitive and behavioral therapy</td>
              </tr>
              <tr>
                <td style="white-space:nowrap">
                  <a name="x-http://snomed.info/sct-266938001"> </a>  
                  <a href="http://snomed.info/id/266938001">266938001</a>
                </td>
                <td>http://snomed.info/sct</td>
                <td>Hospital patient</td>
              </tr>
              <tr>
                <td style="white-space:nowrap">
                  <a name="x-http://snomed.info/sct-266940006"> </a>  
                  <a href="http://snomed.info/id/266940006">266940006</a>
                </td>
                <td>http://snomed.info/sct</td>
                <td>Lives in squat</td>
              </tr>
            </table>
          </div>
        </text>
        <url value="https://github.com/RicardoLSantos/shorthand/ValueSet/physical-activity-type-vs"/>
        <version value="0.1.0"/>
        <name value="PhysicalActivityTypeVS"/>
        <title value="Physical Activity Types Value Set"/>
        <status value="active"/>
        <date value="2024-12-26T10:45:41+00:00"/>
        <expansion>
          <identifier value="urn:uuid:62b08186-2f71-4a11-8444-3aebc42fd0c9"/>
          <timestamp value="2024-12-26T10:46:45+00:00"/>
          <total value="4"/>
          <offset value="0"/>
          <parameter>
            <name value="count"/>
            <valueInteger value="1000"/>
          </parameter>
          <parameter>
            <name value="offset"/>
            <valueInteger value="0"/>
          </parameter>
          <parameter>
            <name value="excludeNested"/>
            <valueBoolean value="false"/>
          </parameter>
          <parameter>
            <name value="used-valueset"/>
            <valueUri value="null"/>
          </parameter>
          <parameter>
            <name value="used-codesystem"/>
            <valueUri value="http://snomed.info/sct|http://snomed.info/sct/900000000000207008/version/20240801"/>
          </parameter>
          <parameter>
            <name value="version"/>
            <valueUri value="http://snomed.info/sct|http://snomed.info/sct/900000000000207008/version/20240801"/>
          </parameter>
          <contains>
            <system value="http://snomed.info/sct"/>
            <code value="255604002"/>
            <display value="Mild"/>
          </contains>
          <contains>
            <system value="http://snomed.info/sct"/>
            <code value="228557008"/>
            <display value="Cognitive and behavioral therapy"/>
          </contains>
          <contains>
            <system value="http://snomed.info/sct"/>
            <code value="266938001"/>
            <display value="Hospital patient"/>
          </contains>
          <contains>
            <system value="http://snomed.info/sct"/>
            <code value="266940006"/>
            <display value="Lives in squat"/>
          </contains>
        </expansion>
      </ValueSet>
    </resource>
  </entry>
  <entry>
    <fullUrl value="https://github.com/RicardoLSantos/shorthand/ValueSet/sleep-quality-extended-vs"/>
    <resource>
      <ValueSet>
        <text>
          <status value="generated"/>
          <div xmlns="http://www.w3.org/1999/xhtml">
            <p class="res-header-id">
              <b>Generated Narrative: ValueSet </b>
            </p>
            <p style="border: black 1px dotted; background-color: #EEEEEE; padding: 8px; margin-bottom: 8px">Expansion based on SNOMED CT International edition 01-ago. 2024</p>
            <p>This value set contains 4 concepts</p>
            <table class="codes">
              <tr>
                <td style="white-space:nowrap">
                  <b>Code</b>
                </td>
                <td>
                  <b>System</b>
                </td>
                <td>
                  <b>Display</b>
                </td>
                <td>
                  <b>Inactive</b>
                </td>
              </tr>
              <tr>
                <td style="white-space:nowrap">
                  <a name="x-http://snomed.info/sct-248220008"> </a>  
                  <a href="http://snomed.info/id/248220008">248220008</a>
                </td>
                <td>http://snomed.info/sct</td>
                <td>Asleep</td>
                <td/>
              </tr>
              <tr>
                <td style="white-space:nowrap">
                  <a name="x-http://snomed.info/sct-248221007"> </a>  
                  <a href="http://snomed.info/id/248221007">248221007</a>
                </td>
                <td>http://snomed.info/sct</td>
                <td>Consciousness clear</td>
                <td>inactive</td>
              </tr>
              <tr>
                <td style="white-space:nowrap">
                  <a name="x-http://snomed.info/sct-248222000"> </a>  
                  <a href="http://snomed.info/id/248222000">248222000</a>
                </td>
                <td>http://snomed.info/sct</td>
                <td>Consciousness unimpaired</td>
                <td>inactive</td>
              </tr>
              <tr>
                <td style="white-space:nowrap">
                  <a name="x-http://snomed.info/sct-248223005"> </a>  
                  <a href="http://snomed.info/id/248223005">248223005</a>
                </td>
                <td>http://snomed.info/sct</td>
                <td>Feeling faint</td>
                <td/>
              </tr>
            </table>
          </div>
        </text>
        <url value="https://github.com/RicardoLSantos/shorthand/ValueSet/sleep-quality-extended-vs"/>
        <version value="0.1.0"/>
        <name value="SleepQualityExtendedVS"/>
        <title value="Sleep Quality Value Set"/>
        <status value="draft"/>
        <date value="2024-12-26T10:45:41+00:00"/>
        <expansion>
          <identifier value="urn:uuid:7a3f709a-dbca-45af-bdb6-0c4e9c779897"/>
          <timestamp value="2024-12-26T10:46:45+00:00"/>
          <total value="4"/>
          <offset value="0"/>
          <parameter>
            <name value="count"/>
            <valueInteger value="1000"/>
          </parameter>
          <parameter>
            <name value="offset"/>
            <valueInteger value="0"/>
          </parameter>
          <parameter>
            <name value="excludeNested"/>
            <valueBoolean value="false"/>
          </parameter>
          <parameter>
            <name value="used-valueset"/>
            <valueUri value="null"/>
          </parameter>
          <parameter>
            <name value="used-codesystem"/>
            <valueUri value="http://snomed.info/sct|http://snomed.info/sct/900000000000207008/version/20240801"/>
          </parameter>
          <parameter>
            <name value="version"/>
            <valueUri value="http://snomed.info/sct|http://snomed.info/sct/900000000000207008/version/20240801"/>
          </parameter>
          <contains>
            <system value="http://snomed.info/sct"/>
            <code value="248220008"/>
            <display value="Asleep"/>
          </contains>
          <contains>
            <system value="http://snomed.info/sct"/>
            <inactive value="true"/>
            <code value="248221007"/>
            <display value="Consciousness clear"/>
          </contains>
          <contains>
            <system value="http://snomed.info/sct"/>
            <inactive value="true"/>
            <code value="248222000"/>
            <display value="Consciousness unimpaired"/>
          </contains>
          <contains>
            <system value="http://snomed.info/sct"/>
            <code value="248223005"/>
            <display value="Feeling faint"/>
          </contains>
        </expansion>
      </ValueSet>
    </resource>
  </entry>
  <entry>
    <fullUrl value="https://github.com/RicardoLSantos/shorthand/ValueSet/sleep-quality-vs"/>
    <resource>
      <ValueSet>
        <text>
          <status value="generated"/>
          <div xmlns="http://www.w3.org/1999/xhtml">
            <p class="res-header-id">
              <b>Generated Narrative: ValueSet </b>
            </p>
            <p style="border: black 1px dotted; background-color: #EEEEEE; padding: 8px; margin-bottom: 8px">Expansion based on SNOMED CT International edition 01-ago. 2024</p>
            <p>This value set contains 5 concepts</p>
            <table class="codes">
              <tr>
                <td style="white-space:nowrap">
                  <b>Code</b>
                </td>
                <td>
                  <b>System</b>
                </td>
                <td>
                  <b>Display</b>
                </td>
              </tr>
              <tr>
                <td style="white-space:nowrap">
                  <a name="x-http://snomed.info/sct-248254009"> </a>  
                  <a href="http://snomed.info/id/248254009">248254009</a>
                </td>
                <td>http://snomed.info/sct</td>
                <td>Quality of sleep</td>
              </tr>
              <tr>
                <td style="white-space:nowrap">
                  <a name="x-http://snomed.info/sct-248255005"> </a>  
                  <a href="http://snomed.info/id/248255005">248255005</a>
                </td>
                <td>http://snomed.info/sct</td>
                <td>Cannot sleep at all</td>
              </tr>
              <tr>
                <td style="white-space:nowrap">
                  <a name="x-http://snomed.info/sct-248256006"> </a>  
                  <a href="http://snomed.info/id/248256006">248256006</a>
                </td>
                <td>http://snomed.info/sct</td>
                <td>Short of sleep</td>
              </tr>
              <tr>
                <td style="white-space:nowrap">
                  <a name="x-http://snomed.info/sct-301345002"> </a>  
                  <a href="http://snomed.info/id/301345002">301345002</a>
                </td>
                <td>http://snomed.info/sct</td>
                <td>Poor sleep</td>
              </tr>
              <tr>
                <td style="white-space:nowrap">
                  <a name="x-http://snomed.info/sct-301346001"> </a>  
                  <a href="http://snomed.info/id/301346001">301346001</a>
                </td>
                <td>http://snomed.info/sct</td>
                <td>Finding of appearance of lip</td>
              </tr>
            </table>
          </div>
        </text>
        <url value="https://github.com/RicardoLSantos/shorthand/ValueSet/sleep-quality-vs"/>
        <version value="0.1.0"/>
        <name value="SleepQualityVS"/>
        <title value="Sleep Quality Value Set"/>
        <status value="active"/>
        <experimental value="false"/>
        <date value="2024-12-26T10:45:41+00:00"/>
        <expansion>
          <identifier value="urn:uuid:98474990-2d8f-4190-86da-7a6e94106e65"/>
          <timestamp value="2024-12-26T10:46:45+00:00"/>
          <total value="5"/>
          <offset value="0"/>
          <parameter>
            <name value="count"/>
            <valueInteger value="1000"/>
          </parameter>
          <parameter>
            <name value="offset"/>
            <valueInteger value="0"/>
          </parameter>
          <parameter>
            <name value="excludeNested"/>
            <valueBoolean value="false"/>
          </parameter>
          <parameter>
            <name value="used-valueset"/>
            <valueUri value="null"/>
          </parameter>
          <parameter>
            <name value="used-codesystem"/>
            <valueUri value="http://snomed.info/sct|http://snomed.info/sct/900000000000207008/version/20240801"/>
          </parameter>
          <parameter>
            <name value="version"/>
            <valueUri value="http://snomed.info/sct|http://snomed.info/sct/900000000000207008/version/20240801"/>
          </parameter>
          <contains>
            <system value="http://snomed.info/sct"/>
            <code value="248254009"/>
            <display value="Quality of sleep"/>
          </contains>
          <contains>
            <system value="http://snomed.info/sct"/>
            <code value="248255005"/>
            <display value="Cannot sleep at all"/>
          </contains>
          <contains>
            <system value="http://snomed.info/sct"/>
            <code value="248256006"/>
            <display value="Short of sleep"/>
          </contains>
          <contains>
            <system value="http://snomed.info/sct"/>
            <code value="301345002"/>
            <display value="Poor sleep"/>
          </contains>
          <contains>
            <system value="http://snomed.info/sct"/>
            <code value="301346001"/>
            <display value="Finding of appearance of lip"/>
          </contains>
        </expansion>
      </ValueSet>
    </resource>
  </entry>
</Bundle>