{
  "resourceType" : "Bundle",
  "id" : "fff2fa9d-d7fe-43fd-b240-fac0813dd025",
  "meta" : {
    "lastUpdated" : "2024-12-26T11:41:10.960+00:00"
  },
  "type" : "collection",
  "entry" : [{
    "fullUrl" : "https://github.com/RicardoLSantos/shorthand/ValueSet/environment-type-vs",
    "resource" : {
      "resourceType" : "ValueSet",
      "text" : {
        "status" : "generated",
        "div" : "<div xmlns=\"http://www.w3.org/1999/xhtml\"><p class=\"res-header-id\"><b>Generated Narrative: ValueSet </b></p><p style=\"border: black 1px dotted; background-color: #EEEEEE; padding: 8px; margin-bottom: 8px\">Expansion based on <a href=\"CodeSystem-environment-type-cs.html\">codesystem Practice Environment Types v0.1.0 (CodeSystem)</a></p><p>This value set contains 4 concepts</p><table class=\"codes\"><tr><td style=\"white-space:nowrap\"><b>Code</b></td><td><b>System</b></td><td><b>Display</b></td><td><b>Definition</b></td></tr><tr><td style=\"white-space:nowrap\"><a name=\"x-https://github.com/RicardoLSantos/shorthand/CodeSystem/environment-type-cs-indoor\"> </a>\u00a0\u00a0<a href=\"CodeSystem-environment-type-cs.html#environment-type-cs-indoor\">indoor</a></td><td>https://github.com/RicardoLSantos/shorthand/CodeSystem/environment-type-cs</td><td>Indoor</td><td><div><p>Indoor environment</p>\n</div></td></tr><tr><td style=\"white-space:nowrap\"><a name=\"x-https://github.com/RicardoLSantos/shorthand/CodeSystem/environment-type-cs-outdoor\"> </a>\u00a0\u00a0<a href=\"CodeSystem-environment-type-cs.html#environment-type-cs-outdoor\">outdoor</a></td><td>https://github.com/RicardoLSantos/shorthand/CodeSystem/environment-type-cs</td><td>Outdoor</td><td><div><p>Outdoor environment</p>\n</div></td></tr><tr><td style=\"white-space:nowrap\"><a name=\"x-https://github.com/RicardoLSantos/shorthand/CodeSystem/environment-type-cs-quiet\"> </a>\u00a0\u00a0<a href=\"CodeSystem-environment-type-cs.html#environment-type-cs-quiet\">quiet</a></td><td>https://github.com/RicardoLSantos/shorthand/CodeSystem/environment-type-cs</td><td>Quiet Space</td><td><div><p>Quiet or silent environment</p>\n</div></td></tr><tr><td style=\"white-space:nowrap\"><a name=\"x-https://github.com/RicardoLSantos/shorthand/CodeSystem/environment-type-cs-group\"> </a>\u00a0\u00a0<a href=\"CodeSystem-environment-type-cs.html#environment-type-cs-group\">group</a></td><td>https://github.com/RicardoLSantos/shorthand/CodeSystem/environment-type-cs</td><td>Group Setting</td><td><div><p>Group practice environment</p>\n</div></td></tr></table></div>"
      },
      "url" : "https://github.com/RicardoLSantos/shorthand/ValueSet/environment-type-vs",
      "version" : "0.1.0",
      "name" : "EnvironmentTypeVS",
      "title" : "Practice Environment Types Value Set",
      "status" : "draft",
      "experimental" : false,
      "date" : "2024-12-26T11:41:10+00:00",
      "expansion" : {
        "identifier" : "urn:uuid:410d88c8-648f-4d29-9f20-ef146743064f",
        "timestamp" : "2024-12-26T11:42:15+00:00",
        "total" : 4,
        "offset" : 0,
        "parameter" : [{
          "name" : "count",
          "valueInteger" : 1000
        },
        {
          "name" : "offset",
          "valueInteger" : 0
        },
        {
          "name" : "excludeNested",
          "valueBoolean" : false
        },
        {
          "name" : "used-codesystem",
          "valueUri" : "https://github.com/RicardoLSantos/shorthand/CodeSystem/environment-type-cs|0.1.0"
        }],
        "contains" : [{
          "system" : "https://github.com/RicardoLSantos/shorthand/CodeSystem/environment-type-cs",
          "code" : "indoor",
          "display" : "Indoor"
        },
        {
          "system" : "https://github.com/RicardoLSantos/shorthand/CodeSystem/environment-type-cs",
          "code" : "outdoor",
          "display" : "Outdoor"
        },
        {
          "system" : "https://github.com/RicardoLSantos/shorthand/CodeSystem/environment-type-cs",
          "code" : "quiet",
          "display" : "Quiet Space"
        },
        {
          "system" : "https://github.com/RicardoLSantos/shorthand/CodeSystem/environment-type-cs",
          "code" : "group",
          "display" : "Group Setting"
        }]
      }
    }
  },
  {
    "fullUrl" : "https://github.com/RicardoLSantos/shorthand/ValueSet/measurement-conditions-vs",
    "resource" : {
      "resourceType" : "ValueSet",
      "text" : {
        "status" : "generated",
        "div" : "<div xmlns=\"http://www.w3.org/1999/xhtml\"><p class=\"res-header-id\"><b>Generated Narrative: ValueSet </b></p><p style=\"border: black 1px dotted; background-color: #EEEEEE; padding: 8px; margin-bottom: 8px\">Expansion based on SNOMED CT International edition 01-ago. 2024</p><p>This value set contains 5 concepts</p><table class=\"codes\"><tr><td style=\"white-space:nowrap\"><b>Code</b></td><td><b>System</b></td><td><b>Display</b></td></tr><tr><td style=\"white-space:nowrap\"><a name=\"x-http://snomed.info/sct-307818003\"> </a>\u00a0\u00a0<a href=\"http://snomed.info/id/307818003\">307818003</a></td><td>http://snomed.info/sct</td><td>Weight monitoring</td></tr><tr><td style=\"white-space:nowrap\"><a name=\"x-http://snomed.info/sct-307819006\"> </a>\u00a0\u00a0<a href=\"http://snomed.info/id/307819006\">307819006</a></td><td>http://snomed.info/sct</td><td>Arthroplasty of knee without cement</td></tr><tr><td style=\"white-space:nowrap\"><a name=\"x-http://snomed.info/sct-307820000\"> </a>\u00a0\u00a0<a href=\"http://snomed.info/id/307820000\">307820000</a></td><td>http://snomed.info/sct</td><td>Tarsometatarsal arthrodesis</td></tr><tr><td style=\"white-space:nowrap\"><a name=\"x-http://snomed.info/sct-255203001\"> </a>\u00a0\u00a0<a href=\"http://snomed.info/id/255203001\">255203001</a></td><td>http://snomed.info/sct</td><td>Additional values</td></tr><tr><td style=\"white-space:nowrap\"><a name=\"x-http://snomed.info/sct-309604004\"> </a>\u00a0\u00a0<a href=\"http://snomed.info/id/309604004\">309604004</a></td><td>http://snomed.info/sct</td><td>During exercise</td></tr></table></div>"
      },
      "url" : "https://github.com/RicardoLSantos/shorthand/ValueSet/measurement-conditions-vs",
      "version" : "0.1.0",
      "name" : "MeasurementConditionsVS",
      "title" : "Measurement Conditions Value Set",
      "status" : "draft",
      "date" : "2024-12-26T11:41:10+00:00",
      "expansion" : {
        "identifier" : "urn:uuid:8078bac4-72de-4e89-a65d-a85b04ed9155",
        "timestamp" : "2024-12-26T11:42:15+00:00",
        "total" : 5,
        "offset" : 0,
        "parameter" : [{
          "name" : "count",
          "valueInteger" : 1000
        },
        {
          "name" : "offset",
          "valueInteger" : 0
        },
        {
          "name" : "excludeNested",
          "valueBoolean" : false
        },
        {
          "name" : "used-valueset",
          "valueUri" : "null"
        },
        {
          "name" : "used-codesystem",
          "valueUri" : "http://snomed.info/sct|http://snomed.info/sct/900000000000207008/version/20240801"
        },
        {
          "name" : "version",
          "valueUri" : "http://snomed.info/sct|http://snomed.info/sct/900000000000207008/version/20240801"
        }],
        "contains" : [{
          "system" : "http://snomed.info/sct",
          "code" : "307818003",
          "display" : "Weight monitoring"
        },
        {
          "system" : "http://snomed.info/sct",
          "code" : "307819006",
          "display" : "Arthroplasty of knee without cement"
        },
        {
          "system" : "http://snomed.info/sct",
          "code" : "307820000",
          "display" : "Tarsometatarsal arthrodesis"
        },
        {
          "system" : "http://snomed.info/sct",
          "code" : "255203001",
          "display" : "Additional values"
        },
        {
          "system" : "http://snomed.info/sct",
          "code" : "309604004",
          "display" : "During exercise"
        }]
      }
    }
  },
  {
    "fullUrl" : "https://github.com/RicardoLSantos/shorthand/ValueSet/measurement-context-vital-signs",
    "resource" : {
      "resourceType" : "ValueSet",
      "text" : {
        "status" : "generated",
        "div" : "<div xmlns=\"http://www.w3.org/1999/xhtml\"><p class=\"res-header-id\"><b>Generated Narrative: ValueSet </b></p><p style=\"border: black 1px dotted; background-color: #EEEEEE; padding: 8px; margin-bottom: 8px\">Expansion based on SNOMED CT International edition 01-ago. 2024</p><p>This value set contains 3 concepts</p><table class=\"codes\"><tr><td style=\"white-space:nowrap\"><b>Code</b></td><td><b>System</b></td><td><b>Display</b></td></tr><tr><td style=\"white-space:nowrap\"><a name=\"x-http://snomed.info/sct-255214003\"> </a>\u00a0\u00a0<a href=\"http://snomed.info/id/255214003\">255214003</a></td><td>http://snomed.info/sct</td><td>After exercise</td></tr><tr><td style=\"white-space:nowrap\"><a name=\"x-http://snomed.info/sct-309604004\"> </a>\u00a0\u00a0<a href=\"http://snomed.info/id/309604004\">309604004</a></td><td>http://snomed.info/sct</td><td>During exercise</td></tr><tr><td style=\"white-space:nowrap\"><a name=\"x-http://snomed.info/sct-309605003\"> </a>\u00a0\u00a0<a href=\"http://snomed.info/id/309605003\">309605003</a></td><td>http://snomed.info/sct</td><td>Temporal periods relating to menopause</td></tr></table></div>"
      },
      "url" : "https://github.com/RicardoLSantos/shorthand/ValueSet/measurement-context-vital-signs",
      "version" : "0.1.0",
      "name" : "MeasurementContextVitalSigns",
      "title" : "Measurement Context Value Set",
      "status" : "draft",
      "date" : "2024-12-26T11:41:10+00:00",
      "expansion" : {
        "identifier" : "urn:uuid:91536fc5-a949-41b2-b7a0-4c90d960fdbe",
        "timestamp" : "2024-12-26T11:42:15+00:00",
        "total" : 3,
        "offset" : 0,
        "parameter" : [{
          "name" : "count",
          "valueInteger" : 1000
        },
        {
          "name" : "offset",
          "valueInteger" : 0
        },
        {
          "name" : "excludeNested",
          "valueBoolean" : false
        },
        {
          "name" : "used-valueset",
          "valueUri" : "null"
        },
        {
          "name" : "used-codesystem",
          "valueUri" : "http://snomed.info/sct|http://snomed.info/sct/900000000000207008/version/20240801"
        },
        {
          "name" : "version",
          "valueUri" : "http://snomed.info/sct|http://snomed.info/sct/900000000000207008/version/20240801"
        }],
        "contains" : [{
          "system" : "http://snomed.info/sct",
          "code" : "255214003",
          "display" : "After exercise"
        },
        {
          "system" : "http://snomed.info/sct",
          "code" : "309604004",
          "display" : "During exercise"
        },
        {
          "system" : "http://snomed.info/sct",
          "code" : "309605003",
          "display" : "Temporal periods relating to menopause"
        }]
      }
    }
  },
  {
    "fullUrl" : "https://github.com/RicardoLSantos/shorthand/ValueSet/measurement-context-vs",
    "resource" : {
      "resourceType" : "ValueSet",
      "text" : {
        "status" : "generated",
        "div" : "<div xmlns=\"http://www.w3.org/1999/xhtml\"><p class=\"res-header-id\"><b>Generated Narrative: ValueSet </b></p><p style=\"border: black 1px dotted; background-color: #EEEEEE; padding: 8px; margin-bottom: 8px\">Expansion based on SNOMED CT International edition 01-ago. 2024</p><p>This value set contains 5 concepts</p><table class=\"codes\"><tr><td style=\"white-space:nowrap\"><b>Code</b></td><td><b>System</b></td><td><b>Display</b></td></tr><tr><td style=\"white-space:nowrap\"><a name=\"x-http://snomed.info/sct-272125009\"> </a>\u00a0\u00a0<a href=\"http://snomed.info/id/272125009\">272125009</a></td><td>http://snomed.info/sct</td><td>Priorities</td></tr><tr><td style=\"white-space:nowrap\"><a name=\"x-http://snomed.info/sct-307818003\"> </a>\u00a0\u00a0<a href=\"http://snomed.info/id/307818003\">307818003</a></td><td>http://snomed.info/sct</td><td>Weight monitoring</td></tr><tr><td style=\"white-space:nowrap\"><a name=\"x-http://snomed.info/sct-307819006\"> </a>\u00a0\u00a0<a href=\"http://snomed.info/id/307819006\">307819006</a></td><td>http://snomed.info/sct</td><td>Arthroplasty of knee without cement</td></tr><tr><td style=\"white-space:nowrap\"><a name=\"x-http://snomed.info/sct-255214003\"> </a>\u00a0\u00a0<a href=\"http://snomed.info/id/255214003\">255214003</a></td><td>http://snomed.info/sct</td><td>After exercise</td></tr><tr><td style=\"white-space:nowrap\"><a name=\"x-http://snomed.info/sct-264362003\"> </a>\u00a0\u00a0<a href=\"http://snomed.info/id/264362003\">264362003</a></td><td>http://snomed.info/sct</td><td>Dwelling</td></tr></table></div>"
      },
      "url" : "https://github.com/RicardoLSantos/shorthand/ValueSet/measurement-context-vs",
      "version" : "0.1.0",
      "name" : "MeasurementContextVS",
      "title" : "Measurement Context Value Set",
      "status" : "active",
      "experimental" : false,
      "date" : "2024-12-26T11:41:10+00:00",
      "expansion" : {
        "identifier" : "urn:uuid:1372647c-53cc-45d8-923f-aa77410026bb",
        "timestamp" : "2024-12-26T11:42:15+00:00",
        "total" : 5,
        "offset" : 0,
        "parameter" : [{
          "name" : "count",
          "valueInteger" : 1000
        },
        {
          "name" : "offset",
          "valueInteger" : 0
        },
        {
          "name" : "excludeNested",
          "valueBoolean" : false
        },
        {
          "name" : "used-valueset",
          "valueUri" : "null"
        },
        {
          "name" : "used-codesystem",
          "valueUri" : "http://snomed.info/sct|http://snomed.info/sct/900000000000207008/version/20240801"
        },
        {
          "name" : "version",
          "valueUri" : "http://snomed.info/sct|http://snomed.info/sct/900000000000207008/version/20240801"
        }],
        "contains" : [{
          "system" : "http://snomed.info/sct",
          "code" : "272125009",
          "display" : "Priorities"
        },
        {
          "system" : "http://snomed.info/sct",
          "code" : "307818003",
          "display" : "Weight monitoring"
        },
        {
          "system" : "http://snomed.info/sct",
          "code" : "307819006",
          "display" : "Arthroplasty of knee without cement"
        },
        {
          "system" : "http://snomed.info/sct",
          "code" : "255214003",
          "display" : "After exercise"
        },
        {
          "system" : "http://snomed.info/sct",
          "code" : "264362003",
          "display" : "Dwelling"
        }]
      }
    }
  },
  {
    "fullUrl" : "https://github.com/RicardoLSantos/shorthand/ValueSet/measurement-device-type-vs",
    "resource" : {
      "resourceType" : "ValueSet",
      "text" : {
        "status" : "generated",
        "div" : "<div xmlns=\"http://www.w3.org/1999/xhtml\"><p class=\"res-header-id\"><b>Generated Narrative: ValueSet </b></p><p style=\"border: black 1px dotted; background-color: #EEEEEE; padding: 8px; margin-bottom: 8px\">Expansion based on SNOMED CT International edition 01-ago. 2024</p><p>This value set contains 3 concepts</p><table class=\"codes\"><tr><td style=\"white-space:nowrap\"><b>Code</b></td><td><b>System</b></td><td><b>Display</b></td><td><b>Inactive</b></td></tr><tr><td style=\"white-space:nowrap\"><a name=\"x-http://snomed.info/sct-706767009\"> </a>\u00a0\u00a0<a href=\"http://snomed.info/id/706767009\">706767009</a></td><td>http://snomed.info/sct</td><td>Patient data recorder</td><td/></tr><tr><td style=\"white-space:nowrap\"><a name=\"x-http://snomed.info/sct-444699000\"> </a>\u00a0\u00a0<a href=\"http://snomed.info/id/444699000\">444699000</a></td><td>http://snomed.info/sct</td><td>Medullary cystic kidney disease type 1 (disorder)</td><td>inactive</td></tr><tr><td style=\"white-space:nowrap\"><a name=\"x-http://snomed.info/sct-44056008\"> </a>\u00a0\u00a0<a href=\"http://snomed.info/id/44056008\">44056008</a></td><td>http://snomed.info/sct</td><td>Caliper</td><td/></tr></table></div>"
      },
      "url" : "https://github.com/RicardoLSantos/shorthand/ValueSet/measurement-device-type-vs",
      "version" : "0.1.0",
      "name" : "MeasurementDeviceTypeVS",
      "title" : "Measurement Device Type Value Set",
      "status" : "draft",
      "date" : "2024-12-26T11:41:10+00:00",
      "expansion" : {
        "identifier" : "urn:uuid:fedfcb7a-0f39-4ece-b35e-eb681ddb90c1",
        "timestamp" : "2024-12-26T11:42:16+00:00",
        "total" : 3,
        "offset" : 0,
        "parameter" : [{
          "name" : "count",
          "valueInteger" : 1000
        },
        {
          "name" : "offset",
          "valueInteger" : 0
        },
        {
          "name" : "excludeNested",
          "valueBoolean" : false
        },
        {
          "name" : "used-valueset",
          "valueUri" : "null"
        },
        {
          "name" : "used-codesystem",
          "valueUri" : "http://snomed.info/sct|http://snomed.info/sct/900000000000207008/version/20240801"
        },
        {
          "name" : "version",
          "valueUri" : "http://snomed.info/sct|http://snomed.info/sct/900000000000207008/version/20240801"
        }],
        "contains" : [{
          "system" : "http://snomed.info/sct",
          "code" : "706767009",
          "display" : "Patient data recorder"
        },
        {
          "system" : "http://snomed.info/sct",
          "inactive" : true,
          "code" : "444699000",
          "display" : "Medullary cystic kidney disease type 1 (disorder)"
        },
        {
          "system" : "http://snomed.info/sct",
          "code" : "44056008",
          "display" : "Caliper"
        }]
      }
    }
  },
  {
    "fullUrl" : "https://github.com/RicardoLSantos/shorthand/ValueSet/measurement-quality-vs",
    "resource" : {
      "resourceType" : "ValueSet",
      "text" : {
        "status" : "generated",
        "div" : "<div xmlns=\"http://www.w3.org/1999/xhtml\"><p class=\"res-header-id\"><b>Generated Narrative: ValueSet </b></p><p style=\"border: black 1px dotted; background-color: #EEEEEE; padding: 8px; margin-bottom: 8px\">Expansion based on SNOMED CT International edition 01-ago. 2024</p><p>This value set contains 3 concepts</p><table class=\"codes\"><tr><td style=\"white-space:nowrap\"><b>Code</b></td><td><b>System</b></td><td><b>Display</b></td></tr><tr><td style=\"white-space:nowrap\"><a name=\"x-http://snomed.info/sct-723510000\"> </a>\u00a0\u00a0<a href=\"http://snomed.info/id/723510000\">723510000</a></td><td>http://snomed.info/sct</td><td>Entered in error (qualifier value)</td></tr><tr><td style=\"white-space:nowrap\"><a name=\"x-http://snomed.info/sct-723511001\"> </a>\u00a0\u00a0<a href=\"http://snomed.info/id/723511001\">723511001</a></td><td>http://snomed.info/sct</td><td>Refuted (qualifier value)</td></tr><tr><td style=\"white-space:nowrap\"><a name=\"x-http://snomed.info/sct-723512008\"> </a>\u00a0\u00a0<a href=\"http://snomed.info/id/723512008\">723512008</a></td><td>http://snomed.info/sct</td><td>Revesz syndrome (disorder)</td></tr></table></div>"
      },
      "url" : "https://github.com/RicardoLSantos/shorthand/ValueSet/measurement-quality-vs",
      "version" : "0.1.0",
      "name" : "MeasurementQualityVS",
      "title" : "Measurement Quality Value Set",
      "status" : "draft",
      "date" : "2024-12-26T11:41:10+00:00",
      "expansion" : {
        "identifier" : "urn:uuid:0ae82c82-7926-4fcb-b884-c0f4e7155bd1",
        "timestamp" : "2024-12-26T11:42:16+00:00",
        "total" : 3,
        "offset" : 0,
        "parameter" : [{
          "name" : "count",
          "valueInteger" : 1000
        },
        {
          "name" : "offset",
          "valueInteger" : 0
        },
        {
          "name" : "excludeNested",
          "valueBoolean" : false
        },
        {
          "name" : "used-valueset",
          "valueUri" : "null"
        },
        {
          "name" : "used-codesystem",
          "valueUri" : "http://snomed.info/sct|http://snomed.info/sct/900000000000207008/version/20240801"
        },
        {
          "name" : "version",
          "valueUri" : "http://snomed.info/sct|http://snomed.info/sct/900000000000207008/version/20240801"
        }],
        "contains" : [{
          "system" : "http://snomed.info/sct",
          "code" : "723510000",
          "display" : "Entered in error (qualifier value)"
        },
        {
          "system" : "http://snomed.info/sct",
          "code" : "723511001",
          "display" : "Refuted (qualifier value)"
        },
        {
          "system" : "http://snomed.info/sct",
          "code" : "723512008",
          "display" : "Revesz syndrome (disorder)"
        }]
      }
    }
  },
  {
    "fullUrl" : "https://github.com/RicardoLSantos/shorthand/ValueSet/mindfulness-outcome-vs",
    "resource" : {
      "resourceType" : "ValueSet",
      "text" : {
        "status" : "generated",
        "div" : "<div xmlns=\"http://www.w3.org/1999/xhtml\"><p class=\"res-header-id\"><b>Generated Narrative: ValueSet </b></p><div style=\"border: black 1px dotted; background-color: #EEEEEE; padding: 8px; margin-bottom: 8px\"><p>Expansion based on:</p><ul><li>SNOMED CT International edition 01-ago. 2024</li><li><a href=\"CodeSystem-mindfulness-outcome-cs.html\">codesystem Mindfulness Outcomes v0.1.0 (CodeSystem)</a></li></ul></div><p>This value set contains 7 concepts</p><table class=\"codes\"><tr><td style=\"white-space:nowrap\"><b>Code</b></td><td><b>System</b></td><td><b>Display</b></td><td><b>Definition</b></td></tr><tr><td style=\"white-space:nowrap\"><a name=\"x-https://github.com/RicardoLSantos/shorthand/CodeSystem/mindfulness-outcome-cs-increasedAwareness\"> </a>\u00a0\u00a0<a href=\"CodeSystem-mindfulness-outcome-cs.html#mindfulness-outcome-cs-increasedAwareness\">increasedAwareness</a></td><td>https://github.com/RicardoLSantos/shorthand/CodeSystem/mindfulness-outcome-cs</td><td>Increased Awareness</td><td><div><p>Greater awareness of thoughts and sensations</p>\n</div></td></tr><tr><td style=\"white-space:nowrap\"><a name=\"x-https://github.com/RicardoLSantos/shorthand/CodeSystem/mindfulness-outcome-cs-improvedFocus\"> </a>\u00a0\u00a0<a href=\"CodeSystem-mindfulness-outcome-cs.html#mindfulness-outcome-cs-improvedFocus\">improvedFocus</a></td><td>https://github.com/RicardoLSantos/shorthand/CodeSystem/mindfulness-outcome-cs</td><td>Improved Focus</td><td><div><p>Enhanced ability to concentrate</p>\n</div></td></tr><tr><td style=\"white-space:nowrap\"><a name=\"x-https://github.com/RicardoLSantos/shorthand/CodeSystem/mindfulness-outcome-cs-stressReduction\"> </a>\u00a0\u00a0<a href=\"CodeSystem-mindfulness-outcome-cs.html#mindfulness-outcome-cs-stressReduction\">stressReduction</a></td><td>https://github.com/RicardoLSantos/shorthand/CodeSystem/mindfulness-outcome-cs</td><td>Stress Reduction</td><td><div><p>Decreased levels of stress and tension</p>\n</div></td></tr><tr><td style=\"white-space:nowrap\"><a name=\"x-https://github.com/RicardoLSantos/shorthand/CodeSystem/mindfulness-outcome-cs-emotionalBalance\"> </a>\u00a0\u00a0<a href=\"CodeSystem-mindfulness-outcome-cs.html#mindfulness-outcome-cs-emotionalBalance\">emotionalBalance</a></td><td>https://github.com/RicardoLSantos/shorthand/CodeSystem/mindfulness-outcome-cs</td><td>Emotional Balance</td><td><div><p>Better emotional regulation</p>\n</div></td></tr><tr><td style=\"white-space:nowrap\"><a name=\"x-https://github.com/RicardoLSantos/shorthand/CodeSystem/mindfulness-outcome-cs-improvedSleep\"> </a>\u00a0\u00a0<a href=\"CodeSystem-mindfulness-outcome-cs.html#mindfulness-outcome-cs-improvedSleep\">improvedSleep</a></td><td>https://github.com/RicardoLSantos/shorthand/CodeSystem/mindfulness-outcome-cs</td><td>Improved Sleep</td><td><div><p>Enhanced sleep quality</p>\n</div></td></tr><tr><td style=\"white-space:nowrap\"><a name=\"x-http://snomed.info/sct-365949003\"> </a>\u00a0\u00a0<a href=\"http://snomed.info/id/365949003\">365949003</a></td><td>http://snomed.info/sct</td><td>Health-related behavior finding</td><td><div/></td></tr><tr><td style=\"white-space:nowrap\"><a name=\"x-http://snomed.info/sct-373931001\"> </a>\u00a0\u00a0<a href=\"http://snomed.info/id/373931001\">373931001</a></td><td>http://snomed.info/sct</td><td>Sensation of heaviness in limbs (finding)</td><td><div/></td></tr></table></div>"
      },
      "url" : "https://github.com/RicardoLSantos/shorthand/ValueSet/mindfulness-outcome-vs",
      "version" : "0.1.0",
      "name" : "MindfulnessOutcomeVS",
      "title" : "Mindfulness Outcomes Value Set",
      "status" : "draft",
      "experimental" : false,
      "date" : "2024-12-26T11:41:10+00:00",
      "expansion" : {
        "identifier" : "urn:uuid:d28ae3fa-ab98-4673-9e37-6fe718d9353d",
        "timestamp" : "2024-12-26T11:42:16+00:00",
        "total" : 7,
        "offset" : 0,
        "parameter" : [{
          "name" : "count",
          "valueInteger" : 1000
        },
        {
          "name" : "offset",
          "valueInteger" : 0
        },
        {
          "name" : "excludeNested",
          "valueBoolean" : false
        },
        {
          "name" : "used-codesystem",
          "valueUri" : "https://github.com/RicardoLSantos/shorthand/CodeSystem/mindfulness-outcome-cs|0.1.0"
        },
        {
          "name" : "used-valueset",
          "valueUri" : "null"
        },
        {
          "name" : "excludeNested",
          "valueBoolean" : true
        },
        {
          "name" : "used-codesystem",
          "valueUri" : "http://snomed.info/sct|http://snomed.info/sct/900000000000207008/version/20240801"
        },
        {
          "name" : "version",
          "valueUri" : "http://snomed.info/sct|http://snomed.info/sct/900000000000207008/version/20240801"
        }],
        "contains" : [{
          "system" : "https://github.com/RicardoLSantos/shorthand/CodeSystem/mindfulness-outcome-cs",
          "code" : "increasedAwareness",
          "display" : "Increased Awareness"
        },
        {
          "system" : "https://github.com/RicardoLSantos/shorthand/CodeSystem/mindfulness-outcome-cs",
          "code" : "improvedFocus",
          "display" : "Improved Focus"
        },
        {
          "system" : "https://github.com/RicardoLSantos/shorthand/CodeSystem/mindfulness-outcome-cs",
          "code" : "stressReduction",
          "display" : "Stress Reduction"
        },
        {
          "system" : "https://github.com/RicardoLSantos/shorthand/CodeSystem/mindfulness-outcome-cs",
          "code" : "emotionalBalance",
          "display" : "Emotional Balance"
        },
        {
          "system" : "https://github.com/RicardoLSantos/shorthand/CodeSystem/mindfulness-outcome-cs",
          "code" : "improvedSleep",
          "display" : "Improved Sleep"
        },
        {
          "system" : "http://snomed.info/sct",
          "code" : "365949003",
          "display" : "Health-related behavior finding"
        },
        {
          "system" : "http://snomed.info/sct",
          "code" : "373931001",
          "display" : "Sensation of heaviness in limbs (finding)"
        }]
      }
    }
  },
  {
    "fullUrl" : "https://github.com/RicardoLSantos/shorthand/ValueSet/mindfulness-qualifier-vs",
    "resource" : {
      "resourceType" : "ValueSet",
      "text" : {
        "status" : "generated",
        "div" : "<div xmlns=\"http://www.w3.org/1999/xhtml\"><p class=\"res-header-id\"><b>Generated Narrative: ValueSet </b></p><div style=\"border: black 1px dotted; background-color: #EEEEEE; padding: 8px; margin-bottom: 8px\"><p>Expansion based on:</p><ul><li>SNOMED CT International edition 01-ago. 2024</li><li><a href=\"CodeSystem-mindfulness-qualifier-cs.html\">codesystem Mindfulness Practice Qualifiers v0.1.0 (CodeSystem)</a></li></ul></div><p>This value set contains 6 concepts</p><table class=\"codes\"><tr><td style=\"white-space:nowrap\"><b>Code</b></td><td><b>System</b></td><td><b>Display</b></td><td><b>Definition</b></td></tr><tr><td style=\"white-space:nowrap\"><a name=\"x-https://github.com/RicardoLSantos/shorthand/CodeSystem/mindfulness-qualifier-cs-guided\"> </a>\u00a0\u00a0<a href=\"CodeSystem-mindfulness-qualifier-cs.html#mindfulness-qualifier-cs-guided\">guided</a></td><td>https://github.com/RicardoLSantos/shorthand/CodeSystem/mindfulness-qualifier-cs</td><td>Guided Practice</td><td><div><p>Practice with guidance or instruction</p>\n</div></td></tr><tr><td style=\"white-space:nowrap\"><a name=\"x-https://github.com/RicardoLSantos/shorthand/CodeSystem/mindfulness-qualifier-cs-selfDirected\"> </a>\u00a0\u00a0<a href=\"CodeSystem-mindfulness-qualifier-cs.html#mindfulness-qualifier-cs-selfDirected\">selfDirected</a></td><td>https://github.com/RicardoLSantos/shorthand/CodeSystem/mindfulness-qualifier-cs</td><td>Self-Directed</td><td><div><p>Independent practice</p>\n</div></td></tr><tr><td style=\"white-space:nowrap\"><a name=\"x-https://github.com/RicardoLSantos/shorthand/CodeSystem/mindfulness-qualifier-cs-group\"> </a>\u00a0\u00a0<a href=\"CodeSystem-mindfulness-qualifier-cs.html#mindfulness-qualifier-cs-group\">group</a></td><td>https://github.com/RicardoLSantos/shorthand/CodeSystem/mindfulness-qualifier-cs</td><td>Group Practice</td><td><div><p>Practice in group setting</p>\n</div></td></tr><tr><td style=\"white-space:nowrap\"><a name=\"x-https://github.com/RicardoLSantos/shorthand/CodeSystem/mindfulness-qualifier-cs-individual\"> </a>\u00a0\u00a0<a href=\"CodeSystem-mindfulness-qualifier-cs.html#mindfulness-qualifier-cs-individual\">individual</a></td><td>https://github.com/RicardoLSantos/shorthand/CodeSystem/mindfulness-qualifier-cs</td><td>Individual Practice</td><td><div><p>Solo practice session</p>\n</div></td></tr><tr><td style=\"white-space:nowrap\"><a name=\"x-http://snomed.info/sct-410534003\"> </a>\u00a0\u00a0<a href=\"http://snomed.info/id/410534003\">410534003</a></td><td>http://snomed.info/sct</td><td>Not indicated (qualifier value)</td><td><div/></td></tr><tr><td style=\"white-space:nowrap\"><a name=\"x-http://snomed.info/sct-225386006\"> </a>\u00a0\u00a0<a href=\"http://snomed.info/id/225386006\">225386006</a></td><td>http://snomed.info/sct</td><td>Evaluating patient status for discharge</td><td><div/></td></tr></table></div>"
      },
      "url" : "https://github.com/RicardoLSantos/shorthand/ValueSet/mindfulness-qualifier-vs",
      "version" : "0.1.0",
      "name" : "MindfulnessQualifierVS",
      "title" : "Mindfulness Practice Qualifiers Value Set",
      "status" : "draft",
      "experimental" : false,
      "date" : "2024-12-26T11:41:10+00:00",
      "expansion" : {
        "identifier" : "urn:uuid:21c4394e-4cfc-4a3d-83f1-3bc57404c5b1",
        "timestamp" : "2024-12-26T11:42:16+00:00",
        "total" : 6,
        "offset" : 0,
        "parameter" : [{
          "name" : "count",
          "valueInteger" : 1000
        },
        {
          "name" : "offset",
          "valueInteger" : 0
        },
        {
          "name" : "excludeNested",
          "valueBoolean" : false
        },
        {
          "name" : "used-codesystem",
          "valueUri" : "https://github.com/RicardoLSantos/shorthand/CodeSystem/mindfulness-qualifier-cs|0.1.0"
        },
        {
          "name" : "used-valueset",
          "valueUri" : "null"
        },
        {
          "name" : "excludeNested",
          "valueBoolean" : true
        },
        {
          "name" : "used-codesystem",
          "valueUri" : "http://snomed.info/sct|http://snomed.info/sct/900000000000207008/version/20240801"
        },
        {
          "name" : "version",
          "valueUri" : "http://snomed.info/sct|http://snomed.info/sct/900000000000207008/version/20240801"
        }],
        "contains" : [{
          "system" : "https://github.com/RicardoLSantos/shorthand/CodeSystem/mindfulness-qualifier-cs",
          "code" : "guided",
          "display" : "Guided Practice"
        },
        {
          "system" : "https://github.com/RicardoLSantos/shorthand/CodeSystem/mindfulness-qualifier-cs",
          "code" : "selfDirected",
          "display" : "Self-Directed"
        },
        {
          "system" : "https://github.com/RicardoLSantos/shorthand/CodeSystem/mindfulness-qualifier-cs",
          "code" : "group",
          "display" : "Group Practice"
        },
        {
          "system" : "https://github.com/RicardoLSantos/shorthand/CodeSystem/mindfulness-qualifier-cs",
          "code" : "individual",
          "display" : "Individual Practice"
        },
        {
          "system" : "http://snomed.info/sct",
          "code" : "410534003",
          "display" : "Not indicated (qualifier value)"
        },
        {
          "system" : "http://snomed.info/sct",
          "code" : "225386006",
          "display" : "Evaluating patient status for discharge"
        }]
      }
    }
  },
  {
    "fullUrl" : "https://github.com/RicardoLSantos/shorthand/ValueSet/mindfulness-type-vs",
    "resource" : {
      "resourceType" : "ValueSet",
      "text" : {
        "status" : "generated",
        "div" : "<div xmlns=\"http://www.w3.org/1999/xhtml\"><p class=\"res-header-id\"><b>Generated Narrative: ValueSet </b></p><p style=\"border: black 1px dotted; background-color: #EEEEEE; padding: 8px; margin-bottom: 8px\">Expansion based on <a href=\"CodeSystem-mindfulness-type-cs.html\">codesystem Mindfulness Practice Types v0.1.0 (CodeSystem)</a></p><p>This value set contains 5 concepts</p><table class=\"codes\"><tr><td style=\"white-space:nowrap\"><b>Code</b></td><td><b>System</b></td><td><b>Display</b></td><td><b>Definition</b></td></tr><tr><td style=\"white-space:nowrap\"><a name=\"x-https://github.com/RicardoLSantos/shorthand/CodeSystem/mindfulness-type-cs-meditation\"> </a>\u00a0\u00a0<a href=\"CodeSystem-mindfulness-type-cs.html#mindfulness-type-cs-meditation\">meditation</a></td><td>https://github.com/RicardoLSantos/shorthand/CodeSystem/mindfulness-type-cs</td><td>Meditation</td><td><div><p>Focused meditation practice</p>\n</div></td></tr><tr><td style=\"white-space:nowrap\"><a name=\"x-https://github.com/RicardoLSantos/shorthand/CodeSystem/mindfulness-type-cs-breathing\"> </a>\u00a0\u00a0<a href=\"CodeSystem-mindfulness-type-cs.html#mindfulness-type-cs-breathing\">breathing</a></td><td>https://github.com/RicardoLSantos/shorthand/CodeSystem/mindfulness-type-cs</td><td>Breathing Exercise</td><td><div><p>Conscious breathing techniques</p>\n</div></td></tr><tr><td style=\"white-space:nowrap\"><a name=\"x-https://github.com/RicardoLSantos/shorthand/CodeSystem/mindfulness-type-cs-bodyScan\"> </a>\u00a0\u00a0<a href=\"CodeSystem-mindfulness-type-cs.html#mindfulness-type-cs-bodyScan\">bodyScan</a></td><td>https://github.com/RicardoLSantos/shorthand/CodeSystem/mindfulness-type-cs</td><td>Body Scan</td><td><div><p>Progressive body awareness practice</p>\n</div></td></tr><tr><td style=\"white-space:nowrap\"><a name=\"x-https://github.com/RicardoLSantos/shorthand/CodeSystem/mindfulness-type-cs-walking\"> </a>\u00a0\u00a0<a href=\"CodeSystem-mindfulness-type-cs.html#mindfulness-type-cs-walking\">walking</a></td><td>https://github.com/RicardoLSantos/shorthand/CodeSystem/mindfulness-type-cs</td><td>Mindful Walking</td><td><div><p>Walking meditation practice</p>\n</div></td></tr><tr><td style=\"white-space:nowrap\"><a name=\"x-https://github.com/RicardoLSantos/shorthand/CodeSystem/mindfulness-type-cs-movement\"> </a>\u00a0\u00a0<a href=\"CodeSystem-mindfulness-type-cs.html#mindfulness-type-cs-movement\">movement</a></td><td>https://github.com/RicardoLSantos/shorthand/CodeSystem/mindfulness-type-cs</td><td>Mindful Movement</td><td><div><p>Conscious movement practice</p>\n</div></td></tr></table></div>"
      },
      "url" : "https://github.com/RicardoLSantos/shorthand/ValueSet/mindfulness-type-vs",
      "version" : "0.1.0",
      "name" : "MindfulnessTypeVS",
      "title" : "Mindfulness Practice Types Value Set",
      "status" : "draft",
      "experimental" : false,
      "date" : "2024-12-26T11:41:10+00:00",
      "expansion" : {
        "identifier" : "urn:uuid:8db3aaad-8a68-4f8a-be65-564980ebb147",
        "timestamp" : "2024-12-26T11:42:16+00:00",
        "total" : 5,
        "offset" : 0,
        "parameter" : [{
          "name" : "count",
          "valueInteger" : 1000
        },
        {
          "name" : "offset",
          "valueInteger" : 0
        },
        {
          "name" : "excludeNested",
          "valueBoolean" : false
        },
        {
          "name" : "used-codesystem",
          "valueUri" : "https://github.com/RicardoLSantos/shorthand/CodeSystem/mindfulness-type-cs|0.1.0"
        }],
        "contains" : [{
          "system" : "https://github.com/RicardoLSantos/shorthand/CodeSystem/mindfulness-type-cs",
          "code" : "meditation",
          "display" : "Meditation"
        },
        {
          "system" : "https://github.com/RicardoLSantos/shorthand/CodeSystem/mindfulness-type-cs",
          "code" : "breathing",
          "display" : "Breathing Exercise"
        },
        {
          "system" : "https://github.com/RicardoLSantos/shorthand/CodeSystem/mindfulness-type-cs",
          "code" : "bodyScan",
          "display" : "Body Scan"
        },
        {
          "system" : "https://github.com/RicardoLSantos/shorthand/CodeSystem/mindfulness-type-cs",
          "code" : "walking",
          "display" : "Mindful Walking"
        },
        {
          "system" : "https://github.com/RicardoLSantos/shorthand/CodeSystem/mindfulness-type-cs",
          "code" : "movement",
          "display" : "Mindful Movement"
        }]
      }
    }
  },
  {
    "fullUrl" : "https://github.com/RicardoLSantos/shorthand/ValueSet/mood-vs",
    "resource" : {
      "resourceType" : "ValueSet",
      "text" : {
        "status" : "generated",
        "div" : "<div xmlns=\"http://www.w3.org/1999/xhtml\"><p class=\"res-header-id\"><b>Generated Narrative: ValueSet </b></p><p style=\"border: black 1px dotted; background-color: #EEEEEE; padding: 8px; margin-bottom: 8px\">Expansion based on SNOMED CT International edition 01-ago. 2024</p><p>This value set contains 6 concepts</p><table class=\"codes\"><tr><td style=\"white-space:nowrap\"><b>Code</b></td><td><b>System</b></td><td><b>Display</b></td><td><b>Inactive</b></td></tr><tr><td style=\"white-space:nowrap\"><a name=\"x-http://snomed.info/sct-285854004\"> </a>\u00a0\u00a0<a href=\"http://snomed.info/id/285854004\">285854004</a></td><td>http://snomed.info/sct</td><td>Emotion</td><td/></tr><tr><td style=\"white-space:nowrap\"><a name=\"x-http://snomed.info/sct-130987000\"> </a>\u00a0\u00a0<a href=\"http://snomed.info/id/130987000\">130987000</a></td><td>http://snomed.info/sct</td><td>Acute confusion</td><td/></tr><tr><td style=\"white-space:nowrap\"><a name=\"x-http://snomed.info/sct-130988005\"> </a>\u00a0\u00a0<a href=\"http://snomed.info/id/130988005\">130988005</a></td><td>http://snomed.info/sct</td><td>Chronic confusion</td><td/></tr><tr><td style=\"white-space:nowrap\"><a name=\"x-http://snomed.info/sct-130989002\"> </a>\u00a0\u00a0<a href=\"http://snomed.info/id/130989002\">130989002</a></td><td>http://snomed.info/sct</td><td>Sleep deprivation</td><td/></tr><tr><td style=\"white-space:nowrap\"><a name=\"x-http://snomed.info/sct-130990006\"> </a>\u00a0\u00a0<a href=\"http://snomed.info/id/130990006\">130990006</a></td><td>http://snomed.info/sct</td><td>Transcortical aphasia</td><td/></tr><tr><td style=\"white-space:nowrap\"><a name=\"x-http://snomed.info/sct-130991005\"> </a>\u00a0\u00a0<a href=\"http://snomed.info/id/130991005\">130991005</a></td><td>http://snomed.info/sct</td><td>Transcortical sensory aphasia</td><td>inactive</td></tr></table></div>"
      },
      "url" : "https://github.com/RicardoLSantos/shorthand/ValueSet/mood-vs",
      "version" : "0.1.0",
      "name" : "MoodValueSet",
      "title" : "Mood Value Set",
      "status" : "draft",
      "experimental" : false,
      "date" : "2024-12-26T11:41:10+00:00",
      "expansion" : {
        "identifier" : "urn:uuid:d329b667-40a6-463b-adf6-7057b3597967",
        "timestamp" : "2024-12-26T11:42:16+00:00",
        "total" : 6,
        "offset" : 0,
        "parameter" : [{
          "name" : "count",
          "valueInteger" : 1000
        },
        {
          "name" : "offset",
          "valueInteger" : 0
        },
        {
          "name" : "excludeNested",
          "valueBoolean" : false
        },
        {
          "name" : "used-valueset",
          "valueUri" : "null"
        },
        {
          "name" : "used-codesystem",
          "valueUri" : "http://snomed.info/sct|http://snomed.info/sct/900000000000207008/version/20240801"
        },
        {
          "name" : "version",
          "valueUri" : "http://snomed.info/sct|http://snomed.info/sct/900000000000207008/version/20240801"
        }],
        "contains" : [{
          "system" : "http://snomed.info/sct",
          "code" : "285854004",
          "display" : "Emotion"
        },
        {
          "system" : "http://snomed.info/sct",
          "code" : "130987000",
          "display" : "Acute confusion"
        },
        {
          "system" : "http://snomed.info/sct",
          "code" : "130988005",
          "display" : "Chronic confusion"
        },
        {
          "system" : "http://snomed.info/sct",
          "code" : "130989002",
          "display" : "Sleep deprivation"
        },
        {
          "system" : "http://snomed.info/sct",
          "code" : "130990006",
          "display" : "Transcortical aphasia"
        },
        {
          "system" : "http://snomed.info/sct",
          "inactive" : true,
          "code" : "130991005",
          "display" : "Transcortical sensory aphasia"
        }]
      }
    }
  },
  {
    "fullUrl" : "https://github.com/RicardoLSantos/shorthand/ValueSet/nutrition-data-source-vs",
    "resource" : {
      "resourceType" : "ValueSet",
      "text" : {
        "status" : "generated",
        "div" : "<div xmlns=\"http://www.w3.org/1999/xhtml\"><p class=\"res-header-id\"><b>Generated Narrative: ValueSet </b></p><p style=\"border: black 1px dotted; background-color: #EEEEEE; padding: 8px; margin-bottom: 8px\">Expansion based on <a href=\"CodeSystem-nutrition-data-source-cs.html\">codesystem Nutrition Data Source Code System v0.1.0 (CodeSystem)</a></p><p>This value set contains 4 concepts</p><table class=\"codes\"><tr><td style=\"white-space:nowrap\"><b>Code</b></td><td><b>System</b></td><td><b>Display</b></td><td><b>Definition</b></td></tr><tr><td style=\"white-space:nowrap\"><a name=\"x-https://github.com/RicardoLSantos/shorthand/CodeSystem/nutrition-data-source-cs-manual\"> </a>\u00a0\u00a0<a href=\"CodeSystem-nutrition-data-source-cs.html#nutrition-data-source-cs-manual\">manual</a></td><td>https://github.com/RicardoLSantos/shorthand/CodeSystem/nutrition-data-source-cs</td><td>Manual Entry</td><td><div><p>Data entered manually by user</p>\n</div></td></tr><tr><td style=\"white-space:nowrap\"><a name=\"x-https://github.com/RicardoLSantos/shorthand/CodeSystem/nutrition-data-source-cs-app\"> </a>\u00a0\u00a0<a href=\"CodeSystem-nutrition-data-source-cs.html#nutrition-data-source-cs-app\">app</a></td><td>https://github.com/RicardoLSantos/shorthand/CodeSystem/nutrition-data-source-cs</td><td>App Integration</td><td><div><p>Data from integrated third-party apps</p>\n</div></td></tr><tr><td style=\"white-space:nowrap\"><a name=\"x-https://github.com/RicardoLSantos/shorthand/CodeSystem/nutrition-data-source-cs-device\"> </a>\u00a0\u00a0<a href=\"CodeSystem-nutrition-data-source-cs.html#nutrition-data-source-cs-device\">device</a></td><td>https://github.com/RicardoLSantos/shorthand/CodeSystem/nutrition-data-source-cs</td><td>Connected Device</td><td><div><p>Data from connected nutrition tracking devices</p>\n</div></td></tr><tr><td style=\"white-space:nowrap\"><a name=\"x-https://github.com/RicardoLSantos/shorthand/CodeSystem/nutrition-data-source-cs-questionnaire\"> </a>\u00a0\u00a0<a href=\"CodeSystem-nutrition-data-source-cs.html#nutrition-data-source-cs-questionnaire\">questionnaire</a></td><td>https://github.com/RicardoLSantos/shorthand/CodeSystem/nutrition-data-source-cs</td><td>Questionnaire Response</td><td><div><p>Data collected through questionnaires</p>\n</div></td></tr></table></div>"
      },
      "url" : "https://github.com/RicardoLSantos/shorthand/ValueSet/nutrition-data-source-vs",
      "version" : "0.1.0",
      "name" : "NutritionDataSourceVS",
      "title" : "Nutrition Data Source Value Set",
      "status" : "draft",
      "experimental" : false,
      "date" : "2024-12-14",
      "expansion" : {
        "identifier" : "urn:uuid:1441a5f8-5f97-47b5-a9d0-925ab6ed9347",
        "timestamp" : "2024-12-26T11:42:16+00:00",
        "total" : 4,
        "offset" : 0,
        "parameter" : [{
          "name" : "count",
          "valueInteger" : 1000
        },
        {
          "name" : "offset",
          "valueInteger" : 0
        },
        {
          "name" : "excludeNested",
          "valueBoolean" : false
        },
        {
          "name" : "used-codesystem",
          "valueUri" : "https://github.com/RicardoLSantos/shorthand/CodeSystem/nutrition-data-source-cs|0.1.0"
        }],
        "contains" : [{
          "system" : "https://github.com/RicardoLSantos/shorthand/CodeSystem/nutrition-data-source-cs",
          "code" : "manual",
          "display" : "Manual Entry"
        },
        {
          "system" : "https://github.com/RicardoLSantos/shorthand/CodeSystem/nutrition-data-source-cs",
          "code" : "app",
          "display" : "App Integration"
        },
        {
          "system" : "https://github.com/RicardoLSantos/shorthand/CodeSystem/nutrition-data-source-cs",
          "code" : "device",
          "display" : "Connected Device"
        },
        {
          "system" : "https://github.com/RicardoLSantos/shorthand/CodeSystem/nutrition-data-source-cs",
          "code" : "questionnaire",
          "display" : "Questionnaire Response"
        }]
      }
    }
  },
  {
    "fullUrl" : "https://github.com/RicardoLSantos/shorthand/ValueSet/physical-activity-type-vs",
    "resource" : {
      "resourceType" : "ValueSet",
      "text" : {
        "status" : "generated",
        "div" : "<div xmlns=\"http://www.w3.org/1999/xhtml\"><p class=\"res-header-id\"><b>Generated Narrative: ValueSet </b></p><p style=\"border: black 1px dotted; background-color: #EEEEEE; padding: 8px; margin-bottom: 8px\">Expansion based on SNOMED CT International edition 01-ago. 2024</p><p>This value set contains 4 concepts</p><table class=\"codes\"><tr><td style=\"white-space:nowrap\"><b>Code</b></td><td><b>System</b></td><td><b>Display</b></td></tr><tr><td style=\"white-space:nowrap\"><a name=\"x-http://snomed.info/sct-255604002\"> </a>\u00a0\u00a0<a href=\"http://snomed.info/id/255604002\">255604002</a></td><td>http://snomed.info/sct</td><td>Mild</td></tr><tr><td style=\"white-space:nowrap\"><a name=\"x-http://snomed.info/sct-228557008\"> </a>\u00a0\u00a0<a href=\"http://snomed.info/id/228557008\">228557008</a></td><td>http://snomed.info/sct</td><td>Cognitive and behavioral therapy</td></tr><tr><td style=\"white-space:nowrap\"><a name=\"x-http://snomed.info/sct-266938001\"> </a>\u00a0\u00a0<a href=\"http://snomed.info/id/266938001\">266938001</a></td><td>http://snomed.info/sct</td><td>Hospital patient</td></tr><tr><td style=\"white-space:nowrap\"><a name=\"x-http://snomed.info/sct-266940006\"> </a>\u00a0\u00a0<a href=\"http://snomed.info/id/266940006\">266940006</a></td><td>http://snomed.info/sct</td><td>Lives in squat</td></tr></table></div>"
      },
      "url" : "https://github.com/RicardoLSantos/shorthand/ValueSet/physical-activity-type-vs",
      "version" : "0.1.0",
      "name" : "PhysicalActivityTypeVS",
      "title" : "Physical Activity Types Value Set",
      "status" : "active",
      "date" : "2024-12-26T11:41:10+00:00",
      "expansion" : {
        "identifier" : "urn:uuid:2d511902-11f7-4af9-ace6-777aefbc8be6",
        "timestamp" : "2024-12-26T11:42:16+00:00",
        "total" : 4,
        "offset" : 0,
        "parameter" : [{
          "name" : "count",
          "valueInteger" : 1000
        },
        {
          "name" : "offset",
          "valueInteger" : 0
        },
        {
          "name" : "excludeNested",
          "valueBoolean" : false
        },
        {
          "name" : "used-valueset",
          "valueUri" : "null"
        },
        {
          "name" : "used-codesystem",
          "valueUri" : "http://snomed.info/sct|http://snomed.info/sct/900000000000207008/version/20240801"
        },
        {
          "name" : "version",
          "valueUri" : "http://snomed.info/sct|http://snomed.info/sct/900000000000207008/version/20240801"
        }],
        "contains" : [{
          "system" : "http://snomed.info/sct",
          "code" : "255604002",
          "display" : "Mild"
        },
        {
          "system" : "http://snomed.info/sct",
          "code" : "228557008",
          "display" : "Cognitive and behavioral therapy"
        },
        {
          "system" : "http://snomed.info/sct",
          "code" : "266938001",
          "display" : "Hospital patient"
        },
        {
          "system" : "http://snomed.info/sct",
          "code" : "266940006",
          "display" : "Lives in squat"
        }]
      }
    }
  },
  {
    "fullUrl" : "https://github.com/RicardoLSantos/shorthand/ValueSet/sleep-quality-extended-vs",
    "resource" : {
      "resourceType" : "ValueSet",
      "text" : {
        "status" : "generated",
        "div" : "<div xmlns=\"http://www.w3.org/1999/xhtml\"><p class=\"res-header-id\"><b>Generated Narrative: ValueSet </b></p><p style=\"border: black 1px dotted; background-color: #EEEEEE; padding: 8px; margin-bottom: 8px\">Expansion based on SNOMED CT International edition 01-ago. 2024</p><p>This value set contains 4 concepts</p><table class=\"codes\"><tr><td style=\"white-space:nowrap\"><b>Code</b></td><td><b>System</b></td><td><b>Display</b></td><td><b>Inactive</b></td></tr><tr><td style=\"white-space:nowrap\"><a name=\"x-http://snomed.info/sct-248220008\"> </a>\u00a0\u00a0<a href=\"http://snomed.info/id/248220008\">248220008</a></td><td>http://snomed.info/sct</td><td>Asleep</td><td/></tr><tr><td style=\"white-space:nowrap\"><a name=\"x-http://snomed.info/sct-248221007\"> </a>\u00a0\u00a0<a href=\"http://snomed.info/id/248221007\">248221007</a></td><td>http://snomed.info/sct</td><td>Consciousness clear</td><td>inactive</td></tr><tr><td style=\"white-space:nowrap\"><a name=\"x-http://snomed.info/sct-248222000\"> </a>\u00a0\u00a0<a href=\"http://snomed.info/id/248222000\">248222000</a></td><td>http://snomed.info/sct</td><td>Consciousness unimpaired</td><td>inactive</td></tr><tr><td style=\"white-space:nowrap\"><a name=\"x-http://snomed.info/sct-248223005\"> </a>\u00a0\u00a0<a href=\"http://snomed.info/id/248223005\">248223005</a></td><td>http://snomed.info/sct</td><td>Feeling faint</td><td/></tr></table></div>"
      },
      "url" : "https://github.com/RicardoLSantos/shorthand/ValueSet/sleep-quality-extended-vs",
      "version" : "0.1.0",
      "name" : "SleepQualityExtendedVS",
      "title" : "Sleep Quality Value Set",
      "status" : "draft",
      "date" : "2024-12-26T11:41:10+00:00",
      "expansion" : {
        "identifier" : "urn:uuid:68490638-c5c6-499f-84d8-58722bb9c65c",
        "timestamp" : "2024-12-26T11:42:16+00:00",
        "total" : 4,
        "offset" : 0,
        "parameter" : [{
          "name" : "count",
          "valueInteger" : 1000
        },
        {
          "name" : "offset",
          "valueInteger" : 0
        },
        {
          "name" : "excludeNested",
          "valueBoolean" : false
        },
        {
          "name" : "used-valueset",
          "valueUri" : "null"
        },
        {
          "name" : "used-codesystem",
          "valueUri" : "http://snomed.info/sct|http://snomed.info/sct/900000000000207008/version/20240801"
        },
        {
          "name" : "version",
          "valueUri" : "http://snomed.info/sct|http://snomed.info/sct/900000000000207008/version/20240801"
        }],
        "contains" : [{
          "system" : "http://snomed.info/sct",
          "code" : "248220008",
          "display" : "Asleep"
        },
        {
          "system" : "http://snomed.info/sct",
          "inactive" : true,
          "code" : "248221007",
          "display" : "Consciousness clear"
        },
        {
          "system" : "http://snomed.info/sct",
          "inactive" : true,
          "code" : "248222000",
          "display" : "Consciousness unimpaired"
        },
        {
          "system" : "http://snomed.info/sct",
          "code" : "248223005",
          "display" : "Feeling faint"
        }]
      }
    }
  },
  {
    "fullUrl" : "https://github.com/RicardoLSantos/shorthand/ValueSet/sleep-quality-vs",
    "resource" : {
      "resourceType" : "ValueSet",
      "text" : {
        "status" : "generated",
        "div" : "<div xmlns=\"http://www.w3.org/1999/xhtml\"><p class=\"res-header-id\"><b>Generated Narrative: ValueSet </b></p><p style=\"border: black 1px dotted; background-color: #EEEEEE; padding: 8px; margin-bottom: 8px\">Expansion based on SNOMED CT International edition 01-ago. 2024</p><p>This value set contains 5 concepts</p><table class=\"codes\"><tr><td style=\"white-space:nowrap\"><b>Code</b></td><td><b>System</b></td><td><b>Display</b></td></tr><tr><td style=\"white-space:nowrap\"><a name=\"x-http://snomed.info/sct-248254009\"> </a>\u00a0\u00a0<a href=\"http://snomed.info/id/248254009\">248254009</a></td><td>http://snomed.info/sct</td><td>Quality of sleep</td></tr><tr><td style=\"white-space:nowrap\"><a name=\"x-http://snomed.info/sct-248255005\"> </a>\u00a0\u00a0<a href=\"http://snomed.info/id/248255005\">248255005</a></td><td>http://snomed.info/sct</td><td>Cannot sleep at all</td></tr><tr><td style=\"white-space:nowrap\"><a name=\"x-http://snomed.info/sct-248256006\"> </a>\u00a0\u00a0<a href=\"http://snomed.info/id/248256006\">248256006</a></td><td>http://snomed.info/sct</td><td>Short of sleep</td></tr><tr><td style=\"white-space:nowrap\"><a name=\"x-http://snomed.info/sct-301345002\"> </a>\u00a0\u00a0<a href=\"http://snomed.info/id/301345002\">301345002</a></td><td>http://snomed.info/sct</td><td>Poor sleep</td></tr><tr><td style=\"white-space:nowrap\"><a name=\"x-http://snomed.info/sct-301346001\"> </a>\u00a0\u00a0<a href=\"http://snomed.info/id/301346001\">301346001</a></td><td>http://snomed.info/sct</td><td>Finding of appearance of lip</td></tr></table></div>"
      },
      "url" : "https://github.com/RicardoLSantos/shorthand/ValueSet/sleep-quality-vs",
      "version" : "0.1.0",
      "name" : "SleepQualityVS",
      "title" : "Sleep Quality Value Set",
      "status" : "active",
      "experimental" : false,
      "date" : "2024-12-26T11:41:10+00:00",
      "expansion" : {
        "identifier" : "urn:uuid:6bc4bc58-3ed4-4de2-819a-b1cf0ad4fc36",
        "timestamp" : "2024-12-26T11:42:16+00:00",
        "total" : 5,
        "offset" : 0,
        "parameter" : [{
          "name" : "count",
          "valueInteger" : 1000
        },
        {
          "name" : "offset",
          "valueInteger" : 0
        },
        {
          "name" : "excludeNested",
          "valueBoolean" : false
        },
        {
          "name" : "used-valueset",
          "valueUri" : "null"
        },
        {
          "name" : "used-codesystem",
          "valueUri" : "http://snomed.info/sct|http://snomed.info/sct/900000000000207008/version/20240801"
        },
        {
          "name" : "version",
          "valueUri" : "http://snomed.info/sct|http://snomed.info/sct/900000000000207008/version/20240801"
        }],
        "contains" : [{
          "system" : "http://snomed.info/sct",
          "code" : "248254009",
          "display" : "Quality of sleep"
        },
        {
          "system" : "http://snomed.info/sct",
          "code" : "248255005",
          "display" : "Cannot sleep at all"
        },
        {
          "system" : "http://snomed.info/sct",
          "code" : "248256006",
          "display" : "Short of sleep"
        },
        {
          "system" : "http://snomed.info/sct",
          "code" : "301345002",
          "display" : "Poor sleep"
        },
        {
          "system" : "http://snomed.info/sct",
          "code" : "301346001",
          "display" : "Finding of appearance of lip"
        }]
      }
    }
  }]
}