{"resourceType":"CodeSystem","id":"social-history-activity-cs","text":{"status":"generated","div":"<div xmlns=\"http://www.w3.org/1999/xhtml\"><p class=\"res-header-id\"><b>Narrativa gerada: CodeSystem social-history-activity-cs</b></p><a name=\"social-history-activity-cs\"> </a><a name=\"hcsocial-history-activity-cs\"> </a><p>Este  sistema de código  define o seguinte código:</p><table class=\"codes\"><tr><td style=\"white-space:nowrap\"><b>Código</b></td><td><b>Ecrã</b></td><td><b>Definição</b></td></tr><tr><td style=\"white-space:nowrap\">cycle-tracking<a name=\"social-history-activity-cs-cycle-tracking\"> </a></td><td>Cycle Tracking</td><td>Track menstrual cycle dates and characteristics</td></tr><tr><td style=\"white-space:nowrap\">temp-monitoring<a name=\"social-history-activity-cs-temp-monitoring\"> </a></td><td>Temperature Monitoring</td><td>Monitor basal body temperature</td></tr><tr><td style=\"white-space:nowrap\">symptom-tracking<a name=\"social-history-activity-cs-symptom-tracking\"> </a></td><td>Symptom Tracking</td><td>Track social-history health symptoms</td></tr><tr><td style=\"white-space:nowrap\">vitals-monitoring<a name=\"social-history-activity-cs-vitals-monitoring\"> </a></td><td>Vitals Monitoring</td><td>Monitor vital signs related to social-history health</td></tr><tr><td style=\"white-space:nowrap\">fertility-signs<a name=\"social-history-activity-cs-fertility-signs\"> </a></td><td>Fertility Signs</td><td>Monitor fertility signs and indicators</td></tr><tr><td style=\"white-space:nowrap\">mood-tracking<a name=\"social-history-activity-cs-mood-tracking\"> </a></td><td>Mood Tracking</td><td>Track mood changes related to social-history cycle</td></tr><tr><td style=\"white-space:nowrap\">medication-log<a name=\"social-history-activity-cs-medication-log\"> </a></td><td>Medication Log</td><td>Log social-history health medications</td></tr><tr><td style=\"white-space:nowrap\">exercise-tracking<a name=\"social-history-activity-cs-exercise-tracking\"> </a></td><td>Exercise Tracking</td><td>Track physical activity during cycle</td></tr></table></div>"},"url":"https://2rdoc.pt/ig/ios-lifestyle-medicine/CodeSystem/social-history-activity-cs","version":"0.1.0","name":"ReproductiveActivityCS","title":"Reproductive Health Activities Code System","status":"active","experimental":false,"date":"2025-11-27T17:03:01+00:00","publisher":"Ricardo Lourenço dos Santos","contact":[{"name":"Ricardo Lourenço dos Santos","telecom":[{"system":"url","value":"https://linktr.ee/ricardolsantos"}]}],"description":"Code system for social-history health monitoring activities","useContext":[{"code":{"system":"http://terminology.hl7.org/CodeSystem/usage-context-type","code":"program"},"valueCodeableConcept":{"text":"iOS Lifestyle Medicine"}}],"jurisdiction":[{"coding":[{"system":"http://unstats.un.org/unsd/methods/m49/m49.htm","code":"150","display":"Europe"}]},{"coding":[{"system":"http://unstats.un.org/unsd/methods/m49/m49.htm","code":"021","display":"Northern America a/"}]},{"coding":[{"system":"http://unstats.un.org/unsd/methods/m49/m49.htm","code":"005","display":"South America"}]},{"coding":[{"system":"urn:iso:std:iso:3166","code":"PT","display":"Portugal"}]},{"coding":[{"system":"urn:iso:std:iso:3166","code":"US","display":"United States of America"}]},{"coding":[{"system":"urn:iso:std:iso:3166","code":"BR","display":"Brazil"}]}],"caseSensitive":true,"content":"complete","count":8,"concept":[{"code":"cycle-tracking","display":"Cycle Tracking","definition":"Track menstrual cycle dates and characteristics"},{"code":"temp-monitoring","display":"Temperature Monitoring","definition":"Monitor basal body temperature"},{"code":"symptom-tracking","display":"Symptom Tracking","definition":"Track social-history health symptoms"},{"code":"vitals-monitoring","display":"Vitals Monitoring","definition":"Monitor vital signs related to social-history health"},{"code":"fertility-signs","display":"Fertility Signs","definition":"Monitor fertility signs and indicators"},{"code":"mood-tracking","display":"Mood Tracking","definition":"Track mood changes related to social-history cycle"},{"code":"medication-log","display":"Medication Log","definition":"Log social-history health medications"},{"code":"exercise-tracking","display":"Exercise Tracking","definition":"Track physical activity during cycle"}]}