{"resourceType":"CodeSystem","id":"stress-coping-cs","text":{"status":"generated","div":"<div xmlns=\"http://www.w3.org/1999/xhtml\"><p class=\"res-header-id\"><b>Narrativa gerada: CodeSystem stress-coping-cs</b></p><a name=\"stress-coping-cs\"> </a><a name=\"hcstress-coping-cs\"> </a><p>Este  sistema de código  define o seguinte código:</p><table class=\"codes\"><tr><td style=\"white-space:nowrap\"><b>Código</b></td><td><b>Ecrã</b></td><td><b>Definição</b></td></tr><tr><td style=\"white-space:nowrap\">exercise<a name=\"stress-coping-cs-exercise\"> </a></td><td>Physical Exercise</td><td>Using exercise to manage stress</td></tr><tr><td style=\"white-space:nowrap\">meditation<a name=\"stress-coping-cs-meditation\"> </a></td><td>Meditation</td><td>Meditation and mindfulness practices</td></tr><tr><td style=\"white-space:nowrap\">social<a name=\"stress-coping-cs-social\"> </a></td><td>Social Support</td><td>Seeking social support</td></tr><tr><td style=\"white-space:nowrap\">professional<a name=\"stress-coping-cs-professional\"> </a></td><td>Professional Help</td><td>Seeking professional assistance</td></tr><tr><td style=\"white-space:nowrap\">relaxation<a name=\"stress-coping-cs-relaxation\"> </a></td><td>Relaxation</td><td>Relaxation techniques</td></tr><tr><td style=\"white-space:nowrap\">creative<a name=\"stress-coping-cs-creative\"> </a></td><td>Creative Activities</td><td>Engaging in creative activities</td></tr><tr><td style=\"white-space:nowrap\">nature<a name=\"stress-coping-cs-nature\"> </a></td><td>Nature</td><td>Spending time in nature</td></tr></table></div>"},"url":"https://2rdoc.pt/ig/ios-lifestyle-medicine/CodeSystem/stress-coping-cs","version":"0.1.0","name":"StressCopingCS","title":"Stress Coping Code System","status":"active","experimental":false,"date":"2025-10-02T07:31:55+01:00","publisher":"Ricardo Lourenço dos Santos","contact":[{"name":"Ricardo Lourenço dos Santos","telecom":[{"system":"url","value":"https://linktr.ee/ricardolsantos"}]}],"description":"Code system for stress coping mechanisms","jurisdiction":[{"coding":[{"system":"http://unstats.un.org/unsd/methods/m49/m49.htm","code":"150","display":"Europe"}]},{"coding":[{"system":"http://unstats.un.org/unsd/methods/m49/m49.htm","code":"021","display":"Northern America a/"}]},{"coding":[{"system":"http://unstats.un.org/unsd/methods/m49/m49.htm","code":"005","display":"South America"}]},{"coding":[{"system":"urn:iso:std:iso:3166","code":"PT","display":"Portugal"}]},{"coding":[{"system":"urn:iso:std:iso:3166","code":"US","display":"United States of America"}]},{"coding":[{"system":"urn:iso:std:iso:3166","code":"BR","display":"Brazil"}]}],"content":"complete","count":7,"concept":[{"code":"exercise","display":"Physical Exercise","definition":"Using exercise to manage stress"},{"code":"meditation","display":"Meditation","definition":"Meditation and mindfulness practices"},{"code":"social","display":"Social Support","definition":"Seeking social support"},{"code":"professional","display":"Professional Help","definition":"Seeking professional assistance"},{"code":"relaxation","display":"Relaxation","definition":"Relaxation techniques"},{"code":"creative","display":"Creative Activities","definition":"Engaging in creative activities"},{"code":"nature","display":"Nature","definition":"Spending time in nature"}]}