{"resourceType":"CodeSystem","id":"symptom-frequency-cs","text":{"status":"generated","div":"<div xmlns=\"http://www.w3.org/1999/xhtml\"><p class=\"res-header-id\"><b>Narrativa gerada: CodeSystem symptom-frequency-cs</b></p><a name=\"symptom-frequency-cs\"> </a><a name=\"hcsymptom-frequency-cs\"> </a><p>Este  sistema de código  define o seguinte código:</p><table class=\"codes\"><tr><td style=\"white-space:nowrap\"><b>Código</b></td><td><b>Ecrã</b></td><td><b>Definição</b></td></tr><tr><td style=\"white-space:nowrap\">rare<a name=\"symptom-frequency-cs-rare\"> </a></td><td>Rare</td><td>Less than once per month</td></tr><tr><td style=\"white-space:nowrap\">occasional<a name=\"symptom-frequency-cs-occasional\"> </a></td><td>Occasional</td><td>Several times per month</td></tr><tr><td style=\"white-space:nowrap\">frequent<a name=\"symptom-frequency-cs-frequent\"> </a></td><td>Frequent</td><td>Several times per week</td></tr><tr><td style=\"white-space:nowrap\">daily<a name=\"symptom-frequency-cs-daily\"> </a></td><td>Daily</td><td>Once or more per day</td></tr><tr><td style=\"white-space:nowrap\">constant<a name=\"symptom-frequency-cs-constant\"> </a></td><td>Constant</td><td>Present most of the time</td></tr></table></div>"},"url":"https://2rdoc.pt/ig/ios-lifestyle-medicine/CodeSystem/symptom-frequency-cs","version":"0.1.0","name":"SymptomFrequencyCS","title":"Symptom Frequency Code System","status":"active","experimental":false,"date":"2025-10-02T11:12:29+01:00","publisher":"Ricardo Lourenço dos Santos","contact":[{"name":"Ricardo Lourenço dos Santos","telecom":[{"system":"url","value":"https://linktr.ee/ricardolsantos"}]}],"description":"Frequency patterns for symptoms","jurisdiction":[{"coding":[{"system":"http://unstats.un.org/unsd/methods/m49/m49.htm","code":"150","display":"Europe"}]},{"coding":[{"system":"http://unstats.un.org/unsd/methods/m49/m49.htm","code":"021","display":"Northern America a/"}]},{"coding":[{"system":"http://unstats.un.org/unsd/methods/m49/m49.htm","code":"005","display":"South America"}]},{"coding":[{"system":"urn:iso:std:iso:3166","code":"PT","display":"Portugal"}]},{"coding":[{"system":"urn:iso:std:iso:3166","code":"US","display":"United States of America"}]},{"coding":[{"system":"urn:iso:std:iso:3166","code":"BR","display":"Brazil"}]}],"content":"complete","count":5,"concept":[{"code":"rare","display":"Rare","definition":"Less than once per month"},{"code":"occasional","display":"Occasional","definition":"Several times per month"},{"code":"frequent","display":"Frequent","definition":"Several times per week"},{"code":"daily","display":"Daily","definition":"Once or more per day"},{"code":"constant","display":"Constant","definition":"Present most of the time"}]}