{"resourceType":"CodeSystem","id":"wearable-sensor-type-cs","text":{"status":"generated","div":"<div xmlns=\"http://www.w3.org/1999/xhtml\"><p class=\"res-header-id\"><b>Narrativa gerada: CodeSystem wearable-sensor-type-cs</b></p><a name=\"wearable-sensor-type-cs\"> </a><a name=\"hcwearable-sensor-type-cs\"> </a><p>Este  sistema de código  define o seguinte código:</p><table class=\"codes\"><tr><td style=\"white-space:nowrap\"><b>Código</b></td><td><b>Ecrã</b></td><td><b>Definição</b></td></tr><tr><td style=\"white-space:nowrap\">ppg<a name=\"wearable-sensor-type-cs-ppg\"> </a></td><td>Photoplethysmography (PPG)</td><td>Optical heart rate sensor</td></tr><tr><td style=\"white-space:nowrap\">ecg<a name=\"wearable-sensor-type-cs-ecg\"> </a></td><td>Electrocardiogram (ECG)</td><td>Electrical heart activity sensor</td></tr><tr><td style=\"white-space:nowrap\">accelerometer<a name=\"wearable-sensor-type-cs-accelerometer\"> </a></td><td>Accelerometer</td><td>Motion and activity sensor</td></tr><tr><td style=\"white-space:nowrap\">gyroscope<a name=\"wearable-sensor-type-cs-gyroscope\"> </a></td><td>Gyroscope</td><td>Orientation sensor</td></tr><tr><td style=\"white-space:nowrap\">barometer<a name=\"wearable-sensor-type-cs-barometer\"> </a></td><td>Barometer</td><td>Altitude/pressure sensor</td></tr><tr><td style=\"white-space:nowrap\">spo2<a name=\"wearable-sensor-type-cs-spo2\"> </a></td><td>Pulse Oximeter</td><td>Blood oxygen saturation sensor</td></tr><tr><td style=\"white-space:nowrap\">temperature<a name=\"wearable-sensor-type-cs-temperature\"> </a></td><td>Temperature</td><td>Skin/body temperature sensor</td></tr><tr><td style=\"white-space:nowrap\">bioimpedance<a name=\"wearable-sensor-type-cs-bioimpedance\"> </a></td><td>Bioimpedance</td><td>Body composition sensor</td></tr><tr><td style=\"white-space:nowrap\">gps<a name=\"wearable-sensor-type-cs-gps\"> </a></td><td>GPS</td><td>Location sensor</td></tr></table></div>"},"url":"https://2rdoc.pt/ig/ios-lifestyle-medicine/CodeSystem/wearable-sensor-type-cs","version":"0.1.0","name":"WearableSensorTypeCS","title":"Wearable Sensor Type CodeSystem","status":"active","experimental":false,"date":"2025-11-27T17:03:01+00:00","publisher":"Ricardo Lourenço dos Santos","contact":[{"name":"Ricardo Lourenço dos Santos","telecom":[{"system":"url","value":"https://linktr.ee/ricardolsantos"}]}],"description":"Sensor types found in consumer wearable devices","jurisdiction":[{"coding":[{"system":"http://unstats.un.org/unsd/methods/m49/m49.htm","code":"150","display":"Europe"}]},{"coding":[{"system":"http://unstats.un.org/unsd/methods/m49/m49.htm","code":"021","display":"Northern America a/"}]},{"coding":[{"system":"http://unstats.un.org/unsd/methods/m49/m49.htm","code":"005","display":"South America"}]},{"coding":[{"system":"urn:iso:std:iso:3166","code":"PT","display":"Portugal"}]},{"coding":[{"system":"urn:iso:std:iso:3166","code":"US","display":"United States of America"}]},{"coding":[{"system":"urn:iso:std:iso:3166","code":"BR","display":"Brazil"}]}],"caseSensitive":true,"content":"complete","count":9,"concept":[{"code":"ppg","display":"Photoplethysmography (PPG)","definition":"Optical heart rate sensor"},{"code":"ecg","display":"Electrocardiogram (ECG)","definition":"Electrical heart activity sensor"},{"code":"accelerometer","display":"Accelerometer","definition":"Motion and activity sensor"},{"code":"gyroscope","display":"Gyroscope","definition":"Orientation sensor"},{"code":"barometer","display":"Barometer","definition":"Altitude/pressure sensor"},{"code":"spo2","display":"Pulse Oximeter","definition":"Blood oxygen saturation sensor"},{"code":"temperature","display":"Temperature","definition":"Skin/body temperature sensor"},{"code":"bioimpedance","display":"Bioimpedance","definition":"Body composition sensor"},{"code":"gps","display":"GPS","definition":"Location sensor"}]}