{"resourceType":"CodeSystem","id":"recommended-activity-cs","text":{"status":"generated","div":"<div xmlns=\"http://www.w3.org/1999/xhtml\"><p class=\"res-header-id\"><b>Narrativa gerada: CodeSystem recommended-activity-cs</b></p><a name=\"recommended-activity-cs\"> </a><a name=\"hcrecommended-activity-cs\"> </a><p>Este  sistema de código  define o seguinte código:</p><table class=\"codes\"><tr><td style=\"white-space:nowrap\"><b>Código</b></td><td><b>Ecrã</b></td><td><b>Definição</b></td></tr><tr><td style=\"white-space:nowrap\">high-intensity<a name=\"recommended-activity-cs-high-intensity\"> </a></td><td>High Intensity</td><td>Ready for high intensity training</td></tr><tr><td style=\"white-space:nowrap\">moderate<a name=\"recommended-activity-cs-moderate\"> </a></td><td>Moderate Training</td><td>Ready for moderate intensity</td></tr><tr><td style=\"white-space:nowrap\">light<a name=\"recommended-activity-cs-light\"> </a></td><td>Light Activity</td><td>Light activity recommended</td></tr><tr><td style=\"white-space:nowrap\">active-recovery<a name=\"recommended-activity-cs-active-recovery\"> </a></td><td>Active Recovery</td><td>Active recovery activities</td></tr><tr><td style=\"white-space:nowrap\">rest<a name=\"recommended-activity-cs-rest\"> </a></td><td>Rest Day</td><td>Complete rest recommended</td></tr><tr><td style=\"white-space:nowrap\">recovery-focus<a name=\"recommended-activity-cs-recovery-focus\"> </a></td><td>Recovery Focus</td><td>Focus on recovery activities</td></tr></table></div>"},"url":"https://2rdoc.pt/ig/ios-lifestyle-medicine/CodeSystem/recommended-activity-cs","version":"0.1.0","name":"RecommendedActivityCS","title":"Recommended Activity CodeSystem","status":"active","experimental":false,"date":"2025-11-30T13:08:37+00:00","publisher":"Ricardo Lourenço dos Santos","contact":[{"name":"Ricardo Lourenço dos Santos","telecom":[{"system":"url","value":"https://linktr.ee/ricardolsantos"}]}],"description":"Codes for recommended activity intensity based on recovery status","jurisdiction":[{"coding":[{"system":"http://unstats.un.org/unsd/methods/m49/m49.htm","code":"150","display":"Europe"}]},{"coding":[{"system":"http://unstats.un.org/unsd/methods/m49/m49.htm","code":"021","display":"Northern America a/"}]},{"coding":[{"system":"http://unstats.un.org/unsd/methods/m49/m49.htm","code":"005","display":"South America"}]},{"coding":[{"system":"urn:iso:std:iso:3166","code":"PT","display":"Portugal"}]},{"coding":[{"system":"urn:iso:std:iso:3166","code":"US","display":"United States of America"}]},{"coding":[{"system":"urn:iso:std:iso:3166","code":"BR","display":"Brazil"}]}],"caseSensitive":true,"content":"complete","count":6,"concept":[{"code":"high-intensity","display":"High Intensity","definition":"Ready for high intensity training"},{"code":"moderate","display":"Moderate Training","definition":"Ready for moderate intensity"},{"code":"light","display":"Light Activity","definition":"Light activity recommended"},{"code":"active-recovery","display":"Active Recovery","definition":"Active recovery activities"},{"code":"rest","display":"Rest Day","definition":"Complete rest recommended"},{"code":"recovery-focus","display":"Recovery Focus","definition":"Focus on recovery activities"}]}