{"resourceType":"CodeSystem","id":"environmental-context","text":{"status":"generated","div":"<div xmlns=\"http://www.w3.org/1999/xhtml\"><p class=\"res-header-id\"><b>Narrativa gerada: CodeSystem environmental-context</b></p><a name=\"environmental-context\"> </a><a name=\"hcenvironmental-context\"> </a><p>Este  sistema de código  define o seguinte código:</p><table class=\"codes\"><tr><td style=\"white-space:nowrap\"><b>Código</b></td><td><b>Ecrã</b></td><td><b>Definição</b></td></tr><tr><td style=\"white-space:nowrap\">indoor<a name=\"environmental-context-indoor\"> </a></td><td>Indoor</td><td>Indoor environment or enclosed space</td></tr><tr><td style=\"white-space:nowrap\">outdoor<a name=\"environmental-context-outdoor\"> </a></td><td>Outdoor</td><td>Outdoor environment or open space</td></tr><tr><td style=\"white-space:nowrap\">urban<a name=\"environmental-context-urban\"> </a></td><td>Urban</td><td>Urban setting or city environment</td></tr><tr><td style=\"white-space:nowrap\">rural<a name=\"environmental-context-rural\"> </a></td><td>Rural</td><td>Rural setting or countryside environment</td></tr><tr><td style=\"white-space:nowrap\">workplace<a name=\"environmental-context-workplace\"> </a></td><td>Workplace</td><td>Work environment or office setting</td></tr><tr><td style=\"white-space:nowrap\">home<a name=\"environmental-context-home\"> </a></td><td>Home</td><td>Home environment or residential setting</td></tr><tr><td style=\"white-space:nowrap\">healthcare-facility<a name=\"environmental-context-healthcare-facility\"> </a></td><td>Healthcare Facility</td><td>Hospital, clinic, or other healthcare setting</td></tr><tr><td style=\"white-space:nowrap\">recreational<a name=\"environmental-context-recreational\"> </a></td><td>Recreational</td><td>Recreational area or leisure facility</td></tr></table></div>"},"url":"https://2rdoc.pt/ig/ios-lifestyle-medicine/CodeSystem/environmental-context","version":"0.1.0","name":"EnvironmentalContextCS","title":"Environmental Context Code System","status":"active","experimental":false,"date":"2025-11-28T14:35:57+00:00","publisher":"Ricardo Lourenço dos Santos","contact":[{"name":"Ricardo Lourenço dos Santos","telecom":[{"system":"url","value":"https://linktr.ee/ricardolsantos"}]}],"description":"Environmental factors and settings affecting health measurements and observations","jurisdiction":[{"coding":[{"system":"http://unstats.un.org/unsd/methods/m49/m49.htm","code":"150","display":"Europe"}]},{"coding":[{"system":"http://unstats.un.org/unsd/methods/m49/m49.htm","code":"021","display":"Northern America a/"}]},{"coding":[{"system":"http://unstats.un.org/unsd/methods/m49/m49.htm","code":"005","display":"South America"}]},{"coding":[{"system":"urn:iso:std:iso:3166","code":"PT","display":"Portugal"}]},{"coding":[{"system":"urn:iso:std:iso:3166","code":"US","display":"United States of America"}]},{"coding":[{"system":"urn:iso:std:iso:3166","code":"BR","display":"Brazil"}]}],"caseSensitive":true,"content":"complete","count":8,"concept":[{"code":"indoor","display":"Indoor","definition":"Indoor environment or enclosed space"},{"code":"outdoor","display":"Outdoor","definition":"Outdoor environment or open space"},{"code":"urban","display":"Urban","definition":"Urban setting or city environment"},{"code":"rural","display":"Rural","definition":"Rural setting or countryside environment"},{"code":"workplace","display":"Workplace","definition":"Work environment or office setting"},{"code":"home","display":"Home","definition":"Home environment or residential setting"},{"code":"healthcare-facility","display":"Healthcare Facility","definition":"Hospital, clinic, or other healthcare setting"},{"code":"recreational","display":"Recreational","definition":"Recreational area or leisure facility"}]}