{"resourceType":"CodeSystem","id":"footstrike-type-cs","text":{"status":"generated","div":"<div xmlns=\"http://www.w3.org/1999/xhtml\"><p class=\"res-header-id\"><b>Narrativa gerada: CodeSystem footstrike-type-cs</b></p><a name=\"footstrike-type-cs\"> </a><a name=\"hcfootstrike-type-cs\"> </a><p>Este  sistema de código  define o seguinte código:</p><table class=\"codes\"><tr><td style=\"white-space:nowrap\"><b>Código</b></td><td><b>Ecrã</b></td><td><b>Definição</b></td></tr><tr><td style=\"white-space:nowrap\">forefoot<a name=\"footstrike-type-cs-forefoot\"> </a></td><td>Forefoot Strike</td><td>Initial contact with forefoot</td></tr><tr><td style=\"white-space:nowrap\">midfoot<a name=\"footstrike-type-cs-midfoot\"> </a></td><td>Midfoot Strike</td><td>Initial contact with midfoot</td></tr><tr><td style=\"white-space:nowrap\">rearfoot<a name=\"footstrike-type-cs-rearfoot\"> </a></td><td>Rearfoot Strike</td><td>Initial contact with heel (heel strike)</td></tr><tr><td style=\"white-space:nowrap\">mixed<a name=\"footstrike-type-cs-mixed\"> </a></td><td>Mixed/Variable</td><td>Variable footstrike pattern</td></tr></table></div>"},"url":"https://2rdoc.pt/ig/ios-lifestyle-medicine/CodeSystem/footstrike-type-cs","version":"0.1.0","name":"FootstrikeTypeCS","title":"Footstrike Type CodeSystem","status":"active","experimental":false,"date":"2025-11-30T13:08:37+00:00","publisher":"Ricardo Lourenço dos Santos","contact":[{"name":"Ricardo Lourenço dos Santos","telecom":[{"system":"url","value":"https://linktr.ee/ricardolsantos"}]}],"description":"Running footstrike patterns","jurisdiction":[{"coding":[{"system":"http://unstats.un.org/unsd/methods/m49/m49.htm","code":"150","display":"Europe"}]},{"coding":[{"system":"http://unstats.un.org/unsd/methods/m49/m49.htm","code":"021","display":"Northern America a/"}]},{"coding":[{"system":"http://unstats.un.org/unsd/methods/m49/m49.htm","code":"005","display":"South America"}]},{"coding":[{"system":"urn:iso:std:iso:3166","code":"PT","display":"Portugal"}]},{"coding":[{"system":"urn:iso:std:iso:3166","code":"US","display":"United States of America"}]},{"coding":[{"system":"urn:iso:std:iso:3166","code":"BR","display":"Brazil"}]}],"caseSensitive":true,"content":"complete","count":4,"concept":[{"code":"forefoot","display":"Forefoot Strike","definition":"Initial contact with forefoot"},{"code":"midfoot","display":"Midfoot Strike","definition":"Initial contact with midfoot"},{"code":"rearfoot","display":"Rearfoot Strike","definition":"Initial contact with heel (heel strike)"},{"code":"mixed","display":"Mixed/Variable","definition":"Variable footstrike pattern"}]}