{"resourceType":"CodeSystem","id":"mindfulness-type-cs","text":{"status":"generated","div":"<div xmlns=\"http://www.w3.org/1999/xhtml\"><p class=\"res-header-id\"><b>Generated Narrative: CodeSystem mindfulness-type-cs</b></p><a name=\"mindfulness-type-cs\"> </a><a name=\"hcmindfulness-type-cs\"> </a><a name=\"mindfulness-type-cs-en-US\"> </a><p>This case-sensitive code system <code>https://github.com/RicardoLSantos/shorthand/CodeSystem/mindfulness-type-cs</code> defines the following codes:</p><table class=\"codes\"><tr><td style=\"white-space:nowrap\"><b>Code</b></td><td><b>Display</b></td><td><b>Definition</b></td></tr><tr><td style=\"white-space:nowrap\">meditation<a name=\"mindfulness-type-cs-meditation\"> </a></td><td>Meditation</td><td>Focused meditation practice</td></tr><tr><td style=\"white-space:nowrap\">breathing<a name=\"mindfulness-type-cs-breathing\"> </a></td><td>Breathing Exercise</td><td>Conscious breathing techniques</td></tr><tr><td style=\"white-space:nowrap\">bodyScan<a name=\"mindfulness-type-cs-bodyScan\"> </a></td><td>Body Scan</td><td>Progressive body awareness practice</td></tr><tr><td style=\"white-space:nowrap\">walking<a name=\"mindfulness-type-cs-walking\"> </a></td><td>Mindful Walking</td><td>Walking meditation practice</td></tr><tr><td style=\"white-space:nowrap\">movement<a name=\"mindfulness-type-cs-movement\"> </a></td><td>Mindful Movement</td><td>Conscious movement practice</td></tr></table></div>"},"url":"https://github.com/RicardoLSantos/shorthand/CodeSystem/mindfulness-type-cs","version":"0.1.0","name":"MindfulnessTypeCS","title":"Mindfulness Practice Types","status":"draft","experimental":false,"date":"2025-01-04T21:28:42+00:00","publisher":"Ricardo Lourenço dos Santos","contact":[{"name":"Ricardo Lourenço dos Santos","telecom":[{"system":"url","value":"https://linktr.ee/ricardolsantos"}]}],"description":"Types of mindfulness practices and techniques","caseSensitive":true,"content":"complete","count":5,"concept":[{"code":"meditation","display":"Meditation","definition":"Focused meditation practice"},{"code":"breathing","display":"Breathing Exercise","definition":"Conscious breathing techniques"},{"code":"bodyScan","display":"Body Scan","definition":"Progressive body awareness practice"},{"code":"walking","display":"Mindful Walking","definition":"Walking meditation practice"},{"code":"movement","display":"Mindful Movement","definition":"Conscious movement practice"}]}