{"resourceType":"CodeSystem","id":"regulatory-framework-cs","text":{"status":"generated","div":"<div xmlns=\"http://www.w3.org/1999/xhtml\"><p class=\"res-header-id\"><b>Narrativa gerada: CodeSystem regulatory-framework-cs</b></p><a name=\"regulatory-framework-cs\"> </a><a name=\"hcregulatory-framework-cs\"> </a><p>Este  sistema de código  define o seguinte código:</p><table class=\"codes\"><tr><td style=\"white-space:nowrap\"><b>Código</b></td><td><b>Ecrã</b></td><td><b>Definição</b></td></tr><tr><td style=\"white-space:nowrap\">gdpr<a name=\"regulatory-framework-cs-gdpr\"> </a></td><td>GDPR - General Data Protection Regulation</td><td>European Union data protection regulation</td></tr><tr><td style=\"white-space:nowrap\">hipaa<a name=\"regulatory-framework-cs-hipaa\"> </a></td><td>HIPAA - Health Insurance Portability and Accountability Act</td><td>United States healthcare privacy law</td></tr><tr><td style=\"white-space:nowrap\">lgpd<a name=\"regulatory-framework-cs-lgpd\"> </a></td><td>LGPD - Lei Geral de Proteção de Dados</td><td>Brazilian general data protection law</td></tr><tr><td style=\"white-space:nowrap\">pipeda<a name=\"regulatory-framework-cs-pipeda\"> </a></td><td>PIPEDA - Personal Information Protection and Electronic Documents Act</td><td>Canadian privacy law</td></tr><tr><td style=\"white-space:nowrap\">ehds<a name=\"regulatory-framework-cs-ehds\"> </a></td><td>EHDS - European Health Data Space</td><td>European health data framework</td></tr></table></div>"},"url":"https://2rdoc.pt/ig/ios-lifestyle-medicine/CodeSystem/regulatory-framework-cs","version":"0.1.0","name":"RegulatoryFrameworkCS","title":"Regulatory Framework Code System","status":"active","experimental":false,"date":"2025-10-03T16:37:46+01:00","publisher":"Ricardo Lourenço dos Santos","contact":[{"name":"Ricardo Lourenço dos Santos","telecom":[{"system":"url","value":"https://linktr.ee/ricardolsantos"}]}],"description":"Codes for healthcare regulatory frameworks","jurisdiction":[{"coding":[{"system":"http://unstats.un.org/unsd/methods/m49/m49.htm","code":"150","display":"Europe"}]},{"coding":[{"system":"http://unstats.un.org/unsd/methods/m49/m49.htm","code":"021","display":"Northern America a/"}]},{"coding":[{"system":"http://unstats.un.org/unsd/methods/m49/m49.htm","code":"005","display":"South America"}]},{"coding":[{"system":"urn:iso:std:iso:3166","code":"PT","display":"Portugal"}]},{"coding":[{"system":"urn:iso:std:iso:3166","code":"US","display":"United States of America"}]},{"coding":[{"system":"urn:iso:std:iso:3166","code":"BR","display":"Brazil"}]}],"caseSensitive":true,"content":"complete","count":5,"concept":[{"code":"gdpr","display":"GDPR - General Data Protection Regulation","definition":"European Union data protection regulation"},{"code":"hipaa","display":"HIPAA - Health Insurance Portability and Accountability Act","definition":"United States healthcare privacy law"},{"code":"lgpd","display":"LGPD - Lei Geral de Proteção de Dados","definition":"Brazilian general data protection law"},{"code":"pipeda","display":"PIPEDA - Personal Information Protection and Electronic Documents Act","definition":"Canadian privacy law"},{"code":"ehds","display":"EHDS - European Health Data Space","definition":"European health data framework"}]}