{"resourceType":"CodeSystem","id":"advanced-vital-signs-context-cs","text":{"status":"generated","div":"<div xmlns=\"http://www.w3.org/1999/xhtml\"><p class=\"res-header-id\"><b>Narrativa gerada: CodeSystem advanced-vital-signs-context-cs</b></p><a name=\"advanced-vital-signs-context-cs\"> </a><a name=\"hcadvanced-vital-signs-context-cs\"> </a><p>Este  sistema de código  define o seguinte código:</p><table class=\"codes\"><tr><td style=\"white-space:nowrap\"><b>Código</b></td><td><b>Ecrã</b></td><td><b>Definição</b></td></tr><tr><td style=\"white-space:nowrap\">resting<a name=\"advanced-vital-signs-context-cs-resting\"> </a></td><td>Resting state</td><td>Measurement taken during rest</td></tr><tr><td style=\"white-space:nowrap\">active<a name=\"advanced-vital-signs-context-cs-active\"> </a></td><td>Active state</td><td>Measurement taken during activity</td></tr><tr><td style=\"white-space:nowrap\">recovery<a name=\"advanced-vital-signs-context-cs-recovery\"> </a></td><td>Recovery state</td><td>Measurement taken during recovery</td></tr><tr><td style=\"white-space:nowrap\">activity<a name=\"advanced-vital-signs-context-cs-activity\"> </a></td><td>Sleep state</td><td>Measurement taken during activity</td></tr><tr><td style=\"white-space:nowrap\">stress<a name=\"advanced-vital-signs-context-cs-stress\"> </a></td><td>Stress state</td><td>Measurement taken during stress</td></tr></table></div>"},"url":"https://2rdoc.pt/ig/ios-lifestyle-medicine/CodeSystem/advanced-vital-signs-context-cs","version":"0.1.0","name":"AdvancedVitalSignsContextCS","title":"Advanced Vital Signs Context Code System","status":"active","experimental":false,"date":"2025-11-27T11:57:11+00:00","publisher":"Ricardo Lourenço dos Santos","contact":[{"name":"Ricardo Lourenço dos Santos","telecom":[{"system":"url","value":"https://linktr.ee/ricardolsantos"}]}],"description":"Codes for advanced vital signs measurement context","jurisdiction":[{"coding":[{"system":"http://unstats.un.org/unsd/methods/m49/m49.htm","code":"150","display":"Europe"}]},{"coding":[{"system":"http://unstats.un.org/unsd/methods/m49/m49.htm","code":"021","display":"Northern America a/"}]},{"coding":[{"system":"http://unstats.un.org/unsd/methods/m49/m49.htm","code":"005","display":"South America"}]},{"coding":[{"system":"urn:iso:std:iso:3166","code":"PT","display":"Portugal"}]},{"coding":[{"system":"urn:iso:std:iso:3166","code":"US","display":"United States of America"}]},{"coding":[{"system":"urn:iso:std:iso:3166","code":"BR","display":"Brazil"}]}],"caseSensitive":true,"content":"complete","count":5,"concept":[{"code":"resting","display":"Resting state","definition":"Measurement taken during rest"},{"code":"active","display":"Active state","definition":"Measurement taken during activity"},{"code":"recovery","display":"Recovery state","definition":"Measurement taken during recovery"},{"code":"activity","display":"Sleep state","definition":"Measurement taken during activity"},{"code":"stress","display":"Stress state","definition":"Measurement taken during stress"}]}