{"resourceType":"CodeSystem","id":"social-interaction-quality-cs","text":{"status":"generated","div":"<div xmlns=\"http://www.w3.org/1999/xhtml\"><p class=\"res-header-id\"><b>Narrativa gerada: CodeSystem social-interaction-quality-cs</b></p><a name=\"social-interaction-quality-cs\"> </a><a name=\"hcsocial-interaction-quality-cs\"> </a><p>Este  sistema de código  define o seguinte código:</p><table class=\"codes\"><tr><td style=\"white-space:nowrap\"><b>Código</b></td><td><b>Ecrã</b></td><td><b>Definição</b></td></tr><tr><td style=\"white-space:nowrap\">meaningful<a name=\"social-interaction-quality-cs-meaningful\"> </a></td><td>Meaningful</td><td>Deep, meaningful interaction</td></tr><tr><td style=\"white-space:nowrap\">supportive<a name=\"social-interaction-quality-cs-supportive\"> </a></td><td>Supportive</td><td>Supportive interaction</td></tr><tr><td style=\"white-space:nowrap\">neutral<a name=\"social-interaction-quality-cs-neutral\"> </a></td><td>Neutral</td><td>Neither positive nor negative</td></tr><tr><td style=\"white-space:nowrap\">superficial<a name=\"social-interaction-quality-cs-superficial\"> </a></td><td>Superficial</td><td>Surface-level interaction</td></tr><tr><td style=\"white-space:nowrap\">stressful<a name=\"social-interaction-quality-cs-stressful\"> </a></td><td>Stressful</td><td>Stressful or difficult interaction</td></tr></table></div>"},"url":"https://2rdoc.pt/ig/ios-lifestyle-medicine/CodeSystem/social-interaction-quality-cs","version":"0.1.0","name":"SocialInteractionQualityCS","title":"Social Interaction Quality Code System","status":"active","experimental":false,"date":"2025-10-01T23:24:47+01:00","publisher":"Ricardo Lourenço dos Santos","contact":[{"name":"Ricardo Lourenço dos Santos","telecom":[{"system":"url","value":"https://linktr.ee/ricardolsantos"}]}],"description":"Quality measures for social interactions","jurisdiction":[{"coding":[{"system":"http://unstats.un.org/unsd/methods/m49/m49.htm","code":"150","display":"Europe"}]},{"coding":[{"system":"http://unstats.un.org/unsd/methods/m49/m49.htm","code":"021","display":"Northern America a/"}]},{"coding":[{"system":"http://unstats.un.org/unsd/methods/m49/m49.htm","code":"005","display":"South America"}]},{"coding":[{"system":"urn:iso:std:iso:3166","code":"PT","display":"Portugal"}]},{"coding":[{"system":"urn:iso:std:iso:3166","code":"US","display":"United States of America"}]},{"coding":[{"system":"urn:iso:std:iso:3166","code":"BR","display":"Brazil"}]}],"content":"complete","count":5,"concept":[{"code":"meaningful","display":"Meaningful","definition":"Deep, meaningful interaction"},{"code":"supportive","display":"Supportive","definition":"Supportive interaction"},{"code":"neutral","display":"Neutral","definition":"Neither positive nor negative"},{"code":"superficial","display":"Superficial","definition":"Surface-level interaction"},{"code":"stressful","display":"Stressful","definition":"Stressful or difficult interaction"}]}