{"resourceType":"CodeSystem","id":"mobility-assessment-method","text":{"status":"generated","div":"<div xmlns=\"http://www.w3.org/1999/xhtml\"><p class=\"res-header-id\"><b>Narrativa gerada: CodeSystem mobility-assessment-method</b></p><a name=\"mobility-assessment-method\"> </a><a name=\"hcmobility-assessment-method\"> </a><p>Este  sistema de código  define o seguinte código:</p><table class=\"codes\"><tr><td style=\"white-space:nowrap\"><b>Código</b></td><td><b>Ecrã</b></td><td><b>Definição</b></td></tr><tr><td style=\"white-space:nowrap\">sensor<a name=\"mobility-assessment-method-sensor\"> </a></td><td>Sensor-based</td><td>Assessment using device sensors (accelerometer, gyroscope)</td></tr><tr><td style=\"white-space:nowrap\">clinical<a name=\"mobility-assessment-method-clinical\"> </a></td><td>Clinical Assessment</td><td>Assessment by healthcare professional</td></tr><tr><td style=\"white-space:nowrap\">self-report<a name=\"mobility-assessment-method-self-report\"> </a></td><td>Self-reported</td><td>User-reported mobility assessment</td></tr><tr><td style=\"white-space:nowrap\">timed-test<a name=\"mobility-assessment-method-timed-test\"> </a></td><td>Timed Test</td><td>Timed mobility performance test</td></tr><tr><td style=\"white-space:nowrap\">standardized<a name=\"mobility-assessment-method-standardized\"> </a></td><td>Standardized Test</td><td>Standardized mobility assessment test</td></tr></table></div>"},"url":"https://2rdoc.pt/ig/ios-lifestyle-medicine/CodeSystem/mobility-assessment-method","version":"0.1.0","name":"MobilityAssessmentMethodCS","title":"Mobility Assessment Method","status":"active","experimental":false,"date":"2025-11-28T14:35:57+00:00","publisher":"Ricardo Lourenço dos Santos","contact":[{"name":"Ricardo Lourenço dos Santos","telecom":[{"system":"url","value":"https://linktr.ee/ricardolsantos"}]}],"description":"Methods used to assess mobility and balance","jurisdiction":[{"coding":[{"system":"http://unstats.un.org/unsd/methods/m49/m49.htm","code":"150","display":"Europe"}]},{"coding":[{"system":"http://unstats.un.org/unsd/methods/m49/m49.htm","code":"021","display":"Northern America a/"}]},{"coding":[{"system":"http://unstats.un.org/unsd/methods/m49/m49.htm","code":"005","display":"South America"}]},{"coding":[{"system":"urn:iso:std:iso:3166","code":"PT","display":"Portugal"}]},{"coding":[{"system":"urn:iso:std:iso:3166","code":"US","display":"United States of America"}]},{"coding":[{"system":"urn:iso:std:iso:3166","code":"BR","display":"Brazil"}]}],"caseSensitive":true,"content":"complete","count":5,"concept":[{"code":"sensor","display":"Sensor-based","definition":"Assessment using device sensors (accelerometer, gyroscope)"},{"code":"clinical","display":"Clinical Assessment","definition":"Assessment by healthcare professional"},{"code":"self-report","display":"Self-reported","definition":"User-reported mobility assessment"},{"code":"timed-test","display":"Timed Test","definition":"Timed mobility performance test"},{"code":"standardized","display":"Standardized Test","definition":"Standardized mobility assessment test"}]}