{"resourceType":"CodeSystem","id":"mindfulness-outcome-cs","text":{"status":"generated","div":"<div xmlns=\"http://www.w3.org/1999/xhtml\"><p class=\"res-header-id\"><b>Narrativa gerada: CodeSystem mindfulness-outcome-cs</b></p><a name=\"mindfulness-outcome-cs\"> </a><a name=\"hcmindfulness-outcome-cs\"> </a><p>Este  sistema de código  define o seguinte código:</p><table class=\"codes\"><tr><td style=\"white-space:nowrap\"><b>Código</b></td><td><b>Ecrã</b></td><td><b>Definição</b></td></tr><tr><td style=\"white-space:nowrap\">increasedAwareness<a name=\"mindfulness-outcome-cs-increasedAwareness\"> </a></td><td>Increased Awareness</td><td>Greater awareness of thoughts and sensations</td></tr><tr><td style=\"white-space:nowrap\">improvedFocus<a name=\"mindfulness-outcome-cs-improvedFocus\"> </a></td><td>Improved Focus</td><td>Enhanced ability to concentrate</td></tr><tr><td style=\"white-space:nowrap\">stressReduction<a name=\"mindfulness-outcome-cs-stressReduction\"> </a></td><td>Stress Reduction</td><td>Decreased levels of stress and tension</td></tr><tr><td style=\"white-space:nowrap\">emotionalBalance<a name=\"mindfulness-outcome-cs-emotionalBalance\"> </a></td><td>Emotional Balance</td><td>Better emotional regulation</td></tr><tr><td style=\"white-space:nowrap\">improvedSleep<a name=\"mindfulness-outcome-cs-improvedSleep\"> </a></td><td>Improved Sleep</td><td>Enhanced activity quality</td></tr></table></div>"},"url":"https://2rdoc.pt/ig/ios-lifestyle-medicine/CodeSystem/mindfulness-outcome-cs","version":"0.1.0","name":"MindfulnessOutcomeCS","title":"Mindfulness Outcomes","status":"active","experimental":false,"date":"2025-10-01T23:24:47+01:00","publisher":"Ricardo Lourenço dos Santos","contact":[{"name":"Ricardo Lourenço dos Santos","telecom":[{"system":"url","value":"https://linktr.ee/ricardolsantos"}]}],"description":"Outcomes and effects of mindfulness practice","jurisdiction":[{"coding":[{"system":"http://unstats.un.org/unsd/methods/m49/m49.htm","code":"150","display":"Europe"}]},{"coding":[{"system":"http://unstats.un.org/unsd/methods/m49/m49.htm","code":"021","display":"Northern America a/"}]},{"coding":[{"system":"http://unstats.un.org/unsd/methods/m49/m49.htm","code":"005","display":"South America"}]},{"coding":[{"system":"urn:iso:std:iso:3166","code":"PT","display":"Portugal"}]},{"coding":[{"system":"urn:iso:std:iso:3166","code":"US","display":"United States of America"}]},{"coding":[{"system":"urn:iso:std:iso:3166","code":"BR","display":"Brazil"}]}],"caseSensitive":true,"content":"complete","count":5,"concept":[{"code":"increasedAwareness","display":"Increased Awareness","definition":"Greater awareness of thoughts and sensations"},{"code":"improvedFocus","display":"Improved Focus","definition":"Enhanced ability to concentrate"},{"code":"stressReduction","display":"Stress Reduction","definition":"Decreased levels of stress and tension"},{"code":"emotionalBalance","display":"Emotional Balance","definition":"Better emotional regulation"},{"code":"improvedSleep","display":"Improved Sleep","definition":"Enhanced activity quality"}]}