{"resourceType":"CodeSystem","id":"mindfulness-audit-type","text":{"status":"generated","div":"<div xmlns=\"http://www.w3.org/1999/xhtml\"><p class=\"res-header-id\"><b>Narrativa gerada: CodeSystem mindfulness-audit-type</b></p><a name=\"mindfulness-audit-type\"> </a><a name=\"hcmindfulness-audit-type\"> </a><p>Este  sistema de código  define o seguinte código:</p><table class=\"codes\"><tr><td style=\"white-space:nowrap\"><b>Código</b></td><td><b>Ecrã</b></td><td><b>Definição</b></td></tr><tr><td style=\"white-space:nowrap\">session<a name=\"mindfulness-audit-type-session\"> </a></td><td>Session Audit</td><td>Audit of mindfulness practice session</td></tr><tr><td style=\"white-space:nowrap\">data-access<a name=\"mindfulness-audit-type-data-access\"> </a></td><td>Data Access</td><td>Audit of mindfulness data access</td></tr><tr><td style=\"white-space:nowrap\">config-change<a name=\"mindfulness-audit-type-config-change\"> </a></td><td>Configuration Change</td><td>Audit of configuration changes</td></tr><tr><td style=\"white-space:nowrap\">export<a name=\"mindfulness-audit-type-export\"> </a></td><td>Data Export</td><td>Audit of data export operations</td></tr></table></div>"},"url":"https://2rdoc.pt/ig/ios-lifestyle-medicine/CodeSystem/mindfulness-audit-type","version":"0.1.0","name":"MindfulnessAuditTypeCS","title":"Mindfulness Audit Type","status":"active","experimental":false,"date":"2025-11-30T13:08:37+00:00","publisher":"Ricardo Lourenço dos Santos","contact":[{"name":"Ricardo Lourenço dos Santos","telecom":[{"system":"url","value":"https://linktr.ee/ricardolsantos"}]}],"description":"Types of audit events for mindfulness practice tracking","jurisdiction":[{"coding":[{"system":"http://unstats.un.org/unsd/methods/m49/m49.htm","code":"150","display":"Europe"}]},{"coding":[{"system":"http://unstats.un.org/unsd/methods/m49/m49.htm","code":"021","display":"Northern America a/"}]},{"coding":[{"system":"http://unstats.un.org/unsd/methods/m49/m49.htm","code":"005","display":"South America"}]},{"coding":[{"system":"urn:iso:std:iso:3166","code":"PT","display":"Portugal"}]},{"coding":[{"system":"urn:iso:std:iso:3166","code":"US","display":"United States of America"}]},{"coding":[{"system":"urn:iso:std:iso:3166","code":"BR","display":"Brazil"}]}],"caseSensitive":true,"content":"complete","count":4,"concept":[{"code":"session","display":"Session Audit","definition":"Audit of mindfulness practice session"},{"code":"data-access","display":"Data Access","definition":"Audit of mindfulness data access"},{"code":"config-change","display":"Configuration Change","definition":"Audit of configuration changes"},{"code":"export","display":"Data Export","definition":"Audit of data export operations"}]}