{"resourceType":"CodeSystem","id":"vo2max-metrics-cs","text":{"status":"generated","div":"<div xmlns=\"http://www.w3.org/1999/xhtml\"><p class=\"res-header-id\"><b>Narrativa gerada: CodeSystem vo2max-metrics-cs</b></p><a name=\"vo2max-metrics-cs\"> </a><a name=\"hcvo2max-metrics-cs\"> </a><p>Este  sistema de código  define o seguinte código:</p><table class=\"codes\"><tr><td style=\"white-space:nowrap\"><b>Código</b></td><td><b>Ecrã</b></td><td><b>Definição</b></td></tr><tr><td style=\"white-space:nowrap\">ci-lower<a name=\"vo2max-metrics-cs-ci-lower\"> </a></td><td>CI Lower</td><td>Confidence interval lower bound</td></tr><tr><td style=\"white-space:nowrap\">ci-upper<a name=\"vo2max-metrics-cs-ci-upper\"> </a></td><td>CI Upper</td><td>Confidence interval upper bound</td></tr><tr><td style=\"white-space:nowrap\">accuracy<a name=\"vo2max-metrics-cs-accuracy\"> </a></td><td>Accuracy</td><td>Estimation accuracy percentage</td></tr><tr><td style=\"white-space:nowrap\">crf<a name=\"vo2max-metrics-cs-crf\"> </a></td><td>CRF Category</td><td>Cardiorespiratory fitness category</td></tr><tr><td style=\"white-space:nowrap\">percentile<a name=\"vo2max-metrics-cs-percentile\"> </a></td><td>Percentile</td><td>Percentile rank</td></tr><tr><td style=\"white-space:nowrap\">fitness-age<a name=\"vo2max-metrics-cs-fitness-age\"> </a></td><td>Fitness Age</td><td>Estimated biological age based on CRF</td></tr><tr><td style=\"white-space:nowrap\">standard<a name=\"vo2max-metrics-cs-standard\"> </a></td><td>Standard</td><td>Classification standard used</td></tr><tr><td style=\"white-space:nowrap\">method<a name=\"vo2max-metrics-cs-method\"> </a></td><td>Method Type</td><td>Type of estimation method</td></tr><tr><td style=\"white-space:nowrap\">protocol<a name=\"vo2max-metrics-cs-protocol\"> </a></td><td>Protocol</td><td>Specific test protocol</td></tr><tr><td style=\"white-space:nowrap\">validation<a name=\"vo2max-metrics-cs-validation\"> </a></td><td>Validation</td><td>Validation status</td></tr><tr><td style=\"white-space:nowrap\">rhr-used<a name=\"vo2max-metrics-cs-rhr-used\"> </a></td><td>RHR Used</td><td>Resting heart rate used</td></tr><tr><td style=\"white-space:nowrap\">hrmax-used<a name=\"vo2max-metrics-cs-hrmax-used\"> </a></td><td>HRmax Used</td><td>Maximum heart rate used</td></tr><tr><td style=\"white-space:nowrap\">hrmax-method<a name=\"vo2max-metrics-cs-hrmax-method\"> </a></td><td>HRmax Method</td><td>How HRmax was determined</td></tr><tr><td style=\"white-space:nowrap\">trend<a name=\"vo2max-metrics-cs-trend\"> </a></td><td>VO2max Trend</td><td>Trend direction over time</td></tr><tr><td style=\"white-space:nowrap\">change<a name=\"vo2max-metrics-cs-change\"> </a></td><td>Change</td><td>Change from baseline</td></tr><tr><td style=\"white-space:nowrap\">pct-change<a name=\"vo2max-metrics-cs-pct-change\"> </a></td><td>Percent Change</td><td>Percentage change</td></tr><tr><td style=\"white-space:nowrap\">baseline<a name=\"vo2max-metrics-cs-baseline\"> </a></td><td>Baseline</td><td>Baseline value</td></tr><tr><td style=\"white-space:nowrap\">cv-risk<a name=\"vo2max-metrics-cs-cv-risk\"> </a></td><td>CV Risk</td><td>Cardiovascular risk category</td></tr><tr><td style=\"white-space:nowrap\">mets<a name=\"vo2max-metrics-cs-mets\"> </a></td><td>METs</td><td>Functional capacity in METs</td></tr><tr><td style=\"white-space:nowrap\">source<a name=\"vo2max-metrics-cs-source\"> </a></td><td>Data Source</td><td>Source of estimation data</td></tr></table></div>"},"url":"https://2rdoc.pt/ig/ios-lifestyle-medicine/CodeSystem/vo2max-metrics-cs","version":"0.1.0","name":"VO2maxMetricsCS","title":"VO2max Metrics CodeSystem","status":"active","experimental":false,"date":"2025-11-30T13:08:37+00:00","publisher":"Ricardo Lourenço dos Santos","contact":[{"name":"Ricardo Lourenço dos Santos","telecom":[{"system":"url","value":"https://linktr.ee/ricardolsantos"}]}],"description":"CodeSystem for VO2max estimation metrics","jurisdiction":[{"coding":[{"system":"http://unstats.un.org/unsd/methods/m49/m49.htm","code":"150","display":"Europe"}]},{"coding":[{"system":"http://unstats.un.org/unsd/methods/m49/m49.htm","code":"021","display":"Northern America a/"}]},{"coding":[{"system":"http://unstats.un.org/unsd/methods/m49/m49.htm","code":"005","display":"South America"}]},{"coding":[{"system":"urn:iso:std:iso:3166","code":"PT","display":"Portugal"}]},{"coding":[{"system":"urn:iso:std:iso:3166","code":"US","display":"United States of America"}]},{"coding":[{"system":"urn:iso:std:iso:3166","code":"BR","display":"Brazil"}]}],"caseSensitive":true,"content":"complete","count":20,"concept":[{"code":"ci-lower","display":"CI Lower","definition":"Confidence interval lower bound"},{"code":"ci-upper","display":"CI Upper","definition":"Confidence interval upper bound"},{"code":"accuracy","display":"Accuracy","definition":"Estimation accuracy percentage"},{"code":"crf","display":"CRF Category","definition":"Cardiorespiratory fitness category"},{"code":"percentile","display":"Percentile","definition":"Percentile rank"},{"code":"fitness-age","display":"Fitness Age","definition":"Estimated biological age based on CRF"},{"code":"standard","display":"Standard","definition":"Classification standard used"},{"code":"method","display":"Method Type","definition":"Type of estimation method"},{"code":"protocol","display":"Protocol","definition":"Specific test protocol"},{"code":"validation","display":"Validation","definition":"Validation status"},{"code":"rhr-used","display":"RHR Used","definition":"Resting heart rate used"},{"code":"hrmax-used","display":"HRmax Used","definition":"Maximum heart rate used"},{"code":"hrmax-method","display":"HRmax Method","definition":"How HRmax was determined"},{"code":"trend","display":"VO2max Trend","definition":"Trend direction over time"},{"code":"change","display":"Change","definition":"Change from baseline"},{"code":"pct-change","display":"Percent Change","definition":"Percentage change"},{"code":"baseline","display":"Baseline","definition":"Baseline value"},{"code":"cv-risk","display":"CV Risk","definition":"Cardiovascular risk category"},{"code":"mets","display":"METs","definition":"Functional capacity in METs"},{"code":"source","display":"Data Source","definition":"Source of estimation data"}]}