{"resourceType":"CodeSystem","id":"fertility-status-cs","text":{"status":"generated","div":"<div xmlns=\"http://www.w3.org/1999/xhtml\"><p class=\"res-header-id\"><b>Generated Narrative: CodeSystem fertility-status-cs</b></p><a name=\"fertility-status-cs\"> </a><a name=\"hcfertility-status-cs\"> </a><a name=\"fertility-status-cs-en-US\"> </a><p>This case-sensitive code system <code>http://example.org/fhir/CodeSystem/fertility-status-cs</code> defines the following codes:</p><table class=\"codes\"><tr><td style=\"white-space:nowrap\"><b>Code</b></td><td><b>Display</b></td></tr><tr><td style=\"white-space:nowrap\">fertile<a name=\"fertility-status-cs-fertile\"> </a></td><td>Fertile</td></tr><tr><td style=\"white-space:nowrap\">notFertile<a name=\"fertility-status-cs-notFertile\"> </a></td><td>Not Fertile</td></tr><tr><td style=\"white-space:nowrap\">uncertain<a name=\"fertility-status-cs-uncertain\"> </a></td><td>Uncertain</td></tr></table></div>"},"url":"http://example.org/fhir/CodeSystem/fertility-status-cs","version":"0.1.0","name":"FertilityStatusCodeSystem","title":"Fertility Status Code System","status":"active","date":"2025-01-02T19:32:36+00:00","publisher":"Ricardo Lourenço dos Santos","contact":[{"name":"Ricardo Lourenço dos Santos","telecom":[{"system":"url","value":"https://linktr.ee/ricardolsantos"}]}],"caseSensitive":true,"content":"complete","count":3,"concept":[{"code":"fertile","display":"Fertile"},{"code":"notFertile","display":"Not Fertile"},{"code":"uncertain","display":"Uncertain"}]}