{"resourceType":"CodeSystem","id":"social-interaction-medium-cs","text":{"status":"generated","div":"<div xmlns=\"http://www.w3.org/1999/xhtml\"><p class=\"res-header-id\"><b>Narrativa gerada: CodeSystem social-interaction-medium-cs</b></p><a name=\"social-interaction-medium-cs\"> </a><a name=\"hcsocial-interaction-medium-cs\"> </a><p>Este  sistema de código  define o seguinte código:</p><table class=\"codes\"><tr><td style=\"white-space:nowrap\"><b>Código</b></td><td><b>Ecrã</b></td><td><b>Definição</b></td></tr><tr><td style=\"white-space:nowrap\">inPerson<a name=\"social-interaction-medium-cs-inPerson\"> </a></td><td>In Person</td><td>Face-to-face interaction</td></tr><tr><td style=\"white-space:nowrap\">meaningful<a name=\"social-interaction-medium-cs-meaningful\"> </a></td><td>Meaningful</td><td>Deep and significant interaction</td></tr><tr><td style=\"white-space:nowrap\">video<a name=\"social-interaction-medium-cs-video\"> </a></td><td>Video Call</td><td>Video-based interaction</td></tr><tr><td style=\"white-space:nowrap\">voice<a name=\"social-interaction-medium-cs-voice\"> </a></td><td>Voice Call</td><td>Voice-only interaction</td></tr><tr><td style=\"white-space:nowrap\">text<a name=\"social-interaction-medium-cs-text\"> </a></td><td>Text Based</td><td>Text-based communication</td></tr><tr><td style=\"white-space:nowrap\">social<a name=\"social-interaction-medium-cs-social\"> </a></td><td>Social Media</td><td>Social media interaction</td></tr><tr><td style=\"white-space:nowrap\">mixed<a name=\"social-interaction-medium-cs-mixed\"> </a></td><td>Mixed Medium</td><td>Multiple communication methods</td></tr></table></div>"},"url":"https://2rdoc.pt/ig/ios-lifestyle-medicine/CodeSystem/social-interaction-medium-cs","version":"0.1.0","name":"SocialInteractionMediumCS","title":"Social Interaction Medium Code System","status":"active","experimental":false,"date":"2025-10-01T23:24:47+01:00","publisher":"Ricardo Lourenço dos Santos","contact":[{"name":"Ricardo Lourenço dos Santos","telecom":[{"system":"url","value":"https://linktr.ee/ricardolsantos"}]}],"description":"Mediums through which social interaction occurs","jurisdiction":[{"coding":[{"system":"http://unstats.un.org/unsd/methods/m49/m49.htm","code":"150","display":"Europe"}]},{"coding":[{"system":"http://unstats.un.org/unsd/methods/m49/m49.htm","code":"021","display":"Northern America a/"}]},{"coding":[{"system":"http://unstats.un.org/unsd/methods/m49/m49.htm","code":"005","display":"South America"}]},{"coding":[{"system":"urn:iso:std:iso:3166","code":"PT","display":"Portugal"}]},{"coding":[{"system":"urn:iso:std:iso:3166","code":"US","display":"United States of America"}]},{"coding":[{"system":"urn:iso:std:iso:3166","code":"BR","display":"Brazil"}]}],"content":"complete","count":7,"concept":[{"code":"inPerson","display":"In Person","definition":"Face-to-face interaction"},{"code":"meaningful","display":"Meaningful","definition":"Deep and significant interaction"},{"code":"video","display":"Video Call","definition":"Video-based interaction"},{"code":"voice","display":"Voice Call","definition":"Voice-only interaction"},{"code":"text","display":"Text Based","definition":"Text-based communication"},{"code":"social","display":"Social Media","definition":"Social media interaction"},{"code":"mixed","display":"Mixed Medium","definition":"Multiple communication methods"}]}