{"resourceType":"CodeSystem","id":"swimming-environment-cs","text":{"status":"generated","div":"<div xmlns=\"http://www.w3.org/1999/xhtml\"><p class=\"res-header-id\"><b>Narrativa gerada: CodeSystem swimming-environment-cs</b></p><a name=\"swimming-environment-cs\"> </a><a name=\"hcswimming-environment-cs\"> </a><p>Este  sistema de código  define o seguinte código:</p><table class=\"codes\"><tr><td style=\"white-space:nowrap\"><b>Código</b></td><td><b>Ecrã</b></td><td><b>Definição</b></td></tr><tr><td style=\"white-space:nowrap\">pool-25<a name=\"swimming-environment-cs-pool-25\"> </a></td><td>Pool (Short Course 25m)</td><td>25 meter pool</td></tr><tr><td style=\"white-space:nowrap\">pool-50<a name=\"swimming-environment-cs-pool-50\"> </a></td><td>Pool (Long Course 50m)</td><td>50 meter Olympic pool</td></tr><tr><td style=\"white-space:nowrap\">pool-other<a name=\"swimming-environment-cs-pool-other\"> </a></td><td>Pool (Other Length)</td><td>Pool of non-standard length</td></tr><tr><td style=\"white-space:nowrap\">ow-lake<a name=\"swimming-environment-cs-ow-lake\"> </a></td><td>Open Water (Lake)</td><td>Lake swimming</td></tr><tr><td style=\"white-space:nowrap\">ow-ocean<a name=\"swimming-environment-cs-ow-ocean\"> </a></td><td>Open Water (Ocean)</td><td>Ocean swimming</td></tr><tr><td style=\"white-space:nowrap\">ow-river<a name=\"swimming-environment-cs-ow-river\"> </a></td><td>Open Water (River)</td><td>River swimming</td></tr><tr><td style=\"white-space:nowrap\">endless<a name=\"swimming-environment-cs-endless\"> </a></td><td>Endless Pool</td><td>Swim-in-place endless pool</td></tr></table></div>"},"url":"https://2rdoc.pt/ig/ios-lifestyle-medicine/CodeSystem/swimming-environment-cs","version":"0.1.0","name":"SwimmingEnvironmentCS","title":"Swimming Environment CodeSystem","status":"active","date":"2025-11-28T14:35:57+00:00","publisher":"Ricardo Lourenço dos Santos","contact":[{"name":"Ricardo Lourenço dos Santos","telecom":[{"system":"url","value":"https://linktr.ee/ricardolsantos"}]}],"description":"Swimming venue types","jurisdiction":[{"coding":[{"system":"http://unstats.un.org/unsd/methods/m49/m49.htm","code":"150","display":"Europe"}]},{"coding":[{"system":"http://unstats.un.org/unsd/methods/m49/m49.htm","code":"021","display":"Northern America a/"}]},{"coding":[{"system":"http://unstats.un.org/unsd/methods/m49/m49.htm","code":"005","display":"South America"}]},{"coding":[{"system":"urn:iso:std:iso:3166","code":"PT","display":"Portugal"}]},{"coding":[{"system":"urn:iso:std:iso:3166","code":"US","display":"United States of America"}]},{"coding":[{"system":"urn:iso:std:iso:3166","code":"BR","display":"Brazil"}]}],"caseSensitive":true,"content":"complete","count":7,"concept":[{"code":"pool-25","display":"Pool (Short Course 25m)","definition":"25 meter pool"},{"code":"pool-50","display":"Pool (Long Course 50m)","definition":"50 meter Olympic pool"},{"code":"pool-other","display":"Pool (Other Length)","definition":"Pool of non-standard length"},{"code":"ow-lake","display":"Open Water (Lake)","definition":"Lake swimming"},{"code":"ow-ocean","display":"Open Water (Ocean)","definition":"Ocean swimming"},{"code":"ow-river","display":"Open Water (River)","definition":"River swimming"},{"code":"endless","display":"Endless Pool","definition":"Swim-in-place endless pool"}]}