{"resourceType":"CodeSystem","id":"social-activity-cs","text":{"status":"generated","div":"<div xmlns=\"http://www.w3.org/1999/xhtml\"><p class=\"res-header-id\"><b>Generated Narrative: CodeSystem social-activity-cs</b></p><a name=\"social-activity-cs\"> </a><a name=\"hcsocial-activity-cs\"> </a><a name=\"social-activity-cs-en-US\"> </a><p>This  code system <code>https://github.com/RicardoLSantos/shorthand/CodeSystem/social-activity-cs</code> defines the following codes:</p><table class=\"codes\"><tr><td style=\"white-space:nowrap\"><b>Code</b></td><td><b>Display</b></td><td><b>Definition</b></td></tr><tr><td style=\"white-space:nowrap\">meal<a name=\"social-activity-cs-meal\"> </a></td><td>Shared Meal</td><td>Sharing a meal together</td></tr><tr><td style=\"white-space:nowrap\">exercise<a name=\"social-activity-cs-exercise\"> </a></td><td>Group Exercise</td><td>Group physical activity</td></tr><tr><td style=\"white-space:nowrap\">entertainment<a name=\"social-activity-cs-entertainment\"> </a></td><td>Entertainment</td><td>Shared entertainment activity</td></tr><tr><td style=\"white-space:nowrap\">learning<a name=\"social-activity-cs-learning\"> </a></td><td>Learning</td><td>Group learning activity</td></tr><tr><td style=\"white-space:nowrap\">volunteering<a name=\"social-activity-cs-volunteering\"> </a></td><td>Volunteering</td><td>Community service activity</td></tr><tr><td style=\"white-space:nowrap\">celebration<a name=\"social-activity-cs-celebration\"> </a></td><td>Celebration</td><td>Social celebration or event</td></tr></table></div>"},"url":"https://github.com/RicardoLSantos/shorthand/CodeSystem/social-activity-cs","version":"0.1.0","name":"SocialActivityCS","title":"Social Activity Code System","status":"draft","date":"2025-01-04T22:27:27+00:00","publisher":"Ricardo Lourenço dos Santos","contact":[{"name":"Ricardo Lourenço dos Santos","telecom":[{"system":"url","value":"https://linktr.ee/ricardolsantos"}]}],"description":"Code system for types of social activities","content":"complete","count":6,"concept":[{"code":"meal","display":"Shared Meal","definition":"Sharing a meal together"},{"code":"exercise","display":"Group Exercise","definition":"Group physical activity"},{"code":"entertainment","display":"Entertainment","definition":"Shared entertainment activity"},{"code":"learning","display":"Learning","definition":"Group learning activity"},{"code":"volunteering","display":"Volunteering","definition":"Community service activity"},{"code":"celebration","display":"Celebration","definition":"Social celebration or event"}]}