{"resourceType":"CodeSystem","id":"injury-risk-level-cs","text":{"status":"generated","div":"<div xmlns=\"http://www.w3.org/1999/xhtml\"><p class=\"res-header-id\"><b>Narrativa gerada: CodeSystem injury-risk-level-cs</b></p><a name=\"injury-risk-level-cs\"> </a><a name=\"hcinjury-risk-level-cs\"> </a><p>Este  sistema de código  define o seguinte código:</p><table class=\"codes\"><tr><td style=\"white-space:nowrap\"><b>Código</b></td><td><b>Ecrã</b></td><td><b>Definição</b></td></tr><tr><td style=\"white-space:nowrap\">low<a name=\"injury-risk-level-cs-low\"> </a></td><td>Low Risk</td><td>Low injury risk based on biomechanics</td></tr><tr><td style=\"white-space:nowrap\">moderate<a name=\"injury-risk-level-cs-moderate\"> </a></td><td>Moderate Risk</td><td>Moderate injury risk</td></tr><tr><td style=\"white-space:nowrap\">elevated<a name=\"injury-risk-level-cs-elevated\"> </a></td><td>Elevated Risk</td><td>Elevated injury risk</td></tr><tr><td style=\"white-space:nowrap\">high<a name=\"injury-risk-level-cs-high\"> </a></td><td>High Risk</td><td>High injury risk - recommend gait analysis</td></tr></table></div>"},"url":"https://2rdoc.pt/ig/ios-lifestyle-medicine/CodeSystem/injury-risk-level-cs","version":"0.1.0","name":"InjuryRiskLevelCS","title":"Injury Risk Level CodeSystem","status":"active","date":"2025-11-28T14:35:57+00:00","publisher":"Ricardo Lourenço dos Santos","contact":[{"name":"Ricardo Lourenço dos Santos","telecom":[{"system":"url","value":"https://linktr.ee/ricardolsantos"}]}],"description":"Running injury risk levels","jurisdiction":[{"coding":[{"system":"http://unstats.un.org/unsd/methods/m49/m49.htm","code":"150","display":"Europe"}]},{"coding":[{"system":"http://unstats.un.org/unsd/methods/m49/m49.htm","code":"021","display":"Northern America a/"}]},{"coding":[{"system":"http://unstats.un.org/unsd/methods/m49/m49.htm","code":"005","display":"South America"}]},{"coding":[{"system":"urn:iso:std:iso:3166","code":"PT","display":"Portugal"}]},{"coding":[{"system":"urn:iso:std:iso:3166","code":"US","display":"United States of America"}]},{"coding":[{"system":"urn:iso:std:iso:3166","code":"BR","display":"Brazil"}]}],"caseSensitive":true,"content":"complete","count":4,"concept":[{"code":"low","display":"Low Risk","definition":"Low injury risk based on biomechanics"},{"code":"moderate","display":"Moderate Risk","definition":"Moderate injury risk"},{"code":"elevated","display":"Elevated Risk","definition":"Elevated injury risk"},{"code":"high","display":"High Risk","definition":"High injury risk - recommend gait analysis"}]}