{"resourceType":"CodeSystem","id":"fertility-status-cs","text":{"status":"generated","div":"<div xmlns=\"http://www.w3.org/1999/xhtml\"><p class=\"res-header-id\"><b>Narrativa gerada: CodeSystem fertility-status-cs</b></p><a name=\"fertility-status-cs\"> </a><a name=\"hcfertility-status-cs\"> </a><p>Este case-sensitive sistema de código <code>https://2rdoc.pt/fhir/CodeSystem/fertility-status-cs</code> define o seguinte códigos:</p><table class=\"codes\"><tr><td style=\"white-space:nowrap\"><b>Código</b></td><td><b>Ecrã</b></td></tr><tr><td style=\"white-space:nowrap\">fertile<a name=\"fertility-status-cs-fertile\"> </a></td><td>Fertile</td></tr><tr><td style=\"white-space:nowrap\">notFertile<a name=\"fertility-status-cs-notFertile\"> </a></td><td>Not Fertile</td></tr><tr><td style=\"white-space:nowrap\">uncertain<a name=\"fertility-status-cs-uncertain\"> </a></td><td>Uncertain</td></tr></table></div>"},"url":"https://2rdoc.pt/fhir/CodeSystem/fertility-status-cs","version":"0.1.0","name":"FertilityStatusCodeSystem","title":"Fertility Status Code System","status":"active","date":"2025-08-20T17:48:34+01:00","publisher":"Ricardo Lourenço dos Santos","contact":[{"name":"Ricardo Lourenço dos Santos","telecom":[{"system":"url","value":"https://linktr.ee/ricardolsantos"}]}],"description":"Code system for fertility status indicators","caseSensitive":true,"content":"complete","count":3,"concept":[{"code":"fertile","display":"Fertile"},{"code":"notFertile","display":"Not Fertile"},{"code":"uncertain","display":"Uncertain"}]}