{"resourceType":"CodeSystem","id":"muscle-group-cs","text":{"status":"generated","div":"<div xmlns=\"http://www.w3.org/1999/xhtml\"><p class=\"res-header-id\"><b>Narrativa gerada: CodeSystem muscle-group-cs</b></p><a name=\"muscle-group-cs\"> </a><a name=\"hcmuscle-group-cs\"> </a><p>Este  sistema de código  define o seguinte código:</p><table class=\"codes\"><tr><td style=\"white-space:nowrap\"><b>Código</b></td><td><b>Ecrã</b></td><td><b>Definição</b></td></tr><tr><td style=\"white-space:nowrap\">quadriceps<a name=\"muscle-group-cs-quadriceps\"> </a></td><td>Quadriceps</td><td>Front of thigh</td></tr><tr><td style=\"white-space:nowrap\">hamstrings<a name=\"muscle-group-cs-hamstrings\"> </a></td><td>Hamstrings</td><td>Back of thigh</td></tr><tr><td style=\"white-space:nowrap\">glutes<a name=\"muscle-group-cs-glutes\"> </a></td><td>Glutes</td><td>Gluteal muscles</td></tr><tr><td style=\"white-space:nowrap\">calves<a name=\"muscle-group-cs-calves\"> </a></td><td>Calves</td><td>Lower leg muscles</td></tr><tr><td style=\"white-space:nowrap\">chest<a name=\"muscle-group-cs-chest\"> </a></td><td>Chest</td><td>Pectoralis muscles</td></tr><tr><td style=\"white-space:nowrap\">back<a name=\"muscle-group-cs-back\"> </a></td><td>Back</td><td>Latissimus dorsi and back muscles</td></tr><tr><td style=\"white-space:nowrap\">shoulders<a name=\"muscle-group-cs-shoulders\"> </a></td><td>Shoulders</td><td>Deltoid muscles</td></tr><tr><td style=\"white-space:nowrap\">biceps<a name=\"muscle-group-cs-biceps\"> </a></td><td>Biceps</td><td>Front of upper arm</td></tr><tr><td style=\"white-space:nowrap\">triceps<a name=\"muscle-group-cs-triceps\"> </a></td><td>Triceps</td><td>Back of upper arm</td></tr><tr><td style=\"white-space:nowrap\">core<a name=\"muscle-group-cs-core\"> </a></td><td>Core</td><td>Abdominal and core muscles</td></tr><tr><td style=\"white-space:nowrap\">erector<a name=\"muscle-group-cs-erector\"> </a></td><td>Erector Spinae</td><td>Lower back muscles</td></tr><tr><td style=\"white-space:nowrap\">traps<a name=\"muscle-group-cs-traps\"> </a></td><td>Trapezius</td><td>Upper back/neck muscles</td></tr><tr><td style=\"white-space:nowrap\">forearms<a name=\"muscle-group-cs-forearms\"> </a></td><td>Forearms</td><td>Forearm muscles</td></tr><tr><td style=\"white-space:nowrap\">hip-flexors<a name=\"muscle-group-cs-hip-flexors\"> </a></td><td>Hip Flexors</td><td>Hip flexor muscles</td></tr></table></div>"},"url":"https://2rdoc.pt/ig/ios-lifestyle-medicine/CodeSystem/muscle-group-cs","version":"0.1.0","name":"MuscleGroupCS","title":"Muscle Group CodeSystem","status":"active","date":"2025-11-28T14:35:57+00:00","publisher":"Ricardo Lourenço dos Santos","contact":[{"name":"Ricardo Lourenço dos Santos","telecom":[{"system":"url","value":"https://linktr.ee/ricardolsantos"}]}],"description":"Primary muscle groups","jurisdiction":[{"coding":[{"system":"http://unstats.un.org/unsd/methods/m49/m49.htm","code":"150","display":"Europe"}]},{"coding":[{"system":"http://unstats.un.org/unsd/methods/m49/m49.htm","code":"021","display":"Northern America a/"}]},{"coding":[{"system":"http://unstats.un.org/unsd/methods/m49/m49.htm","code":"005","display":"South America"}]},{"coding":[{"system":"urn:iso:std:iso:3166","code":"PT","display":"Portugal"}]},{"coding":[{"system":"urn:iso:std:iso:3166","code":"US","display":"United States of America"}]},{"coding":[{"system":"urn:iso:std:iso:3166","code":"BR","display":"Brazil"}]}],"caseSensitive":true,"content":"complete","count":14,"concept":[{"code":"quadriceps","display":"Quadriceps","definition":"Front of thigh"},{"code":"hamstrings","display":"Hamstrings","definition":"Back of thigh"},{"code":"glutes","display":"Glutes","definition":"Gluteal muscles"},{"code":"calves","display":"Calves","definition":"Lower leg muscles"},{"code":"chest","display":"Chest","definition":"Pectoralis muscles"},{"code":"back","display":"Back","definition":"Latissimus dorsi and back muscles"},{"code":"shoulders","display":"Shoulders","definition":"Deltoid muscles"},{"code":"biceps","display":"Biceps","definition":"Front of upper arm"},{"code":"triceps","display":"Triceps","definition":"Back of upper arm"},{"code":"core","display":"Core","definition":"Abdominal and core muscles"},{"code":"erector","display":"Erector Spinae","definition":"Lower back muscles"},{"code":"traps","display":"Trapezius","definition":"Upper back/neck muscles"},{"code":"forearms","display":"Forearms","definition":"Forearm muscles"},{"code":"hip-flexors","display":"Hip Flexors","definition":"Hip flexor muscles"}]}