{"resourceType":"CodeSystem","id":"audit-formats","text":{"status":"generated","div":"<div xmlns=\"http://www.w3.org/1999/xhtml\"><p class=\"res-header-id\"><b>Generated Narrative: CodeSystem audit-formats</b></p><a name=\"audit-formats\"> </a><a name=\"hcaudit-formats\"> </a><a name=\"audit-formats-en-US\"> </a><p>This case-sensitive code system <code>http://example.org/fhir/CodeSystem/audit-formats</code> defines the following codes:</p><table class=\"codes\"><tr><td style=\"white-space:nowrap\"><b>Code</b></td><td><b>Display</b></td></tr><tr><td style=\"white-space:nowrap\">text<a name=\"audit-formats-text\"> </a></td><td>Text Format</td></tr><tr><td style=\"white-space:nowrap\">structured<a name=\"audit-formats-structured\"> </a></td><td>Structured Format</td></tr><tr><td style=\"white-space:nowrap\">mixed<a name=\"audit-formats-mixed\"> </a></td><td>Mixed Format</td></tr></table></div>"},"url":"http://example.org/fhir/CodeSystem/audit-formats","version":"0.1.0","name":"AuditFormatsCodeSystem","title":"Audit Formats Code System","status":"active","experimental":false,"date":"2025-01-02T17:46:41+00:00","publisher":"Ricardo Lourenço dos Santos","contact":[{"name":"Ricardo Lourenço dos Santos","telecom":[{"system":"url","value":"https://linktr.ee/ricardolsantos"}]}],"description":"Code system for audit format types","caseSensitive":true,"content":"complete","count":3,"concept":[{"code":"text","display":"Text Format"},{"code":"structured","display":"Structured Format"},{"code":"mixed","display":"Mixed Format"}]}