{"resourceType":"CodeSystem","id":"MindfulnessSettingCS","text":{"status":"generated","div":"<div xmlns=\"http://www.w3.org/1999/xhtml\"><p class=\"res-header-id\"><b>Narrativa gerada: CodeSystem MindfulnessSettingCS</b></p><a name=\"MindfulnessSettingCS\"> </a><a name=\"hcMindfulnessSettingCS\"> </a><p>Este  sistema de código  define o seguinte código:</p><table class=\"codes\"><tr><td style=\"white-space:nowrap\"><b>Código</b></td><td><b>Ecrã</b></td></tr><tr><td style=\"white-space:nowrap\">home<a name=\"MindfulnessSettingCS-home\"> </a></td><td>Home Practice</td></tr><tr><td style=\"white-space:nowrap\">clinic<a name=\"MindfulnessSettingCS-clinic\"> </a></td><td>Clinical Setting</td></tr><tr><td style=\"white-space:nowrap\">group<a name=\"MindfulnessSettingCS-group\"> </a></td><td>Group Setting</td></tr><tr><td style=\"white-space:nowrap\">retreat<a name=\"MindfulnessSettingCS-retreat\"> </a></td><td>Retreat Setting</td></tr><tr><td style=\"white-space:nowrap\">workplace<a name=\"MindfulnessSettingCS-workplace\"> </a></td><td>Workplace Setting</td></tr></table></div>"},"url":"https://2rdoc.pt/ig/ios-lifestyle-medicine/CodeSystem/MindfulnessSettingCS","version":"0.1.0","name":"MindfulnessSettingCS","title":"Mindfulness Setting CodeSystem","status":"active","experimental":false,"date":"2025-11-30T13:08:37+00:00","publisher":"Ricardo Lourenço dos Santos","contact":[{"name":"Ricardo Lourenço dos Santos","telecom":[{"system":"url","value":"https://linktr.ee/ricardolsantos"}]}],"description":"CodeSystem defining different settings where mindfulness practice can occur","jurisdiction":[{"coding":[{"system":"http://unstats.un.org/unsd/methods/m49/m49.htm","code":"150","display":"Europe"}]},{"coding":[{"system":"http://unstats.un.org/unsd/methods/m49/m49.htm","code":"021","display":"Northern America a/"}]},{"coding":[{"system":"http://unstats.un.org/unsd/methods/m49/m49.htm","code":"005","display":"South America"}]},{"coding":[{"system":"urn:iso:std:iso:3166","code":"PT","display":"Portugal"}]},{"coding":[{"system":"urn:iso:std:iso:3166","code":"US","display":"United States of America"}]},{"coding":[{"system":"urn:iso:std:iso:3166","code":"BR","display":"Brazil"}]}],"caseSensitive":true,"content":"complete","count":5,"concept":[{"code":"home","display":"Home Practice"},{"code":"clinic","display":"Clinical Setting"},{"code":"group","display":"Group Setting"},{"code":"retreat","display":"Retreat Setting"},{"code":"workplace","display":"Workplace Setting"}]}