{"resourceType":"CodeSystem","id":"social-interaction-quality-cs","text":{"status":"generated","div":"<div xmlns=\"http://www.w3.org/1999/xhtml\"><p class=\"res-header-id\"><b>Generated Narrative: CodeSystem social-interaction-quality-cs</b></p><a name=\"social-interaction-quality-cs\"> </a><a name=\"hcsocial-interaction-quality-cs\"> </a><a name=\"social-interaction-quality-cs-en-US\"> </a><p>This  code system <code>https://github.com/RicardoLSantos/shorthand/CodeSystem/social-interaction-quality-cs</code> defines the following codes:</p><table class=\"codes\"><tr><td style=\"white-space:nowrap\"><b>Code</b></td><td><b>Display</b></td><td><b>Definition</b></td></tr><tr><td style=\"white-space:nowrap\">meaningful<a name=\"social-interaction-quality-cs-meaningful\"> </a></td><td>Meaningful</td><td>Deep, meaningful interaction</td></tr><tr><td style=\"white-space:nowrap\">supportive<a name=\"social-interaction-quality-cs-supportive\"> </a></td><td>Supportive</td><td>Supportive interaction</td></tr><tr><td style=\"white-space:nowrap\">neutral<a name=\"social-interaction-quality-cs-neutral\"> </a></td><td>Neutral</td><td>Neither positive nor negative</td></tr><tr><td style=\"white-space:nowrap\">superficial<a name=\"social-interaction-quality-cs-superficial\"> </a></td><td>Superficial</td><td>Surface-level interaction</td></tr><tr><td style=\"white-space:nowrap\">stressful<a name=\"social-interaction-quality-cs-stressful\"> </a></td><td>Stressful</td><td>Stressful or difficult interaction</td></tr></table></div>"},"url":"https://github.com/RicardoLSantos/shorthand/CodeSystem/social-interaction-quality-cs","version":"0.1.0","name":"SocialInteractionQualityCS","title":"Social Interaction Quality Code System","status":"draft","date":"2025-01-04T22:47:01+00:00","publisher":"Ricardo Lourenço dos Santos","contact":[{"name":"Ricardo Lourenço dos Santos","telecom":[{"system":"url","value":"https://linktr.ee/ricardolsantos"}]}],"description":"Quality measures for social interactions","content":"complete","count":5,"concept":[{"code":"meaningful","display":"Meaningful","definition":"Deep, meaningful interaction"},{"code":"supportive","display":"Supportive","definition":"Supportive interaction"},{"code":"neutral","display":"Neutral","definition":"Neither positive nor negative"},{"code":"superficial","display":"Superficial","definition":"Surface-level interaction"},{"code":"stressful","display":"Stressful","definition":"Stressful or difficult interaction"}]}