{"resourceType":"CodeSystem","id":"ios-physical-activity-cs","text":{"status":"generated","div":"<div xmlns=\"http://www.w3.org/1999/xhtml\"><p class=\"res-header-id\"><b>Narrativa gerada: CodeSystem ios-physical-activity-cs</b></p><a name=\"ios-physical-activity-cs\"> </a><a name=\"hcios-physical-activity-cs\"> </a><p>Este  sistema de código  define o seguinte código:</p><table class=\"codes\"><tr><td style=\"white-space:nowrap\"><b>Código</b></td><td><b>Ecrã</b></td><td><b>Definição</b></td></tr><tr><td style=\"white-space:nowrap\">walking<a name=\"ios-physical-activity-cs-walking\"> </a></td><td>Walking</td><td>General walking activity, includes outdoor and indoor walking. Maps to HKWorkoutActivityType.walking.</td></tr><tr><td style=\"white-space:nowrap\">running<a name=\"ios-physical-activity-cs-running\"> </a></td><td>Running</td><td>Running activity, includes outdoor and indoor running. Maps to HKWorkoutActivityType.running.</td></tr><tr><td style=\"white-space:nowrap\">cycling<a name=\"ios-physical-activity-cs-cycling\"> </a></td><td>Cycling</td><td>Cycling activity, includes outdoor and stationary cycling. Maps to HKWorkoutActivityType.cycling.</td></tr><tr><td style=\"white-space:nowrap\">swimming<a name=\"ios-physical-activity-cs-swimming\"> </a></td><td>Swimming</td><td>Swimming activity, includes pool and open water swimming. Maps to HKWorkoutActivityType.swimming.</td></tr><tr><td style=\"white-space:nowrap\">hiking<a name=\"ios-physical-activity-cs-hiking\"> </a></td><td>Hiking</td><td>Hiking activity. Maps to HKWorkoutActivityType.hiking.</td></tr><tr><td style=\"white-space:nowrap\">yoga<a name=\"ios-physical-activity-cs-yoga\"> </a></td><td>Yoga</td><td>Yoga practice. Maps to HKWorkoutActivityType.yoga.</td></tr><tr><td style=\"white-space:nowrap\">dancing<a name=\"ios-physical-activity-cs-dancing\"> </a></td><td>Dancing</td><td>Dancing activity, includes social dance. Maps to HKWorkoutActivityType.dance and HKWorkoutActivityType.socialDance.</td></tr><tr><td style=\"white-space:nowrap\">strength-training<a name=\"ios-physical-activity-cs-strength-training\"> </a></td><td>Strength Training</td><td>Traditional strength training with weights. Maps to HKWorkoutActivityType.traditionalStrengthTraining.</td></tr><tr><td style=\"white-space:nowrap\">tennis<a name=\"ios-physical-activity-cs-tennis\"> </a></td><td>Tennis</td><td>Tennis. Maps to HKWorkoutActivityType.tennis.</td></tr><tr><td style=\"white-space:nowrap\">badminton<a name=\"ios-physical-activity-cs-badminton\"> </a></td><td>Badminton</td><td>Badminton. Maps to HKWorkoutActivityType.badminton.</td></tr><tr><td style=\"white-space:nowrap\">squash<a name=\"ios-physical-activity-cs-squash\"> </a></td><td>Squash</td><td>Squash. Maps to HKWorkoutActivityType.squash.</td></tr><tr><td style=\"white-space:nowrap\">table-tennis<a name=\"ios-physical-activity-cs-table-tennis\"> </a></td><td>Table Tennis</td><td>Table tennis (ping pong). Maps to HKWorkoutActivityType.tableTennis.</td></tr><tr><td style=\"white-space:nowrap\">soccer<a name=\"ios-physical-activity-cs-soccer\"> </a></td><td>Soccer</td><td>Soccer (football). Maps to HKWorkoutActivityType.soccer.</td></tr><tr><td style=\"white-space:nowrap\">basketball<a name=\"ios-physical-activity-cs-basketball\"> </a></td><td>Basketball</td><td>Basketball. Maps to HKWorkoutActivityType.basketball.</td></tr><tr><td style=\"white-space:nowrap\">volleyball<a name=\"ios-physical-activity-cs-volleyball\"> </a></td><td>Volleyball</td><td>Volleyball. Maps to HKWorkoutActivityType.volleyball.</td></tr><tr><td style=\"white-space:nowrap\">tai-chi<a name=\"ios-physical-activity-cs-tai-chi\"> </a></td><td>Tai Chi</td><td>Tai Chi practice. Maps to HKWorkoutActivityType.taiChi.</td></tr><tr><td style=\"white-space:nowrap\">pilates<a name=\"ios-physical-activity-cs-pilates\"> </a></td><td>Pilates</td><td>Pilates exercise. Maps to HKWorkoutActivityType.pilates.</td></tr><tr><td style=\"white-space:nowrap\">rowing<a name=\"ios-physical-activity-cs-rowing\"> </a></td><td>Rowing</td><td>Rowing activity. Maps to HKWorkoutActivityType.rowing.</td></tr><tr><td style=\"white-space:nowrap\">paddle-sports<a name=\"ios-physical-activity-cs-paddle-sports\"> </a></td><td>Paddle Sports</td><td>Paddle sports including kayaking, canoeing. Maps to HKWorkoutActivityType.paddleSports.</td></tr><tr><td style=\"white-space:nowrap\">skiing<a name=\"ios-physical-activity-cs-skiing\"> </a></td><td>Skiing</td><td>Skiing activity. Maps to HKWorkoutActivityType.downhillSkiing and HKWorkoutActivityType.crossCountrySkiing.</td></tr><tr><td style=\"white-space:nowrap\">snowboarding<a name=\"ios-physical-activity-cs-snowboarding\"> </a></td><td>Snowboarding</td><td>Snowboarding. Maps to HKWorkoutActivityType.snowboarding.</td></tr><tr><td style=\"white-space:nowrap\">climbing<a name=\"ios-physical-activity-cs-climbing\"> </a></td><td>Climbing</td><td>Climbing activity. Maps to HKWorkoutActivityType.climbing.</td></tr><tr><td style=\"white-space:nowrap\">golf<a name=\"ios-physical-activity-cs-golf\"> </a></td><td>Golf</td><td>Golf. Maps to HKWorkoutActivityType.golf.</td></tr><tr><td style=\"white-space:nowrap\">elliptical<a name=\"ios-physical-activity-cs-elliptical\"> </a></td><td>Elliptical</td><td>Elliptical trainer exercise. Maps to HKWorkoutActivityType.elliptical.</td></tr><tr><td style=\"white-space:nowrap\">stairs<a name=\"ios-physical-activity-cs-stairs\"> </a></td><td>Stairs</td><td>Stair climbing. Maps to HKWorkoutActivityType.stairs and HKWorkoutActivityType.stairStepper.</td></tr></table></div>"},"url":"https://2rdoc.pt/ig/ios-lifestyle-medicine/CodeSystem/ios-physical-activity-cs","version":"0.1.0","name":"IOSPhysicalActivityCS","title":"iOS Physical Activity CodeSystem","status":"active","experimental":false,"date":"2025-11-22","publisher":"Ricardo Lourenço dos Santos","contact":[{"name":"Ricardo Lourenço dos Santos","telecom":[{"system":"url","value":"https://linktr.ee/ricardolsantos"}]}],"description":"CodeSystem for physical activity types from Apple HealthKit HKWorkoutActivityType. Enables interoperability between iOS Health App data and standard terminologies (SNOMED CT, LOINC).","jurisdiction":[{"coding":[{"system":"http://unstats.un.org/unsd/methods/m49/m49.htm","code":"150","display":"Europe"}]},{"coding":[{"system":"http://unstats.un.org/unsd/methods/m49/m49.htm","code":"021","display":"Northern America a/"}]},{"coding":[{"system":"http://unstats.un.org/unsd/methods/m49/m49.htm","code":"005","display":"South America"}]},{"coding":[{"system":"urn:iso:std:iso:3166","code":"PT","display":"Portugal"}]},{"coding":[{"system":"urn:iso:std:iso:3166","code":"US","display":"United States of America"}]},{"coding":[{"system":"urn:iso:std:iso:3166","code":"BR","display":"Brazil"}]}],"purpose":"Represents physical activity types captured by iOS Health App (HKWorkoutActivityType). Used as source codes in ConceptMaps to SNOMED CT for semantic interoperability with clinical systems.","caseSensitive":true,"content":"complete","count":25,"concept":[{"code":"walking","display":"Walking","definition":"General walking activity, includes outdoor and indoor walking. Maps to HKWorkoutActivityType.walking."},{"code":"running","display":"Running","definition":"Running activity, includes outdoor and indoor running. Maps to HKWorkoutActivityType.running."},{"code":"cycling","display":"Cycling","definition":"Cycling activity, includes outdoor and stationary cycling. Maps to HKWorkoutActivityType.cycling."},{"code":"swimming","display":"Swimming","definition":"Swimming activity, includes pool and open water swimming. Maps to HKWorkoutActivityType.swimming."},{"code":"hiking","display":"Hiking","definition":"Hiking activity. Maps to HKWorkoutActivityType.hiking."},{"code":"yoga","display":"Yoga","definition":"Yoga practice. Maps to HKWorkoutActivityType.yoga."},{"code":"dancing","display":"Dancing","definition":"Dancing activity, includes social dance. Maps to HKWorkoutActivityType.dance and HKWorkoutActivityType.socialDance."},{"code":"strength-training","display":"Strength Training","definition":"Traditional strength training with weights. Maps to HKWorkoutActivityType.traditionalStrengthTraining."},{"code":"tennis","display":"Tennis","definition":"Tennis. Maps to HKWorkoutActivityType.tennis."},{"code":"badminton","display":"Badminton","definition":"Badminton. Maps to HKWorkoutActivityType.badminton."},{"code":"squash","display":"Squash","definition":"Squash. Maps to HKWorkoutActivityType.squash."},{"code":"table-tennis","display":"Table Tennis","definition":"Table tennis (ping pong). Maps to HKWorkoutActivityType.tableTennis."},{"code":"soccer","display":"Soccer","definition":"Soccer (football). Maps to HKWorkoutActivityType.soccer."},{"code":"basketball","display":"Basketball","definition":"Basketball. Maps to HKWorkoutActivityType.basketball."},{"code":"volleyball","display":"Volleyball","definition":"Volleyball. Maps to HKWorkoutActivityType.volleyball."},{"code":"tai-chi","display":"Tai Chi","definition":"Tai Chi practice. Maps to HKWorkoutActivityType.taiChi."},{"code":"pilates","display":"Pilates","definition":"Pilates exercise. Maps to HKWorkoutActivityType.pilates."},{"code":"rowing","display":"Rowing","definition":"Rowing activity. Maps to HKWorkoutActivityType.rowing."},{"code":"paddle-sports","display":"Paddle Sports","definition":"Paddle sports including kayaking, canoeing. Maps to HKWorkoutActivityType.paddleSports."},{"code":"skiing","display":"Skiing","definition":"Skiing activity. Maps to HKWorkoutActivityType.downhillSkiing and HKWorkoutActivityType.crossCountrySkiing."},{"code":"snowboarding","display":"Snowboarding","definition":"Snowboarding. Maps to HKWorkoutActivityType.snowboarding."},{"code":"climbing","display":"Climbing","definition":"Climbing activity. Maps to HKWorkoutActivityType.climbing."},{"code":"golf","display":"Golf","definition":"Golf. Maps to HKWorkoutActivityType.golf."},{"code":"elliptical","display":"Elliptical","definition":"Elliptical trainer exercise. Maps to HKWorkoutActivityType.elliptical."},{"code":"stairs","display":"Stairs","definition":"Stair climbing. Maps to HKWorkoutActivityType.stairs and HKWorkoutActivityType.stairStepper."}]}