{"resourceType":"CodeSystem","id":"strength-training-cs","text":{"status":"generated","div":"<div xmlns=\"http://www.w3.org/1999/xhtml\"><p class=\"res-header-id\"><b>Narrativa gerada: CodeSystem strength-training-cs</b></p><a name=\"strength-training-cs\"> </a><a name=\"hcstrength-training-cs\"> </a><p>Este  sistema de código  define o seguinte código:</p><table class=\"codes\"><tr><td style=\"white-space:nowrap\"><b>Código</b></td><td><b>Ecrã</b></td><td><b>Definição</b></td></tr><tr><td style=\"white-space:nowrap\">exercise-name<a name=\"strength-training-cs-exercise-name\"> </a></td><td>Exercise Name</td><td>Name of the exercise performed</td></tr><tr><td style=\"white-space:nowrap\">category<a name=\"strength-training-cs-category\"> </a></td><td>Exercise Category</td><td>Classification of the exercise type</td></tr><tr><td style=\"white-space:nowrap\">muscle<a name=\"strength-training-cs-muscle\"> </a></td><td>Primary Muscle Group</td><td>Main muscle groups targeted</td></tr><tr><td style=\"white-space:nowrap\">equipment<a name=\"strength-training-cs-equipment\"> </a></td><td>Equipment Type</td><td>Type of equipment used</td></tr><tr><td style=\"white-space:nowrap\">set-num<a name=\"strength-training-cs-set-num\"> </a></td><td>Set Number</td><td>Sequential number of the set</td></tr><tr><td style=\"white-space:nowrap\">set-type<a name=\"strength-training-cs-set-type\"> </a></td><td>Set Type</td><td>Classification of the set</td></tr><tr><td style=\"white-space:nowrap\">reps<a name=\"strength-training-cs-reps\"> </a></td><td>Repetitions Performed</td><td>Actual number of repetitions completed</td></tr><tr><td style=\"white-space:nowrap\">target-reps<a name=\"strength-training-cs-target-reps\"> </a></td><td>Target Repetitions</td><td>Planned number of repetitions</td></tr><tr><td style=\"white-space:nowrap\">load<a name=\"strength-training-cs-load\"> </a></td><td>Load</td><td>Weight/resistance used for the set</td></tr><tr><td style=\"white-space:nowrap\">pct-1rm<a name=\"strength-training-cs-pct-1rm\"> </a></td><td>Percentage of 1RM</td><td>Load expressed as percentage of one repetition maximum</td></tr><tr><td style=\"white-space:nowrap\">rir<a name=\"strength-training-cs-rir\"> </a></td><td>Repetitions in Reserve</td><td>Estimated repetitions remaining before failure</td></tr><tr><td style=\"white-space:nowrap\">set-rpe<a name=\"strength-training-cs-set-rpe\"> </a></td><td>Set RPE</td><td>Rating of Perceived Exertion for the set</td></tr><tr><td style=\"white-space:nowrap\">rest<a name=\"strength-training-cs-rest\"> </a></td><td>Rest Period</td><td>Rest time taken after this set</td></tr><tr><td style=\"white-space:nowrap\">tempo<a name=\"strength-training-cs-tempo\"> </a></td><td>Tempo</td><td>Tempo prescription (e.g., 3-1-2-0)</td></tr><tr><td style=\"white-space:nowrap\">mean-vel<a name=\"strength-training-cs-mean-vel\"> </a></td><td>Mean Concentric Velocity</td><td>Average velocity during the concentric phase</td></tr><tr><td style=\"white-space:nowrap\">peak-vel<a name=\"strength-training-cs-peak-vel\"> </a></td><td>Peak Concentric Velocity</td><td>Maximum velocity achieved during concentric phase</td></tr><tr><td style=\"white-space:nowrap\">vel-loss<a name=\"strength-training-cs-vel-loss\"> </a></td><td>Velocity Loss</td><td>Percentage decrease in velocity from first to last rep</td></tr><tr><td style=\"white-space:nowrap\">mean-power<a name=\"strength-training-cs-mean-power\"> </a></td><td>Mean Power Output</td><td>Average power generated during the lift</td></tr><tr><td style=\"white-space:nowrap\">peak-power<a name=\"strength-training-cs-peak-power\"> </a></td><td>Peak Power Output</td><td>Maximum power achieved during the lift</td></tr><tr><td style=\"white-space:nowrap\">rom<a name=\"strength-training-cs-rom\"> </a></td><td>Range of Motion</td><td>Vertical displacement of the bar/implement</td></tr><tr><td style=\"white-space:nowrap\">tut<a name=\"strength-training-cs-tut\"> </a></td><td>Time Under Tension</td><td>Total duration of muscle tension during the set</td></tr><tr><td style=\"white-space:nowrap\">total-sets<a name=\"strength-training-cs-total-sets\"> </a></td><td>Total Sets</td><td>Total number of working sets performed</td></tr><tr><td style=\"white-space:nowrap\">total-reps<a name=\"strength-training-cs-total-reps\"> </a></td><td>Total Repetitions</td><td>Sum of all repetitions across all sets</td></tr><tr><td style=\"white-space:nowrap\">volume-load<a name=\"strength-training-cs-volume-load\"> </a></td><td>Volume Load</td><td>Total volume = sets x reps x load</td></tr><tr><td style=\"white-space:nowrap\">avg-intensity<a name=\"strength-training-cs-avg-intensity\"> </a></td><td>Average Intensity</td><td>Mean percentage of 1RM across all working sets</td></tr><tr><td style=\"white-space:nowrap\">tested-1rm<a name=\"strength-training-cs-tested-1rm\"> </a></td><td>Tested 1RM</td><td>Directly tested one repetition maximum</td></tr><tr><td style=\"white-space:nowrap\">est-1rm<a name=\"strength-training-cs-est-1rm\"> </a></td><td>Estimated 1RM</td><td>One repetition maximum calculated from submaximal performance</td></tr><tr><td style=\"white-space:nowrap\">est-method<a name=\"strength-training-cs-est-method\"> </a></td><td>1RM Estimation Method</td><td>Formula or method used to estimate 1RM</td></tr><tr><td style=\"white-space:nowrap\">session-rpe<a name=\"strength-training-cs-session-rpe\"> </a></td><td>Session RPE</td><td>Overall rating of perceived exertion for the session</td></tr><tr><td style=\"white-space:nowrap\">session-load<a name=\"strength-training-cs-session-load\"> </a></td><td>Session Training Load</td><td>Session RPE x duration (sRPE method)</td></tr><tr><td style=\"white-space:nowrap\">training-type<a name=\"strength-training-cs-training-type\"> </a></td><td>Training Type</td><td>Primary training goal of the session</td></tr><tr><td style=\"white-space:nowrap\">split-type<a name=\"strength-training-cs-split-type\"> </a></td><td>Split Type</td><td>Training split/body part organization</td></tr></table></div>"},"url":"https://2rdoc.pt/ig/ios-lifestyle-medicine/CodeSystem/strength-training-cs","version":"0.1.0","name":"StrengthTrainingCS","title":"Strength Training CodeSystem","status":"active","experimental":false,"date":"2025-11-28","publisher":"Ricardo Lourenço dos Santos","contact":[{"name":"Ricardo Lourenço dos Santos","telecom":[{"system":"url","value":"https://linktr.ee/ricardolsantos"}]}],"description":"CodeSystem for strength training metrics from gym equipment and VBT devices.","jurisdiction":[{"coding":[{"system":"http://unstats.un.org/unsd/methods/m49/m49.htm","code":"150","display":"Europe"}]},{"coding":[{"system":"http://unstats.un.org/unsd/methods/m49/m49.htm","code":"021","display":"Northern America a/"}]},{"coding":[{"system":"http://unstats.un.org/unsd/methods/m49/m49.htm","code":"005","display":"South America"}]},{"coding":[{"system":"urn:iso:std:iso:3166","code":"PT","display":"Portugal"}]},{"coding":[{"system":"urn:iso:std:iso:3166","code":"US","display":"United States of America"}]},{"coding":[{"system":"urn:iso:std:iso:3166","code":"BR","display":"Brazil"}]}],"caseSensitive":true,"content":"complete","count":32,"concept":[{"code":"exercise-name","display":"Exercise Name","definition":"Name of the exercise performed"},{"code":"category","display":"Exercise Category","definition":"Classification of the exercise type"},{"code":"muscle","display":"Primary Muscle Group","definition":"Main muscle groups targeted"},{"code":"equipment","display":"Equipment Type","definition":"Type of equipment used"},{"code":"set-num","display":"Set Number","definition":"Sequential number of the set"},{"code":"set-type","display":"Set Type","definition":"Classification of the set"},{"code":"reps","display":"Repetitions Performed","definition":"Actual number of repetitions completed"},{"code":"target-reps","display":"Target Repetitions","definition":"Planned number of repetitions"},{"code":"load","display":"Load","definition":"Weight/resistance used for the set"},{"code":"pct-1rm","display":"Percentage of 1RM","definition":"Load expressed as percentage of one repetition maximum"},{"code":"rir","display":"Repetitions in Reserve","definition":"Estimated repetitions remaining before failure"},{"code":"set-rpe","display":"Set RPE","definition":"Rating of Perceived Exertion for the set"},{"code":"rest","display":"Rest Period","definition":"Rest time taken after this set"},{"code":"tempo","display":"Tempo","definition":"Tempo prescription (e.g., 3-1-2-0)"},{"code":"mean-vel","display":"Mean Concentric Velocity","definition":"Average velocity during the concentric phase"},{"code":"peak-vel","display":"Peak Concentric Velocity","definition":"Maximum velocity achieved during concentric phase"},{"code":"vel-loss","display":"Velocity Loss","definition":"Percentage decrease in velocity from first to last rep"},{"code":"mean-power","display":"Mean Power Output","definition":"Average power generated during the lift"},{"code":"peak-power","display":"Peak Power Output","definition":"Maximum power achieved during the lift"},{"code":"rom","display":"Range of Motion","definition":"Vertical displacement of the bar/implement"},{"code":"tut","display":"Time Under Tension","definition":"Total duration of muscle tension during the set"},{"code":"total-sets","display":"Total Sets","definition":"Total number of working sets performed"},{"code":"total-reps","display":"Total Repetitions","definition":"Sum of all repetitions across all sets"},{"code":"volume-load","display":"Volume Load","definition":"Total volume = sets x reps x load"},{"code":"avg-intensity","display":"Average Intensity","definition":"Mean percentage of 1RM across all working sets"},{"code":"tested-1rm","display":"Tested 1RM","definition":"Directly tested one repetition maximum"},{"code":"est-1rm","display":"Estimated 1RM","definition":"One repetition maximum calculated from submaximal performance"},{"code":"est-method","display":"1RM Estimation Method","definition":"Formula or method used to estimate 1RM"},{"code":"session-rpe","display":"Session RPE","definition":"Overall rating of perceived exertion for the session"},{"code":"session-load","display":"Session Training Load","definition":"Session RPE x duration (sRPE method)"},{"code":"training-type","display":"Training Type","definition":"Primary training goal of the session"},{"code":"split-type","display":"Split Type","definition":"Training split/body part organization"}]}