{"resourceType":"CodeSystem","id":"fall-risk-outcomes","text":{"status":"generated","div":"<div xmlns=\"http://www.w3.org/1999/xhtml\"><p class=\"res-header-id\"><b>Narrativa gerada: CodeSystem fall-risk-outcomes</b></p><a name=\"fall-risk-outcomes\"> </a><a name=\"hcfall-risk-outcomes\"> </a><p>Este  sistema de código  define o seguinte código:</p><table class=\"codes\"><tr><td style=\"white-space:nowrap\"><b>Código</b></td><td><b>Ecrã</b></td><td><b>Definição</b></td></tr><tr><td style=\"white-space:nowrap\">low-risk<a name=\"fall-risk-outcomes-low-risk\"> </a></td><td>Low Risk</td><td>Low risk of falling - minimal intervention needed</td></tr><tr><td style=\"white-space:nowrap\">moderate-risk<a name=\"fall-risk-outcomes-moderate-risk\"> </a></td><td>Moderate Risk</td><td>Moderate risk of falling - preventive measures recommended</td></tr><tr><td style=\"white-space:nowrap\">high-risk<a name=\"fall-risk-outcomes-high-risk\"> </a></td><td>High Risk</td><td>High risk of falling - immediate intervention required</td></tr><tr><td style=\"white-space:nowrap\">fall-occurred<a name=\"fall-risk-outcomes-fall-occurred\"> </a></td><td>Fall Occurred</td><td>Patient experienced an actual fall event</td></tr><tr><td style=\"white-space:nowrap\">near-fall<a name=\"fall-risk-outcomes-near-fall\"> </a></td><td>Near Fall</td><td>Patient experienced a near fall event or loss of balance</td></tr><tr><td style=\"white-space:nowrap\">recurrent-falls<a name=\"fall-risk-outcomes-recurrent-falls\"> </a></td><td>Recurrent Falls</td><td>Patient has history of multiple fall events</td></tr><tr><td style=\"white-space:nowrap\">fall-with-injury<a name=\"fall-risk-outcomes-fall-with-injury\"> </a></td><td>Fall with Injury</td><td>Fall event resulted in injury</td></tr></table></div>"},"url":"https://2rdoc.pt/ig/ios-lifestyle-medicine/CodeSystem/fall-risk-outcomes","version":"0.1.0","name":"FallRiskOutcomes","title":"Fall Risk Outcomes","status":"active","experimental":false,"date":"2025-11-27T17:03:01+00:00","publisher":"Ricardo Lourenço dos Santos","contact":[{"name":"Ricardo Lourenço dos Santos","telecom":[{"system":"url","value":"https://linktr.ee/ricardolsantos"}]}],"description":"Outcomes and assessment results related to fall risk in mobility evaluations","jurisdiction":[{"coding":[{"system":"http://unstats.un.org/unsd/methods/m49/m49.htm","code":"150","display":"Europe"}]},{"coding":[{"system":"http://unstats.un.org/unsd/methods/m49/m49.htm","code":"021","display":"Northern America a/"}]},{"coding":[{"system":"http://unstats.un.org/unsd/methods/m49/m49.htm","code":"005","display":"South America"}]},{"coding":[{"system":"urn:iso:std:iso:3166","code":"PT","display":"Portugal"}]},{"coding":[{"system":"urn:iso:std:iso:3166","code":"US","display":"United States of America"}]},{"coding":[{"system":"urn:iso:std:iso:3166","code":"BR","display":"Brazil"}]}],"caseSensitive":true,"content":"complete","count":7,"concept":[{"code":"low-risk","display":"Low Risk","definition":"Low risk of falling - minimal intervention needed"},{"code":"moderate-risk","display":"Moderate Risk","definition":"Moderate risk of falling - preventive measures recommended"},{"code":"high-risk","display":"High Risk","definition":"High risk of falling - immediate intervention required"},{"code":"fall-occurred","display":"Fall Occurred","definition":"Patient experienced an actual fall event"},{"code":"near-fall","display":"Near Fall","definition":"Patient experienced a near fall event or loss of balance"},{"code":"recurrent-falls","display":"Recurrent Falls","definition":"Patient has history of multiple fall events"},{"code":"fall-with-injury","display":"Fall with Injury","definition":"Fall event resulted in injury"}]}