{"resourceType":"CodeSystem","id":"substance-use-trigger-cs","text":{"status":"generated","div":"<div xmlns=\"http://www.w3.org/1999/xhtml\"><p class=\"res-header-id\"><b>Narrativa gerada: CodeSystem substance-use-trigger-cs</b></p><a name=\"substance-use-trigger-cs\"> </a><a name=\"hcsubstance-use-trigger-cs\"> </a><p>Este  sistema de código  define o seguinte código:</p><table class=\"codes\"><tr><td style=\"white-space:nowrap\"><b>Código</b></td><td><b>Ecrã</b></td><td><b>Definição</b></td></tr><tr><td style=\"white-space:nowrap\">stress<a name=\"substance-use-trigger-cs-stress\"> </a></td><td>Stress</td><td>Work or life stress</td></tr><tr><td style=\"white-space:nowrap\">social<a name=\"substance-use-trigger-cs-social\"> </a></td><td>Social situations</td><td>Social gatherings or peer pressure</td></tr><tr><td style=\"white-space:nowrap\">emotional<a name=\"substance-use-trigger-cs-emotional\"> </a></td><td>Emotional distress</td><td>Anxiety, depression, or emotional pain</td></tr><tr><td style=\"white-space:nowrap\">boredom<a name=\"substance-use-trigger-cs-boredom\"> </a></td><td>Boredom</td><td>Lack of stimulation or engagement</td></tr><tr><td style=\"white-space:nowrap\">habit<a name=\"substance-use-trigger-cs-habit\"> </a></td><td>Habit/routine</td><td>Habitual or routine behavior</td></tr><tr><td style=\"white-space:nowrap\">celebration<a name=\"substance-use-trigger-cs-celebration\"> </a></td><td>Celebration</td><td>Celebratory occasions</td></tr><tr><td style=\"white-space:nowrap\">cravings<a name=\"substance-use-trigger-cs-cravings\"> </a></td><td>Physical cravings</td><td>Physical dependency cravings</td></tr><tr><td style=\"white-space:nowrap\">meals<a name=\"substance-use-trigger-cs-meals\"> </a></td><td>With meals</td><td>Associated with eating</td></tr><tr><td style=\"white-space:nowrap\">morning<a name=\"substance-use-trigger-cs-morning\"> </a></td><td>Morning routine</td><td>Part of morning routine</td></tr><tr><td style=\"white-space:nowrap\">sleep<a name=\"substance-use-trigger-cs-sleep\"> </a></td><td>Sleep issues</td><td>Difficulty sleeping</td></tr><tr><td style=\"white-space:nowrap\">pain<a name=\"substance-use-trigger-cs-pain\"> </a></td><td>Pain</td><td>Physical pain or discomfort</td></tr></table></div>"},"url":"https://2rdoc.pt/ig/ios-lifestyle-medicine/CodeSystem/substance-use-trigger-cs","version":"0.1.0","name":"SubstanceUseTriggerCS","title":"Substance Use Trigger CodeSystem","status":"active","experimental":false,"date":"2025-11-27T17:03:01+00:00","publisher":"Ricardo Lourenço dos Santos","contact":[{"name":"Ricardo Lourenço dos Santos","telecom":[{"system":"url","value":"https://linktr.ee/ricardolsantos"}]}],"description":"Common triggers for substance use behavior","jurisdiction":[{"coding":[{"system":"http://unstats.un.org/unsd/methods/m49/m49.htm","code":"150","display":"Europe"}]},{"coding":[{"system":"http://unstats.un.org/unsd/methods/m49/m49.htm","code":"021","display":"Northern America a/"}]},{"coding":[{"system":"http://unstats.un.org/unsd/methods/m49/m49.htm","code":"005","display":"South America"}]},{"coding":[{"system":"urn:iso:std:iso:3166","code":"PT","display":"Portugal"}]},{"coding":[{"system":"urn:iso:std:iso:3166","code":"US","display":"United States of America"}]},{"coding":[{"system":"urn:iso:std:iso:3166","code":"BR","display":"Brazil"}]}],"caseSensitive":true,"content":"complete","count":11,"concept":[{"code":"stress","display":"Stress","definition":"Work or life stress"},{"code":"social","display":"Social situations","definition":"Social gatherings or peer pressure"},{"code":"emotional","display":"Emotional distress","definition":"Anxiety, depression, or emotional pain"},{"code":"boredom","display":"Boredom","definition":"Lack of stimulation or engagement"},{"code":"habit","display":"Habit/routine","definition":"Habitual or routine behavior"},{"code":"celebration","display":"Celebration","definition":"Celebratory occasions"},{"code":"cravings","display":"Physical cravings","definition":"Physical dependency cravings"},{"code":"meals","display":"With meals","definition":"Associated with eating"},{"code":"morning","display":"Morning routine","definition":"Part of morning routine"},{"code":"sleep","display":"Sleep issues","definition":"Difficulty sleeping"},{"code":"pain","display":"Pain","definition":"Physical pain or discomfort"}]}