{"resourceType":"CodeSystem","id":"alcohol-drinking-frequency-cs","text":{"status":"generated","div":"<div xmlns=\"http://www.w3.org/1999/xhtml\"><p class=\"res-header-id\"><b>Narrativa gerada: CodeSystem alcohol-drinking-frequency-cs</b></p><a name=\"alcohol-drinking-frequency-cs\"> </a><a name=\"hcalcohol-drinking-frequency-cs\"> </a><p>Este  sistema de código  define o seguinte código:</p><table class=\"codes\"><tr><td style=\"white-space:nowrap\"><b>Código</b></td><td><b>Ecrã</b></td><td><b>Definição</b></td></tr><tr><td style=\"white-space:nowrap\">never<a name=\"alcohol-drinking-frequency-cs-never\"> </a></td><td>Never</td><td>Never drinks alcohol</td></tr><tr><td style=\"white-space:nowrap\">monthly-or-less<a name=\"alcohol-drinking-frequency-cs-monthly-or-less\"> </a></td><td>Monthly or less</td><td>Drinks alcohol monthly or less frequently</td></tr><tr><td style=\"white-space:nowrap\">2-4-per-month<a name=\"alcohol-drinking-frequency-cs-2-4-per-month\"> </a></td><td>2-4 times per month</td><td>Drinks alcohol 2-4 times per month</td></tr><tr><td style=\"white-space:nowrap\">2-3-per-week<a name=\"alcohol-drinking-frequency-cs-2-3-per-week\"> </a></td><td>2-3 times per week</td><td>Drinks alcohol 2-3 times per week</td></tr><tr><td style=\"white-space:nowrap\">4-plus-per-week<a name=\"alcohol-drinking-frequency-cs-4-plus-per-week\"> </a></td><td>4+ times per week</td><td>Drinks alcohol 4 or more times per week</td></tr><tr><td style=\"white-space:nowrap\">daily<a name=\"alcohol-drinking-frequency-cs-daily\"> </a></td><td>Daily</td><td>Drinks alcohol daily</td></tr></table></div>"},"url":"https://2rdoc.pt/ig/ios-lifestyle-medicine/CodeSystem/alcohol-drinking-frequency-cs","version":"0.1.0","name":"AlcoholDrinkingFrequencyCS","title":"Alcohol Drinking Frequency CodeSystem","status":"active","experimental":false,"date":"2025-11-27T11:57:11+00:00","publisher":"Ricardo Lourenço dos Santos","contact":[{"name":"Ricardo Lourenço dos Santos","telecom":[{"system":"url","value":"https://linktr.ee/ricardolsantos"}]}],"description":"AUDIT-C style frequency categories","jurisdiction":[{"coding":[{"system":"http://unstats.un.org/unsd/methods/m49/m49.htm","code":"150","display":"Europe"}]},{"coding":[{"system":"http://unstats.un.org/unsd/methods/m49/m49.htm","code":"021","display":"Northern America a/"}]},{"coding":[{"system":"http://unstats.un.org/unsd/methods/m49/m49.htm","code":"005","display":"South America"}]},{"coding":[{"system":"urn:iso:std:iso:3166","code":"PT","display":"Portugal"}]},{"coding":[{"system":"urn:iso:std:iso:3166","code":"US","display":"United States of America"}]},{"coding":[{"system":"urn:iso:std:iso:3166","code":"BR","display":"Brazil"}]}],"caseSensitive":true,"content":"complete","count":6,"concept":[{"code":"never","display":"Never","definition":"Never drinks alcohol"},{"code":"monthly-or-less","display":"Monthly or less","definition":"Drinks alcohol monthly or less frequently"},{"code":"2-4-per-month","display":"2-4 times per month","definition":"Drinks alcohol 2-4 times per month"},{"code":"2-3-per-week","display":"2-3 times per week","definition":"Drinks alcohol 2-3 times per week"},{"code":"4-plus-per-week","display":"4+ times per week","definition":"Drinks alcohol 4 or more times per week"},{"code":"daily","display":"Daily","definition":"Drinks alcohol daily"}]}