{"resourceType":"CodeSystem","id":"mood","text":{"status":"generated","div":"<div xmlns=\"http://www.w3.org/1999/xhtml\"><p class=\"res-header-id\"><b>Narrativa gerada: CodeSystem mood</b></p><a name=\"mood\"> </a><a name=\"hcmood\"> </a><p>Este  sistema de código  define o seguinte código:</p><table class=\"codes\"><tr><td style=\"white-space:nowrap\"><b>Código</b></td><td><b>Ecrã</b></td><td><b>Definição</b></td></tr><tr><td style=\"white-space:nowrap\">elevated<a name=\"mood-elevated\"> </a></td><td>Elevated</td><td>Mood is higher than normal</td></tr><tr><td style=\"white-space:nowrap\">neutral<a name=\"mood-neutral\"> </a></td><td>Neutral</td><td>Neither elevated nor depressed mood</td></tr><tr><td style=\"white-space:nowrap\">depressed<a name=\"mood-depressed\"> </a></td><td>Depressed</td><td>Mood is lower than normal</td></tr><tr><td style=\"white-space:nowrap\">anxious<a name=\"mood-anxious\"> </a></td><td>Anxious</td><td>Feeling worried or nervous</td></tr><tr><td style=\"white-space:nowrap\">irritable<a name=\"mood-irritable\"> </a></td><td>Irritable</td><td>Easily annoyed or angered</td></tr><tr><td style=\"white-space:nowrap\">calm<a name=\"mood-calm\"> </a></td><td>Calm</td><td>Feeling peaceful and relaxed</td></tr></table></div>"},"url":"https://2rdoc.pt/ig/ios-lifestyle-medicine/CodeSystem/mood","version":"0.1.0","name":"MoodCodeSystem","title":"Mood Code System","status":"active","experimental":false,"date":"2025-11-27T17:03:01+00:00","publisher":"Ricardo Lourenço dos Santos","contact":[{"name":"Ricardo Lourenço dos Santos","telecom":[{"system":"url","value":"https://linktr.ee/ricardolsantos"}]}],"description":"Code system for mood states","useContext":[{"code":{"system":"http://terminology.hl7.org/CodeSystem/usage-context-type","code":"program"},"valueCodeableConcept":{"text":"iOS Lifestyle Medicine"}}],"jurisdiction":[{"coding":[{"system":"http://unstats.un.org/unsd/methods/m49/m49.htm","code":"150","display":"Europe"}]},{"coding":[{"system":"http://unstats.un.org/unsd/methods/m49/m49.htm","code":"021","display":"Northern America a/"}]},{"coding":[{"system":"http://unstats.un.org/unsd/methods/m49/m49.htm","code":"005","display":"South America"}]},{"coding":[{"system":"urn:iso:std:iso:3166","code":"PT","display":"Portugal"}]},{"coding":[{"system":"urn:iso:std:iso:3166","code":"US","display":"United States of America"}]},{"coding":[{"system":"urn:iso:std:iso:3166","code":"BR","display":"Brazil"}]}],"caseSensitive":true,"content":"complete","count":6,"concept":[{"code":"elevated","display":"Elevated","definition":"Mood is higher than normal"},{"code":"neutral","display":"Neutral","definition":"Neither elevated nor depressed mood"},{"code":"depressed","display":"Depressed","definition":"Mood is lower than normal"},{"code":"anxious","display":"Anxious","definition":"Feeling worried or nervous"},{"code":"irritable","display":"Irritable","definition":"Easily annoyed or angered"},{"code":"calm","display":"Calm","definition":"Feeling peaceful and relaxed"}]}