{"resourceType":"CodeSystem","id":"mindfulness-outcome-cs","text":{"status":"generated","div":"<div xmlns=\"http://www.w3.org/1999/xhtml\"><p class=\"res-header-id\"><b>Generated Narrative: CodeSystem mindfulness-outcome-cs</b></p><a name=\"mindfulness-outcome-cs\"> </a><a name=\"hcmindfulness-outcome-cs\"> </a><a name=\"mindfulness-outcome-cs-en-US\"> </a><p>This case-sensitive code system <code>https://github.com/RicardoLSantos/shorthand/CodeSystem/mindfulness-outcome-cs</code> defines the following codes:</p><table class=\"codes\"><tr><td style=\"white-space:nowrap\"><b>Code</b></td><td><b>Display</b></td><td><b>Definition</b></td></tr><tr><td style=\"white-space:nowrap\">increasedAwareness<a name=\"mindfulness-outcome-cs-increasedAwareness\"> </a></td><td>Increased Awareness</td><td>Greater awareness of thoughts and sensations</td></tr><tr><td style=\"white-space:nowrap\">improvedFocus<a name=\"mindfulness-outcome-cs-improvedFocus\"> </a></td><td>Improved Focus</td><td>Enhanced ability to concentrate</td></tr><tr><td style=\"white-space:nowrap\">stressReduction<a name=\"mindfulness-outcome-cs-stressReduction\"> </a></td><td>Stress Reduction</td><td>Decreased levels of stress and tension</td></tr><tr><td style=\"white-space:nowrap\">emotionalBalance<a name=\"mindfulness-outcome-cs-emotionalBalance\"> </a></td><td>Emotional Balance</td><td>Better emotional regulation</td></tr><tr><td style=\"white-space:nowrap\">improvedSleep<a name=\"mindfulness-outcome-cs-improvedSleep\"> </a></td><td>Improved Sleep</td><td>Enhanced sleep quality</td></tr></table></div>"},"url":"https://github.com/RicardoLSantos/shorthand/CodeSystem/mindfulness-outcome-cs","version":"0.1.0","name":"MindfulnessOutcomeCS","title":"Mindfulness Outcomes","status":"draft","experimental":false,"date":"2025-01-02T19:32:36+00:00","publisher":"Ricardo Lourenço dos Santos","contact":[{"name":"Ricardo Lourenço dos Santos","telecom":[{"system":"url","value":"https://linktr.ee/ricardolsantos"}]}],"description":"Outcomes and effects of mindfulness practice","caseSensitive":true,"content":"complete","count":5,"concept":[{"code":"increasedAwareness","display":"Increased Awareness","definition":"Greater awareness of thoughts and sensations"},{"code":"improvedFocus","display":"Improved Focus","definition":"Enhanced ability to concentrate"},{"code":"stressReduction","display":"Stress Reduction","definition":"Decreased levels of stress and tension"},{"code":"emotionalBalance","display":"Emotional Balance","definition":"Better emotional regulation"},{"code":"improvedSleep","display":"Improved Sleep","definition":"Enhanced sleep quality"}]}