{"resourceType":"CodeSystem","id":"substance-use-risk-level-cs","text":{"status":"generated","div":"<div xmlns=\"http://www.w3.org/1999/xhtml\"><p class=\"res-header-id\"><b>Narrativa gerada: CodeSystem substance-use-risk-level-cs</b></p><a name=\"substance-use-risk-level-cs\"> </a><a name=\"hcsubstance-use-risk-level-cs\"> </a><p>Este  sistema de código  define o seguinte código:</p><table class=\"codes\"><tr><td style=\"white-space:nowrap\"><b>Código</b></td><td><b>Ecrã</b></td><td><b>Definição</b></td></tr><tr><td style=\"white-space:nowrap\">minimal<a name=\"substance-use-risk-level-cs-minimal\"> </a></td><td>Minimal risk</td><td>No or minimal substance use concerns</td></tr><tr><td style=\"white-space:nowrap\">low<a name=\"substance-use-risk-level-cs-low\"> </a></td><td>Low risk</td><td>Low risk - within recommended guidelines</td></tr><tr><td style=\"white-space:nowrap\">moderate<a name=\"substance-use-risk-level-cs-moderate\"> </a></td><td>Moderate risk</td><td>Moderate risk - exceeds some guidelines</td></tr><tr><td style=\"white-space:nowrap\">high<a name=\"substance-use-risk-level-cs-high\"> </a></td><td>High risk</td><td>High risk - significant health concerns</td></tr><tr><td style=\"white-space:nowrap\">severe<a name=\"substance-use-risk-level-cs-severe\"> </a></td><td>Severe risk</td><td>Severe risk - requires intervention</td></tr></table></div>"},"url":"https://2rdoc.pt/ig/ios-lifestyle-medicine/CodeSystem/substance-use-risk-level-cs","version":"0.1.0","name":"SubstanceUseRiskLevelCS","title":"Substance Use Risk Level CodeSystem","status":"active","experimental":false,"date":"2025-11-27T17:03:01+00:00","publisher":"Ricardo Lourenço dos Santos","contact":[{"name":"Ricardo Lourenço dos Santos","telecom":[{"system":"url","value":"https://linktr.ee/ricardolsantos"}]}],"description":"Risk levels for substance use assessment in lifestyle medicine","jurisdiction":[{"coding":[{"system":"http://unstats.un.org/unsd/methods/m49/m49.htm","code":"150","display":"Europe"}]},{"coding":[{"system":"http://unstats.un.org/unsd/methods/m49/m49.htm","code":"021","display":"Northern America a/"}]},{"coding":[{"system":"http://unstats.un.org/unsd/methods/m49/m49.htm","code":"005","display":"South America"}]},{"coding":[{"system":"urn:iso:std:iso:3166","code":"PT","display":"Portugal"}]},{"coding":[{"system":"urn:iso:std:iso:3166","code":"US","display":"United States of America"}]},{"coding":[{"system":"urn:iso:std:iso:3166","code":"BR","display":"Brazil"}]}],"caseSensitive":true,"content":"complete","count":5,"concept":[{"code":"minimal","display":"Minimal risk","definition":"No or minimal substance use concerns"},{"code":"low","display":"Low risk","definition":"Low risk - within recommended guidelines"},{"code":"moderate","display":"Moderate risk","definition":"Moderate risk - exceeds some guidelines"},{"code":"high","display":"High risk","definition":"High risk - significant health concerns"},{"code":"severe","display":"Severe risk","definition":"Severe risk - requires intervention"}]}