{"resourceType":"CodeSystem","id":"crf-standard-cs","text":{"status":"generated","div":"<div xmlns=\"http://www.w3.org/1999/xhtml\"><p class=\"res-header-id\"><b>Narrativa gerada: CodeSystem crf-standard-cs</b></p><a name=\"crf-standard-cs\"> </a><a name=\"hccrf-standard-cs\"> </a><p>Este  sistema de código  define o seguinte código:</p><table class=\"codes\"><tr><td style=\"white-space:nowrap\"><b>Código</b></td><td><b>Ecrã</b></td><td><b>Definição</b></td></tr><tr><td style=\"white-space:nowrap\">acsm<a name=\"crf-standard-cs-acsm\"> </a></td><td>ACSM</td><td>American College of Sports Medicine</td></tr><tr><td style=\"white-space:nowrap\">cooper<a name=\"crf-standard-cs-cooper\"> </a></td><td>Cooper Institute</td><td>Cooper Institute norms</td></tr><tr><td style=\"white-space:nowrap\">hunt<a name=\"crf-standard-cs-hunt\"> </a></td><td>HUNT Fitness Study</td><td>Norwegian HUNT study norms</td></tr><tr><td style=\"white-space:nowrap\">garmin<a name=\"crf-standard-cs-garmin\"> </a></td><td>Garmin Proprietary</td><td>Garmin proprietary system</td></tr><tr><td style=\"white-space:nowrap\">apple<a name=\"crf-standard-cs-apple\"> </a></td><td>Apple Proprietary</td><td>Apple proprietary system</td></tr><tr><td style=\"white-space:nowrap\">polar<a name=\"crf-standard-cs-polar\"> </a></td><td>Polar Proprietary</td><td>Polar proprietary system</td></tr><tr><td style=\"white-space:nowrap\">other<a name=\"crf-standard-cs-other\"> </a></td><td>Other</td><td>Other standard</td></tr></table></div>"},"url":"https://2rdoc.pt/ig/ios-lifestyle-medicine/CodeSystem/crf-standard-cs","version":"0.1.0","name":"CRFStandardCS","title":"CRF Standard CodeSystem","status":"active","experimental":false,"date":"2025-11-30T13:08:37+00:00","publisher":"Ricardo Lourenço dos Santos","contact":[{"name":"Ricardo Lourenço dos Santos","telecom":[{"system":"url","value":"https://linktr.ee/ricardolsantos"}]}],"description":"Standards and norms used for CRF classification","jurisdiction":[{"coding":[{"system":"http://unstats.un.org/unsd/methods/m49/m49.htm","code":"150","display":"Europe"}]},{"coding":[{"system":"http://unstats.un.org/unsd/methods/m49/m49.htm","code":"021","display":"Northern America a/"}]},{"coding":[{"system":"http://unstats.un.org/unsd/methods/m49/m49.htm","code":"005","display":"South America"}]},{"coding":[{"system":"urn:iso:std:iso:3166","code":"PT","display":"Portugal"}]},{"coding":[{"system":"urn:iso:std:iso:3166","code":"US","display":"United States of America"}]},{"coding":[{"system":"urn:iso:std:iso:3166","code":"BR","display":"Brazil"}]}],"caseSensitive":true,"content":"complete","count":7,"concept":[{"code":"acsm","display":"ACSM","definition":"American College of Sports Medicine"},{"code":"cooper","display":"Cooper Institute","definition":"Cooper Institute norms"},{"code":"hunt","display":"HUNT Fitness Study","definition":"Norwegian HUNT study norms"},{"code":"garmin","display":"Garmin Proprietary","definition":"Garmin proprietary system"},{"code":"apple","display":"Apple Proprietary","definition":"Apple proprietary system"},{"code":"polar","display":"Polar Proprietary","definition":"Polar proprietary system"},{"code":"other","display":"Other","definition":"Other standard"}]}