{"resourceType":"CodeSystem","id":"mindfulness-alert-type","text":{"status":"generated","div":"<div xmlns=\"http://www.w3.org/1999/xhtml\"><p class=\"res-header-id\"><b>Narrativa gerada: CodeSystem mindfulness-alert-type</b></p><a name=\"mindfulness-alert-type\"> </a><a name=\"hcmindfulness-alert-type\"> </a><p>Este  sistema de código  define o seguinte código:</p><table class=\"codes\"><tr><td style=\"white-space:nowrap\"><b>Código</b></td><td><b>Ecrã</b></td><td><b>Definição</b></td></tr><tr><td style=\"white-space:nowrap\">reminder<a name=\"mindfulness-alert-type-reminder\"> </a></td><td>Mindfulness Reminder</td><td>Alert to remind user to practice mindfulness</td></tr><tr><td style=\"white-space:nowrap\">session-start<a name=\"mindfulness-alert-type-session-start\"> </a></td><td>Session Start</td><td>Alert when mindfulness session begins</td></tr><tr><td style=\"white-space:nowrap\">session-end<a name=\"mindfulness-alert-type-session-end\"> </a></td><td>Session End</td><td>Alert when mindfulness session ends</td></tr><tr><td style=\"white-space:nowrap\">goal-achieved<a name=\"mindfulness-alert-type-goal-achieved\"> </a></td><td>Goal Achieved</td><td>Alert when mindfulness goal is achieved</td></tr><tr><td style=\"white-space:nowrap\">streak<a name=\"mindfulness-alert-type-streak\"> </a></td><td>Streak Milestone</td><td>Alert for consecutive days of practice</td></tr></table></div>"},"url":"https://2rdoc.pt/ig/ios-lifestyle-medicine/CodeSystem/mindfulness-alert-type","version":"0.1.0","name":"MindfulnessAlertTypeCS","title":"Mindfulness Alert Type","status":"active","experimental":false,"date":"2025-10-02T18:31:12+01:00","publisher":"Ricardo Lourenço dos Santos","contact":[{"name":"Ricardo Lourenço dos Santos","telecom":[{"system":"url","value":"https://linktr.ee/ricardolsantos"}]}],"description":"Types of alerts for mindfulness practice reminders and notifications","jurisdiction":[{"coding":[{"system":"http://unstats.un.org/unsd/methods/m49/m49.htm","code":"150","display":"Europe"}]},{"coding":[{"system":"http://unstats.un.org/unsd/methods/m49/m49.htm","code":"021","display":"Northern America a/"}]},{"coding":[{"system":"http://unstats.un.org/unsd/methods/m49/m49.htm","code":"005","display":"South America"}]},{"coding":[{"system":"urn:iso:std:iso:3166","code":"PT","display":"Portugal"}]},{"coding":[{"system":"urn:iso:std:iso:3166","code":"US","display":"United States of America"}]},{"coding":[{"system":"urn:iso:std:iso:3166","code":"BR","display":"Brazil"}]}],"caseSensitive":true,"content":"complete","count":5,"concept":[{"code":"reminder","display":"Mindfulness Reminder","definition":"Alert to remind user to practice mindfulness"},{"code":"session-start","display":"Session Start","definition":"Alert when mindfulness session begins"},{"code":"session-end","display":"Session End","definition":"Alert when mindfulness session ends"},{"code":"goal-achieved","display":"Goal Achieved","definition":"Alert when mindfulness goal is achieved"},{"code":"streak","display":"Streak Milestone","definition":"Alert for consecutive days of practice"}]}