{"resourceType":"CodeSystem","id":"social-context-cs","text":{"status":"generated","div":"<div xmlns=\"http://www.w3.org/1999/xhtml\"><p class=\"res-header-id\"><b>Narrativa gerada: CodeSystem social-context-cs</b></p><a name=\"social-context-cs\"> </a><a name=\"hcsocial-context-cs\"> </a><p>Este  sistema de código  define o seguinte código:</p><table class=\"codes\"><tr><td style=\"white-space:nowrap\"><b>Código</b></td><td><b>Ecrã</b></td><td><b>Definição</b></td></tr><tr><td style=\"white-space:nowrap\">home<a name=\"social-context-cs-home\"> </a></td><td>Home</td><td>Home environment</td></tr><tr><td style=\"white-space:nowrap\">work<a name=\"social-context-cs-work\"> </a></td><td>Work</td><td>Work environment</td></tr><tr><td style=\"white-space:nowrap\">education<a name=\"social-context-cs-education\"> </a></td><td>Educational</td><td>Educational setting</td></tr><tr><td style=\"white-space:nowrap\">community<a name=\"social-context-cs-community\"> </a></td><td>Community</td><td>Community setting</td></tr><tr><td style=\"white-space:nowrap\">recreational<a name=\"social-context-cs-recreational\"> </a></td><td>Recreational</td><td>Recreational setting</td></tr><tr><td style=\"white-space:nowrap\">healthcare<a name=\"social-context-cs-healthcare\"> </a></td><td>Healthcare</td><td>Healthcare setting</td></tr></table></div>"},"url":"https://2rdoc.pt/ig/ios-lifestyle-medicine/CodeSystem/social-context-cs","version":"0.1.0","name":"SocialContextCS","title":"Social Context Code System","status":"active","experimental":false,"date":"2025-11-27T11:57:11+00:00","publisher":"Ricardo Lourenço dos Santos","contact":[{"name":"Ricardo Lourenço dos Santos","telecom":[{"system":"url","value":"https://linktr.ee/ricardolsantos"}]}],"description":"Code system for social interaction contexts","jurisdiction":[{"coding":[{"system":"http://unstats.un.org/unsd/methods/m49/m49.htm","code":"150","display":"Europe"}]},{"coding":[{"system":"http://unstats.un.org/unsd/methods/m49/m49.htm","code":"021","display":"Northern America a/"}]},{"coding":[{"system":"http://unstats.un.org/unsd/methods/m49/m49.htm","code":"005","display":"South America"}]},{"coding":[{"system":"urn:iso:std:iso:3166","code":"PT","display":"Portugal"}]},{"coding":[{"system":"urn:iso:std:iso:3166","code":"US","display":"United States of America"}]},{"coding":[{"system":"urn:iso:std:iso:3166","code":"BR","display":"Brazil"}]}],"caseSensitive":true,"content":"complete","count":6,"concept":[{"code":"home","display":"Home","definition":"Home environment"},{"code":"work","display":"Work","definition":"Work environment"},{"code":"education","display":"Educational","definition":"Educational setting"},{"code":"community","display":"Community","definition":"Community setting"},{"code":"recreational","display":"Recreational","definition":"Recreational setting"},{"code":"healthcare","display":"Healthcare","definition":"Healthcare setting"}]}