{"resourceType":"CodeSystem","id":"caffeine-intake-level-cs","text":{"status":"generated","div":"<div xmlns=\"http://www.w3.org/1999/xhtml\"><p class=\"res-header-id\"><b>Narrativa gerada: CodeSystem caffeine-intake-level-cs</b></p><a name=\"caffeine-intake-level-cs\"> </a><a name=\"hccaffeine-intake-level-cs\"> </a><p>Este  sistema de código  define o seguinte código:</p><table class=\"codes\"><tr><td style=\"white-space:nowrap\"><b>Código</b></td><td><b>Ecrã</b></td><td><b>Definição</b></td></tr><tr><td style=\"white-space:nowrap\">none<a name=\"caffeine-intake-level-cs-none\"> </a></td><td>None</td><td>No caffeine intake (0mg/day)</td></tr><tr><td style=\"white-space:nowrap\">low<a name=\"caffeine-intake-level-cs-low\"> </a></td><td>Low</td><td>Low caffeine intake (&lt;100mg/day)</td></tr><tr><td style=\"white-space:nowrap\">moderate<a name=\"caffeine-intake-level-cs-moderate\"> </a></td><td>Moderate</td><td>Moderate caffeine intake (100-400mg/day)</td></tr><tr><td style=\"white-space:nowrap\">high<a name=\"caffeine-intake-level-cs-high\"> </a></td><td>High</td><td>High caffeine intake (&gt;400mg/day)</td></tr><tr><td style=\"white-space:nowrap\">excessive<a name=\"caffeine-intake-level-cs-excessive\"> </a></td><td>Excessive</td><td>Excessive caffeine intake (&gt;600mg/day)</td></tr></table></div>"},"url":"https://2rdoc.pt/ig/ios-lifestyle-medicine/CodeSystem/caffeine-intake-level-cs","version":"0.1.0","name":"CaffeineIntakeLevelCS","title":"Caffeine Intake Level CodeSystem","status":"active","experimental":false,"date":"2025-11-27T17:03:01+00:00","publisher":"Ricardo Lourenço dos Santos","contact":[{"name":"Ricardo Lourenço dos Santos","telecom":[{"system":"url","value":"https://linktr.ee/ricardolsantos"}]}],"description":"Risk levels for caffeine intake","jurisdiction":[{"coding":[{"system":"http://unstats.un.org/unsd/methods/m49/m49.htm","code":"150","display":"Europe"}]},{"coding":[{"system":"http://unstats.un.org/unsd/methods/m49/m49.htm","code":"021","display":"Northern America a/"}]},{"coding":[{"system":"http://unstats.un.org/unsd/methods/m49/m49.htm","code":"005","display":"South America"}]},{"coding":[{"system":"urn:iso:std:iso:3166","code":"PT","display":"Portugal"}]},{"coding":[{"system":"urn:iso:std:iso:3166","code":"US","display":"United States of America"}]},{"coding":[{"system":"urn:iso:std:iso:3166","code":"BR","display":"Brazil"}]}],"caseSensitive":true,"content":"complete","count":5,"concept":[{"code":"none","display":"None","definition":"No caffeine intake (0mg/day)"},{"code":"low","display":"Low","definition":"Low caffeine intake (<100mg/day)"},{"code":"moderate","display":"Moderate","definition":"Moderate caffeine intake (100-400mg/day)"},{"code":"high","display":"High","definition":"High caffeine intake (>400mg/day)"},{"code":"excessive","display":"Excessive","definition":"Excessive caffeine intake (>600mg/day)"}]}