{"resourceType":"CodeSystem","id":"social-support-cs","text":{"status":"generated","div":"<div xmlns=\"http://www.w3.org/1999/xhtml\"><p class=\"res-header-id\"><b>Narrativa gerada: CodeSystem social-support-cs</b></p><a name=\"social-support-cs\"> </a><a name=\"hcsocial-support-cs\"> </a><p>Este  sistema de código <code>https://2rdoc.pt/ig/ios-lifestyle-medicine/CodeSystem/social-support-cs</code> define o seguinte códigos:</p><table class=\"codes\"><tr><td style=\"white-space:nowrap\"><b>Código</b></td><td><b>Ecrã</b></td><td><b>Definição</b></td></tr><tr><td style=\"white-space:nowrap\">strong<a name=\"social-support-cs-strong\"> </a></td><td>Strong Support</td><td>Strong social support network</td></tr><tr><td style=\"white-space:nowrap\">adequate<a name=\"social-support-cs-adequate\"> </a></td><td>Adequate Support</td><td>Sufficient social support</td></tr><tr><td style=\"white-space:nowrap\">limited<a name=\"social-support-cs-limited\"> </a></td><td>Limited Support</td><td>Limited social support</td></tr><tr><td style=\"white-space:nowrap\">minimal<a name=\"social-support-cs-minimal\"> </a></td><td>Minimal Support</td><td>Minimal social support</td></tr><tr><td style=\"white-space:nowrap\">none<a name=\"social-support-cs-none\"> </a></td><td>No Support</td><td>Absence of social support</td></tr></table></div>"},"url":"https://2rdoc.pt/ig/ios-lifestyle-medicine/CodeSystem/social-support-cs","version":"0.1.0","name":"SocialSupportCS","title":"Social Support Code System","status":"draft","date":"2025-08-20T10:40:04+01:00","publisher":"Ricardo Lourenço dos Santos","contact":[{"name":"Ricardo Lourenço dos Santos","telecom":[{"system":"url","value":"https://linktr.ee/ricardolsantos"}]}],"description":"Code system for levels of social support","content":"complete","count":5,"concept":[{"code":"strong","display":"Strong Support","definition":"Strong social support network"},{"code":"adequate","display":"Adequate Support","definition":"Sufficient social support"},{"code":"limited","display":"Limited Support","definition":"Limited social support"},{"code":"minimal","display":"Minimal Support","definition":"Minimal social support"},{"code":"none","display":"No Support","definition":"Absence of social support"}]}