{"resourceType":"CodeSystem","id":"measurement-quality-cs","text":{"status":"generated","div":"<div xmlns=\"http://www.w3.org/1999/xhtml\"><p class=\"res-header-id\"><b>Generated Narrative: CodeSystem measurement-quality-cs</b></p><a name=\"measurement-quality-cs\"> </a><a name=\"hcmeasurement-quality-cs\"> </a><a name=\"measurement-quality-cs-en-US\"> </a><p>This case-sensitive code system <code>https://github.com/RicardoLSantos/shorthand/CodeSystem/measurement-quality-cs</code> defines the following codes:</p><table class=\"codes\"><tr><td style=\"white-space:nowrap\"><b>Code</b></td><td><b>Display</b></td><td><b>Definition</b></td></tr><tr><td style=\"white-space:nowrap\">excellent<a name=\"measurement-quality-cs-excellent\"> </a></td><td>Excellent Quality</td><td>High quality measurement with minimal noise</td></tr><tr><td style=\"white-space:nowrap\">good<a name=\"measurement-quality-cs-good\"> </a></td><td>Good Quality</td><td>Good quality measurement with acceptable noise</td></tr><tr><td style=\"white-space:nowrap\">fair<a name=\"measurement-quality-cs-fair\"> </a></td><td>Fair Quality</td><td>Fair quality measurement with some interference</td></tr><tr><td style=\"white-space:nowrap\">poor<a name=\"measurement-quality-cs-poor\"> </a></td><td>Poor Quality</td><td>Poor quality measurement with significant interference</td></tr><tr><td style=\"white-space:nowrap\">unreliable<a name=\"measurement-quality-cs-unreliable\"> </a></td><td>Unreliable</td><td>Unreliable measurement requiring verification</td></tr></table></div>"},"url":"https://github.com/RicardoLSantos/shorthand/CodeSystem/measurement-quality-cs","version":"0.1.0","name":"MeasurementQualityCS","title":"Measurement Quality Code System","status":"draft","experimental":true,"date":"2025-01-04T21:28:42+00:00","publisher":"Ricardo Lourenço dos Santos","contact":[{"name":"Ricardo Lourenço dos Santos","telecom":[{"system":"url","value":"https://linktr.ee/ricardolsantos"}]}],"description":"Code system for measurement quality indicators","caseSensitive":true,"content":"complete","count":5,"concept":[{"code":"excellent","display":"Excellent Quality","definition":"High quality measurement with minimal noise"},{"code":"good","display":"Good Quality","definition":"Good quality measurement with acceptable noise"},{"code":"fair","display":"Fair Quality","definition":"Fair quality measurement with some interference"},{"code":"poor","display":"Poor Quality","definition":"Poor quality measurement with significant interference"},{"code":"unreliable","display":"Unreliable","definition":"Unreliable measurement requiring verification"}]}