{"resourceType":"CodeSystem","id":"cervical-mucus-cs","text":{"status":"generated","div":"<div xmlns=\"http://www.w3.org/1999/xhtml\"><p class=\"res-header-id\"><b>Narrativa gerada: CodeSystem cervical-mucus-cs</b></p><a name=\"cervical-mucus-cs\"> </a><a name=\"hccervical-mucus-cs\"> </a><p>Este  sistema de código  define o seguinte código:</p><table class=\"codes\"><tr><td style=\"white-space:nowrap\"><b>Código</b></td><td><b>Ecrã</b></td></tr><tr><td style=\"white-space:nowrap\">dry<a name=\"cervical-mucus-cs-dry\"> </a></td><td>Dry</td></tr><tr><td style=\"white-space:nowrap\">sticky<a name=\"cervical-mucus-cs-sticky\"> </a></td><td>Sticky</td></tr><tr><td style=\"white-space:nowrap\">creamy<a name=\"cervical-mucus-cs-creamy\"> </a></td><td>Creamy</td></tr><tr><td style=\"white-space:nowrap\">watery<a name=\"cervical-mucus-cs-watery\"> </a></td><td>Watery</td></tr><tr><td style=\"white-space:nowrap\">eggWhite<a name=\"cervical-mucus-cs-eggWhite\"> </a></td><td>Egg White</td></tr></table></div>"},"url":"https://2rdoc.pt/ig/ios-lifestyle-medicine/CodeSystem/cervical-mucus-cs","version":"0.1.0","name":"CervicalMucusCodeSystem","title":"Cervical Mucus Code System","status":"active","experimental":false,"date":"2025-10-02T18:31:12+01:00","publisher":"Ricardo Lourenço dos Santos","contact":[{"name":"Ricardo Lourenço dos Santos","telecom":[{"system":"url","value":"https://linktr.ee/ricardolsantos"}]}],"description":"Code system for cervical mucus classification","useContext":[{"code":{"system":"http://terminology.hl7.org/CodeSystem/usage-context-type","code":"program"},"valueCodeableConcept":{"text":"iOS Lifestyle Medicine"}}],"jurisdiction":[{"coding":[{"system":"http://unstats.un.org/unsd/methods/m49/m49.htm","code":"150","display":"Europe"}]},{"coding":[{"system":"http://unstats.un.org/unsd/methods/m49/m49.htm","code":"021","display":"Northern America a/"}]},{"coding":[{"system":"http://unstats.un.org/unsd/methods/m49/m49.htm","code":"005","display":"South America"}]},{"coding":[{"system":"urn:iso:std:iso:3166","code":"PT","display":"Portugal"}]},{"coding":[{"system":"urn:iso:std:iso:3166","code":"US","display":"United States of America"}]},{"coding":[{"system":"urn:iso:std:iso:3166","code":"BR","display":"Brazil"}]}],"caseSensitive":true,"content":"complete","count":5,"concept":[{"code":"dry","display":"Dry"},{"code":"sticky","display":"Sticky"},{"code":"creamy","display":"Creamy"},{"code":"watery","display":"Watery"},{"code":"eggWhite","display":"Egg White"}]}