{"resourceType":"CodeSystem","id":"caffeine-source-cs","text":{"status":"generated","div":"<div xmlns=\"http://www.w3.org/1999/xhtml\"><p class=\"res-header-id\"><b>Narrativa gerada: CodeSystem caffeine-source-cs</b></p><a name=\"caffeine-source-cs\"> </a><a name=\"hccaffeine-source-cs\"> </a><p>Este  sistema de código  define o seguinte código:</p><table class=\"codes\"><tr><td style=\"white-space:nowrap\"><b>Código</b></td><td><b>Ecrã</b></td><td><b>Definição</b></td></tr><tr><td style=\"white-space:nowrap\">coffee<a name=\"caffeine-source-cs-coffee\"> </a></td><td>Coffee</td><td>Brewed coffee (~95mg per 8oz)</td></tr><tr><td style=\"white-space:nowrap\">espresso<a name=\"caffeine-source-cs-espresso\"> </a></td><td>Espresso</td><td>Espresso (~63mg per shot)</td></tr><tr><td style=\"white-space:nowrap\">tea<a name=\"caffeine-source-cs-tea\"> </a></td><td>Tea</td><td>Black or green tea (~47mg per 8oz)</td></tr><tr><td style=\"white-space:nowrap\">energy-drink<a name=\"caffeine-source-cs-energy-drink\"> </a></td><td>Energy drink</td><td>Energy drinks (~80-150mg per can)</td></tr><tr><td style=\"white-space:nowrap\">soft-drink<a name=\"caffeine-source-cs-soft-drink\"> </a></td><td>Soft drink</td><td>Caffeinated soft drinks (~35mg per 12oz)</td></tr><tr><td style=\"white-space:nowrap\">chocolate<a name=\"caffeine-source-cs-chocolate\"> </a></td><td>Chocolate</td><td>Dark chocolate (~23mg per oz)</td></tr><tr><td style=\"white-space:nowrap\">supplement<a name=\"caffeine-source-cs-supplement\"> </a></td><td>Supplement</td><td>Caffeine supplements or pills</td></tr><tr><td style=\"white-space:nowrap\">pre-workout<a name=\"caffeine-source-cs-pre-workout\"> </a></td><td>Pre-workout</td><td>Pre-workout supplements</td></tr></table></div>"},"url":"https://2rdoc.pt/ig/ios-lifestyle-medicine/CodeSystem/caffeine-source-cs","version":"0.1.0","name":"CaffeineSourceCS","title":"Caffeine Source CodeSystem","status":"active","experimental":false,"date":"2025-11-27T15:44:07+00:00","publisher":"Ricardo Lourenço dos Santos","contact":[{"name":"Ricardo Lourenço dos Santos","telecom":[{"system":"url","value":"https://linktr.ee/ricardolsantos"}]}],"description":"Sources of caffeine in diet","jurisdiction":[{"coding":[{"system":"http://unstats.un.org/unsd/methods/m49/m49.htm","code":"150","display":"Europe"}]},{"coding":[{"system":"http://unstats.un.org/unsd/methods/m49/m49.htm","code":"021","display":"Northern America a/"}]},{"coding":[{"system":"http://unstats.un.org/unsd/methods/m49/m49.htm","code":"005","display":"South America"}]},{"coding":[{"system":"urn:iso:std:iso:3166","code":"PT","display":"Portugal"}]},{"coding":[{"system":"urn:iso:std:iso:3166","code":"US","display":"United States of America"}]},{"coding":[{"system":"urn:iso:std:iso:3166","code":"BR","display":"Brazil"}]}],"caseSensitive":true,"content":"complete","count":8,"concept":[{"code":"coffee","display":"Coffee","definition":"Brewed coffee (~95mg per 8oz)"},{"code":"espresso","display":"Espresso","definition":"Espresso (~63mg per shot)"},{"code":"tea","display":"Tea","definition":"Black or green tea (~47mg per 8oz)"},{"code":"energy-drink","display":"Energy drink","definition":"Energy drinks (~80-150mg per can)"},{"code":"soft-drink","display":"Soft drink","definition":"Caffeinated soft drinks (~35mg per 12oz)"},{"code":"chocolate","display":"Chocolate","definition":"Dark chocolate (~23mg per oz)"},{"code":"supplement","display":"Supplement","definition":"Caffeine supplements or pills"},{"code":"pre-workout","display":"Pre-workout","definition":"Pre-workout supplements"}]}