{"resourceType":"CodeSystem","id":"set-type-cs","text":{"status":"generated","div":"<div xmlns=\"http://www.w3.org/1999/xhtml\"><p class=\"res-header-id\"><b>Narrativa gerada: CodeSystem set-type-cs</b></p><a name=\"set-type-cs\"> </a><a name=\"hcset-type-cs\"> </a><p>Este  sistema de código  define o seguinte código:</p><table class=\"codes\"><tr><td style=\"white-space:nowrap\"><b>Código</b></td><td><b>Ecrã</b></td><td><b>Definição</b></td></tr><tr><td style=\"white-space:nowrap\">warmup<a name=\"set-type-cs-warmup\"> </a></td><td>Warm-up</td><td>Warm-up set at reduced intensity</td></tr><tr><td style=\"white-space:nowrap\">working<a name=\"set-type-cs-working\"> </a></td><td>Working Set</td><td>Standard working set at target intensity</td></tr><tr><td style=\"white-space:nowrap\">top<a name=\"set-type-cs-top\"> </a></td><td>Top Set</td><td>Heaviest set of the day</td></tr><tr><td style=\"white-space:nowrap\">backoff<a name=\"set-type-cs-backoff\"> </a></td><td>Back-off Set</td><td>Reduced load set after top set</td></tr><tr><td style=\"white-space:nowrap\">drop<a name=\"set-type-cs-drop\"> </a></td><td>Drop Set</td><td>Immediate continuation with reduced weight</td></tr><tr><td style=\"white-space:nowrap\">rest-pause<a name=\"set-type-cs-rest-pause\"> </a></td><td>Rest-Pause</td><td>Brief rest within set to extend reps</td></tr><tr><td style=\"white-space:nowrap\">cluster<a name=\"set-type-cs-cluster\"> </a></td><td>Cluster Set</td><td>Intra-set rest between mini-sets</td></tr><tr><td style=\"white-space:nowrap\">amrap<a name=\"set-type-cs-amrap\"> </a></td><td>AMRAP</td><td>As Many Reps As Possible</td></tr><tr><td style=\"white-space:nowrap\">failure<a name=\"set-type-cs-failure\"> </a></td><td>Failure Set</td><td>Set taken to muscular failure</td></tr></table></div>"},"url":"https://2rdoc.pt/ig/ios-lifestyle-medicine/CodeSystem/set-type-cs","version":"0.1.0","name":"SetTypeCS","title":"Set Type CodeSystem","status":"active","experimental":false,"date":"2025-11-30T13:08:37+00:00","publisher":"Ricardo Lourenço dos Santos","contact":[{"name":"Ricardo Lourenço dos Santos","telecom":[{"system":"url","value":"https://linktr.ee/ricardolsantos"}]}],"description":"Strength training set types","jurisdiction":[{"coding":[{"system":"http://unstats.un.org/unsd/methods/m49/m49.htm","code":"150","display":"Europe"}]},{"coding":[{"system":"http://unstats.un.org/unsd/methods/m49/m49.htm","code":"021","display":"Northern America a/"}]},{"coding":[{"system":"http://unstats.un.org/unsd/methods/m49/m49.htm","code":"005","display":"South America"}]},{"coding":[{"system":"urn:iso:std:iso:3166","code":"PT","display":"Portugal"}]},{"coding":[{"system":"urn:iso:std:iso:3166","code":"US","display":"United States of America"}]},{"coding":[{"system":"urn:iso:std:iso:3166","code":"BR","display":"Brazil"}]}],"caseSensitive":true,"content":"complete","count":9,"concept":[{"code":"warmup","display":"Warm-up","definition":"Warm-up set at reduced intensity"},{"code":"working","display":"Working Set","definition":"Standard working set at target intensity"},{"code":"top","display":"Top Set","definition":"Heaviest set of the day"},{"code":"backoff","display":"Back-off Set","definition":"Reduced load set after top set"},{"code":"drop","display":"Drop Set","definition":"Immediate continuation with reduced weight"},{"code":"rest-pause","display":"Rest-Pause","definition":"Brief rest within set to extend reps"},{"code":"cluster","display":"Cluster Set","definition":"Intra-set rest between mini-sets"},{"code":"amrap","display":"AMRAP","definition":"As Many Reps As Possible"},{"code":"failure","display":"Failure Set","definition":"Set taken to muscular failure"}]}