{"resourceType":"CodeSystem","id":"audit-levels","text":{"status":"generated","div":"<div xmlns=\"http://www.w3.org/1999/xhtml\"><p class=\"res-header-id\"><b>Narrativa gerada: CodeSystem audit-levels</b></p><a name=\"audit-levels\"> </a><a name=\"hcaudit-levels\"> </a><p>Este  sistema de código  define o seguinte código:</p><table class=\"codes\"><tr><td style=\"white-space:nowrap\"><b>Código</b></td><td><b>Ecrã</b></td></tr><tr><td style=\"white-space:nowrap\">low<a name=\"audit-levels-low\"> </a></td><td>Low Level</td></tr><tr><td style=\"white-space:nowrap\">medium<a name=\"audit-levels-medium\"> </a></td><td>Medium Level</td></tr><tr><td style=\"white-space:nowrap\">high<a name=\"audit-levels-high\"> </a></td><td>High Level</td></tr></table></div>"},"url":"https://2rdoc.pt/ig/ios-lifestyle-medicine/CodeSystem/audit-levels","version":"0.1.0","name":"AuditLevelsCodeSystem","title":"Audit Levels Code System","status":"active","experimental":false,"date":"2025-11-27T15:44:07+00:00","publisher":"Ricardo Lourenço dos Santos","contact":[{"name":"Ricardo Lourenço dos Santos","telecom":[{"system":"url","value":"https://linktr.ee/ricardolsantos"}]}],"description":"Code system for audit level types","useContext":[{"code":{"system":"http://terminology.hl7.org/CodeSystem/usage-context-type","code":"program"},"valueCodeableConcept":{"text":"iOS Lifestyle Medicine"}}],"jurisdiction":[{"coding":[{"system":"http://unstats.un.org/unsd/methods/m49/m49.htm","code":"150","display":"Europe"}]},{"coding":[{"system":"http://unstats.un.org/unsd/methods/m49/m49.htm","code":"021","display":"Northern America a/"}]},{"coding":[{"system":"http://unstats.un.org/unsd/methods/m49/m49.htm","code":"005","display":"South America"}]},{"coding":[{"system":"urn:iso:std:iso:3166","code":"PT","display":"Portugal"}]},{"coding":[{"system":"urn:iso:std:iso:3166","code":"US","display":"United States of America"}]},{"coding":[{"system":"urn:iso:std:iso:3166","code":"BR","display":"Brazil"}]}],"caseSensitive":true,"content":"complete","count":3,"concept":[{"code":"low","display":"Low Level"},{"code":"medium","display":"Medium Level"},{"code":"high","display":"High Level"}]}