{"resourceType":"CodeSystem","id":"substance-use-frequency-cs","text":{"status":"generated","div":"<div xmlns=\"http://www.w3.org/1999/xhtml\"><p class=\"res-header-id\"><b>Narrativa gerada: CodeSystem substance-use-frequency-cs</b></p><a name=\"substance-use-frequency-cs\"> </a><a name=\"hcsubstance-use-frequency-cs\"> </a><p>Este  sistema de código  define o seguinte código:</p><table class=\"codes\"><tr><td style=\"white-space:nowrap\"><b>Código</b></td><td><b>Ecrã</b></td><td><b>Definição</b></td></tr><tr><td style=\"white-space:nowrap\">never<a name=\"substance-use-frequency-cs-never\"> </a></td><td>Never</td><td>Never uses this substance</td></tr><tr><td style=\"white-space:nowrap\">tried-once<a name=\"substance-use-frequency-cs-tried-once\"> </a></td><td>Tried once</td><td>Has tried once but does not use</td></tr><tr><td style=\"white-space:nowrap\">rarely<a name=\"substance-use-frequency-cs-rarely\"> </a></td><td>Rarely</td><td>Less than once per month</td></tr><tr><td style=\"white-space:nowrap\">monthly<a name=\"substance-use-frequency-cs-monthly\"> </a></td><td>Monthly</td><td>About once per month</td></tr><tr><td style=\"white-space:nowrap\">weekly<a name=\"substance-use-frequency-cs-weekly\"> </a></td><td>Weekly</td><td>About once per week</td></tr><tr><td style=\"white-space:nowrap\">several-times-weekly<a name=\"substance-use-frequency-cs-several-times-weekly\"> </a></td><td>Several times weekly</td><td>2-6 times per week</td></tr><tr><td style=\"white-space:nowrap\">daily<a name=\"substance-use-frequency-cs-daily\"> </a></td><td>Daily</td><td>Daily use</td></tr></table></div>"},"url":"https://2rdoc.pt/ig/ios-lifestyle-medicine/CodeSystem/substance-use-frequency-cs","version":"0.1.0","name":"SubstanceUseFrequencyCS","title":"Substance Use Frequency CodeSystem","status":"active","experimental":false,"date":"2025-11-27T15:44:07+00:00","publisher":"Ricardo Lourenço dos Santos","contact":[{"name":"Ricardo Lourenço dos Santos","telecom":[{"system":"url","value":"https://linktr.ee/ricardolsantos"}]}],"description":"Frequency categories for substance use reporting","jurisdiction":[{"coding":[{"system":"http://unstats.un.org/unsd/methods/m49/m49.htm","code":"150","display":"Europe"}]},{"coding":[{"system":"http://unstats.un.org/unsd/methods/m49/m49.htm","code":"021","display":"Northern America a/"}]},{"coding":[{"system":"http://unstats.un.org/unsd/methods/m49/m49.htm","code":"005","display":"South America"}]},{"coding":[{"system":"urn:iso:std:iso:3166","code":"PT","display":"Portugal"}]},{"coding":[{"system":"urn:iso:std:iso:3166","code":"US","display":"United States of America"}]},{"coding":[{"system":"urn:iso:std:iso:3166","code":"BR","display":"Brazil"}]}],"caseSensitive":true,"content":"complete","count":7,"concept":[{"code":"never","display":"Never","definition":"Never uses this substance"},{"code":"tried-once","display":"Tried once","definition":"Has tried once but does not use"},{"code":"rarely","display":"Rarely","definition":"Less than once per month"},{"code":"monthly","display":"Monthly","definition":"About once per month"},{"code":"weekly","display":"Weekly","definition":"About once per week"},{"code":"several-times-weekly","display":"Several times weekly","definition":"2-6 times per week"},{"code":"daily","display":"Daily","definition":"Daily use"}]}