{"resourceType":"CodeSystem","id":"hscrp-risk-cs","text":{"status":"generated","div":"<div xmlns=\"http://www.w3.org/1999/xhtml\"><p class=\"res-header-id\"><b>Narrativa gerada: CodeSystem hscrp-risk-cs</b></p><a name=\"hscrp-risk-cs\"> </a><a name=\"hchscrp-risk-cs\"> </a><p>Este  sistema de código  define o seguinte código:</p><table class=\"codes\"><tr><td style=\"white-space:nowrap\"><b>Código</b></td><td><b>Ecrã</b></td><td><b>Definição</b></td></tr><tr><td style=\"white-space:nowrap\">low-risk<a name=\"hscrp-risk-cs-low-risk\"> </a></td><td>Low cardiovascular risk</td><td>hs-CRP &lt; 1.0 mg/L - Low risk of future cardiovascular events</td></tr><tr><td style=\"white-space:nowrap\">average-risk<a name=\"hscrp-risk-cs-average-risk\"> </a></td><td>Average cardiovascular risk</td><td>hs-CRP 1.0-3.0 mg/L - Intermediate risk requiring lifestyle assessment</td></tr><tr><td style=\"white-space:nowrap\">high-risk<a name=\"hscrp-risk-cs-high-risk\"> </a></td><td>High cardiovascular risk</td><td>hs-CRP &gt; 3.0 mg/L - High risk warranting intensive intervention</td></tr></table></div>"},"url":"https://2rdoc.pt/ig/ios-lifestyle-medicine/CodeSystem/hscrp-risk-cs","version":"0.1.0","name":"HsCRPRiskCS","title":"hs-CRP Cardiovascular Risk CodeSystem","status":"active","experimental":false,"date":"2025-11-27T11:57:11+00:00","publisher":"Ricardo Lourenço dos Santos","contact":[{"name":"Ricardo Lourenço dos Santos","telecom":[{"system":"url","value":"https://linktr.ee/ricardolsantos"}]}],"description":"Cardiovascular risk classification based on high-sensitivity C-Reactive Protein levels.\n\nBased on AHA/CDC Scientific Statement on Markers of Inflammation and Cardiovascular Disease:\n- Pearson TA, et al. Circulation. 2003;107(3):499-511. doi:10.1161/01.CIR.0000052939.59093.45\n- Ridker PM, et al. Circulation. 2003;107(3):363-369. doi:10.1161/01.CIR.0000053730.47739.3C\n\nRisk stratification thresholds:\n- Low risk: hs-CRP < 1.0 mg/L\n- Average risk: hs-CRP 1.0-3.0 mg/L\n- High risk: hs-CRP > 3.0 mg/L\n\nNote: No SNOMED-CT codes exist for this specific clinical classification as of 2025.\nThis CodeSystem follows thesis semantic hierarchy Level 3: local codes with documented source\nand migration pathway when standard terminology becomes available.\n\nFuture migration: Monitor SNOMED-CT International Edition for cardiovascular risk finding codes.","jurisdiction":[{"coding":[{"system":"http://unstats.un.org/unsd/methods/m49/m49.htm","code":"150","display":"Europe"}]},{"coding":[{"system":"http://unstats.un.org/unsd/methods/m49/m49.htm","code":"021","display":"Northern America a/"}]},{"coding":[{"system":"http://unstats.un.org/unsd/methods/m49/m49.htm","code":"005","display":"South America"}]},{"coding":[{"system":"urn:iso:std:iso:3166","code":"PT","display":"Portugal"}]},{"coding":[{"system":"urn:iso:std:iso:3166","code":"US","display":"United States of America"}]},{"coding":[{"system":"urn:iso:std:iso:3166","code":"BR","display":"Brazil"}]}],"purpose":"Enable structured capture of cardiovascular risk stratification based on hs-CRP levels per AHA/CDC guidelines","caseSensitive":true,"content":"complete","count":3,"concept":[{"code":"low-risk","display":"Low cardiovascular risk","definition":"hs-CRP < 1.0 mg/L - Low risk of future cardiovascular events"},{"code":"average-risk","display":"Average cardiovascular risk","definition":"hs-CRP 1.0-3.0 mg/L - Intermediate risk requiring lifestyle assessment"},{"code":"high-risk","display":"High cardiovascular risk","definition":"hs-CRP > 3.0 mg/L - High risk warranting intensive intervention"}]}