{"resourceType":"CodeSystem","id":"balance-status","text":{"status":"generated","div":"<div xmlns=\"http://www.w3.org/1999/xhtml\"><p class=\"res-header-id\"><b>Generated Narrative: CodeSystem balance-status</b></p><a name=\"balance-status\"> </a><a name=\"hcbalance-status\"> </a><a name=\"balance-status-en-US\"> </a><p>This case-sensitive code system <code>http://example.org/fhir/CodeSystem/balance-status</code> defines the following codes:</p><table class=\"codes\"><tr><td style=\"white-space:nowrap\"><b>Code</b></td><td><b>Display</b></td></tr><tr><td style=\"white-space:nowrap\">veryStable<a name=\"balance-status-veryStable\"> </a></td><td>Very Stable</td></tr><tr><td style=\"white-space:nowrap\">stable<a name=\"balance-status-stable\"> </a></td><td>Stable</td></tr><tr><td style=\"white-space:nowrap\">slightlyUnstable<a name=\"balance-status-slightlyUnstable\"> </a></td><td>Slightly Unstable</td></tr><tr><td style=\"white-space:nowrap\">unstable<a name=\"balance-status-unstable\"> </a></td><td>Unstable</td></tr><tr><td style=\"white-space:nowrap\">veryUnstable<a name=\"balance-status-veryUnstable\"> </a></td><td>Very Unstable</td></tr></table></div>"},"url":"http://example.org/fhir/CodeSystem/balance-status","version":"0.1.0","name":"BalanceStatusCodeSystem","title":"Balance Status Code System","status":"active","experimental":false,"date":"2025-01-02T19:32:36+00:00","publisher":"Ricardo Lourenço dos Santos","contact":[{"name":"Ricardo Lourenço dos Santos","telecom":[{"system":"url","value":"https://linktr.ee/ricardolsantos"}]}],"description":"Code system for balance status types","caseSensitive":true,"content":"complete","count":5,"concept":[{"code":"veryStable","display":"Very Stable"},{"code":"stable","display":"Stable"},{"code":"slightlyUnstable","display":"Slightly Unstable"},{"code":"unstable","display":"Unstable"},{"code":"veryUnstable","display":"Very Unstable"}]}