{"resourceType":"CodeSystem","id":"risk-level","text":{"status":"generated","div":"<div xmlns=\"http://www.w3.org/1999/xhtml\"><p class=\"res-header-id\"><b>Narrativa gerada: CodeSystem risk-level</b></p><a name=\"risk-level\"> </a><a name=\"hcrisk-level\"> </a><p>Este  sistema de código  define o seguinte código:</p><table class=\"codes\"><tr><td style=\"white-space:nowrap\"><b>Código</b></td><td><b>Ecrã</b></td><td><b>Definição</b></td></tr><tr><td style=\"white-space:nowrap\">none<a name=\"risk-level-none\"> </a></td><td>None</td><td>No risk identified - normal or optimal status</td></tr><tr><td style=\"white-space:nowrap\">low<a name=\"risk-level-low\"> </a></td><td>Low</td><td>Low risk level - routine monitoring sufficient</td></tr><tr><td style=\"white-space:nowrap\">moderate<a name=\"risk-level-moderate\"> </a></td><td>Moderate</td><td>Moderate risk level - increased surveillance recommended</td></tr><tr><td style=\"white-space:nowrap\">high<a name=\"risk-level-high\"> </a></td><td>High</td><td>High risk level - active intervention required</td></tr><tr><td style=\"white-space:nowrap\">critical<a name=\"risk-level-critical\"> </a></td><td>Critical</td><td>Critical risk level - immediate action essential</td></tr><tr><td style=\"white-space:nowrap\">unknown<a name=\"risk-level-unknown\"> </a></td><td>Unknown</td><td>Risk level cannot be determined with available information</td></tr></table></div>"},"url":"https://2rdoc.pt/ig/ios-lifestyle-medicine/CodeSystem/risk-level","version":"0.1.0","name":"RiskLevel","title":"Risk Level","status":"active","experimental":false,"date":"2025-11-30T13:08:37+00:00","publisher":"Ricardo Lourenço dos Santos","contact":[{"name":"Ricardo Lourenço dos Santos","telecom":[{"system":"url","value":"https://linktr.ee/ricardolsantos"}]}],"description":"General risk level classification for health assessments and clinical decision support","jurisdiction":[{"coding":[{"system":"http://unstats.un.org/unsd/methods/m49/m49.htm","code":"150","display":"Europe"}]},{"coding":[{"system":"http://unstats.un.org/unsd/methods/m49/m49.htm","code":"021","display":"Northern America a/"}]},{"coding":[{"system":"http://unstats.un.org/unsd/methods/m49/m49.htm","code":"005","display":"South America"}]},{"coding":[{"system":"urn:iso:std:iso:3166","code":"PT","display":"Portugal"}]},{"coding":[{"system":"urn:iso:std:iso:3166","code":"US","display":"United States of America"}]},{"coding":[{"system":"urn:iso:std:iso:3166","code":"BR","display":"Brazil"}]}],"caseSensitive":true,"content":"complete","count":6,"concept":[{"code":"none","display":"None","definition":"No risk identified - normal or optimal status"},{"code":"low","display":"Low","definition":"Low risk level - routine monitoring sufficient"},{"code":"moderate","display":"Moderate","definition":"Moderate risk level - increased surveillance recommended"},{"code":"high","display":"High","definition":"High risk level - active intervention required"},{"code":"critical","display":"Critical","definition":"Critical risk level - immediate action essential"},{"code":"unknown","display":"Unknown","definition":"Risk level cannot be determined with available information"}]}