{"resourceType":"CodeSystem","id":"mindfulness-schedule-type","text":{"status":"generated","div":"<div xmlns=\"http://www.w3.org/1999/xhtml\"><p class=\"res-header-id\"><b>Narrativa gerada: CodeSystem mindfulness-schedule-type</b></p><a name=\"mindfulness-schedule-type\"> </a><a name=\"hcmindfulness-schedule-type\"> </a><p>Este  sistema de código  define o seguinte código:</p><table class=\"codes\"><tr><td style=\"white-space:nowrap\"><b>Código</b></td><td><b>Ecrã</b></td><td><b>Definição</b></td></tr><tr><td style=\"white-space:nowrap\">daily<a name=\"mindfulness-schedule-type-daily\"> </a></td><td>Daily Schedule</td><td>Daily mindfulness practice schedule</td></tr><tr><td style=\"white-space:nowrap\">weekly<a name=\"mindfulness-schedule-type-weekly\"> </a></td><td>Weekly Schedule</td><td>Weekly mindfulness practice schedule</td></tr><tr><td style=\"white-space:nowrap\">recurring<a name=\"mindfulness-schedule-type-recurring\"> </a></td><td>Recurring Schedule</td><td>Recurring mindfulness practice schedule</td></tr><tr><td style=\"white-space:nowrap\">custom<a name=\"mindfulness-schedule-type-custom\"> </a></td><td>Custom Schedule</td><td>Custom-defined practice schedule</td></tr><tr><td style=\"white-space:nowrap\">on-demand<a name=\"mindfulness-schedule-type-on-demand\"> </a></td><td>On Demand</td><td>Practice sessions initiated by user</td></tr></table></div>"},"url":"https://2rdoc.pt/ig/ios-lifestyle-medicine/CodeSystem/mindfulness-schedule-type","version":"0.1.0","name":"MindfulnessScheduleTypeCS","title":"Mindfulness Schedule Type","status":"active","experimental":false,"date":"2025-10-02T18:31:12+01:00","publisher":"Ricardo Lourenço dos Santos","contact":[{"name":"Ricardo Lourenço dos Santos","telecom":[{"system":"url","value":"https://linktr.ee/ricardolsantos"}]}],"description":"Types of schedules for mindfulness practice sessions","jurisdiction":[{"coding":[{"system":"http://unstats.un.org/unsd/methods/m49/m49.htm","code":"150","display":"Europe"}]},{"coding":[{"system":"http://unstats.un.org/unsd/methods/m49/m49.htm","code":"021","display":"Northern America a/"}]},{"coding":[{"system":"http://unstats.un.org/unsd/methods/m49/m49.htm","code":"005","display":"South America"}]},{"coding":[{"system":"urn:iso:std:iso:3166","code":"PT","display":"Portugal"}]},{"coding":[{"system":"urn:iso:std:iso:3166","code":"US","display":"United States of America"}]},{"coding":[{"system":"urn:iso:std:iso:3166","code":"BR","display":"Brazil"}]}],"caseSensitive":true,"content":"complete","count":5,"concept":[{"code":"daily","display":"Daily Schedule","definition":"Daily mindfulness practice schedule"},{"code":"weekly","display":"Weekly Schedule","definition":"Weekly mindfulness practice schedule"},{"code":"recurring","display":"Recurring Schedule","definition":"Recurring mindfulness practice schedule"},{"code":"custom","display":"Custom Schedule","definition":"Custom-defined practice schedule"},{"code":"on-demand","display":"On Demand","definition":"Practice sessions initiated by user"}]}