{"resourceType":"CodeSystem","id":"environment-type-cs","text":{"status":"generated","div":"<div xmlns=\"http://www.w3.org/1999/xhtml\"><p class=\"res-header-id\"><b>Narrativa gerada: CodeSystem environment-type-cs</b></p><a name=\"environment-type-cs\"> </a><a name=\"hcenvironment-type-cs\"> </a><p>Este  sistema de código  define o seguinte código:</p><table class=\"codes\"><tr><td style=\"white-space:nowrap\"><b>Código</b></td><td><b>Ecrã</b></td><td><b>Definição</b></td></tr><tr><td style=\"white-space:nowrap\">indoor<a name=\"environment-type-cs-indoor\"> </a></td><td>Indoor</td><td>Indoor environment</td></tr><tr><td style=\"white-space:nowrap\">outdoor<a name=\"environment-type-cs-outdoor\"> </a></td><td>Outdoor</td><td>Outdoor environment</td></tr><tr><td style=\"white-space:nowrap\">quiet<a name=\"environment-type-cs-quiet\"> </a></td><td>Quiet Space</td><td>Quiet or silent environment</td></tr><tr><td style=\"white-space:nowrap\">group<a name=\"environment-type-cs-group\"> </a></td><td>Group Setting</td><td>Group practice environment</td></tr></table></div>"},"url":"https://2rdoc.pt/ig/ios-lifestyle-medicine/CodeSystem/environment-type-cs","version":"0.1.0","name":"EnvironmentTypeCS","title":"Practice Environment Types","status":"active","experimental":false,"date":"2025-10-02T11:12:29+01:00","publisher":"Ricardo Lourenço dos Santos","contact":[{"name":"Ricardo Lourenço dos Santos","telecom":[{"system":"url","value":"https://linktr.ee/ricardolsantos"}]}],"description":"Types of environments for mindfulness practice","jurisdiction":[{"coding":[{"system":"http://unstats.un.org/unsd/methods/m49/m49.htm","code":"150","display":"Europe"}]},{"coding":[{"system":"http://unstats.un.org/unsd/methods/m49/m49.htm","code":"021","display":"Northern America a/"}]},{"coding":[{"system":"http://unstats.un.org/unsd/methods/m49/m49.htm","code":"005","display":"South America"}]},{"coding":[{"system":"urn:iso:std:iso:3166","code":"PT","display":"Portugal"}]},{"coding":[{"system":"urn:iso:std:iso:3166","code":"US","display":"United States of America"}]},{"coding":[{"system":"urn:iso:std:iso:3166","code":"BR","display":"Brazil"}]}],"caseSensitive":true,"content":"complete","count":4,"concept":[{"code":"indoor","display":"Indoor","definition":"Indoor environment"},{"code":"outdoor","display":"Outdoor","definition":"Outdoor environment"},{"code":"quiet","display":"Quiet Space","definition":"Quiet or silent environment"},{"code":"group","display":"Group Setting","definition":"Group practice environment"}]}