{"resourceType":"CodeSystem","id":"vo2max-method-cs","text":{"status":"generated","div":"<div xmlns=\"http://www.w3.org/1999/xhtml\"><p class=\"res-header-id\"><b>Narrativa gerada: CodeSystem vo2max-method-cs</b></p><a name=\"vo2max-method-cs\"> </a><a name=\"hcvo2max-method-cs\"> </a><p>Este  sistema de código  define o seguinte código:</p><table class=\"codes\"><tr><td style=\"white-space:nowrap\"><b>Código</b></td><td><b>Ecrã</b></td><td><b>Definição</b></td></tr><tr><td style=\"white-space:nowrap\">wearable<a name=\"vo2max-method-cs-wearable\"> </a></td><td>Wearable Algorithm</td><td>Algorithm-based from wearable data</td></tr><tr><td style=\"white-space:nowrap\">submaximal<a name=\"vo2max-method-cs-submaximal\"> </a></td><td>Submaximal Test</td><td>Submaximal exercise test</td></tr><tr><td style=\"white-space:nowrap\">non-exercise<a name=\"vo2max-method-cs-non-exercise\"> </a></td><td>Non-Exercise Prediction</td><td>Non-exercise prediction equation</td></tr><tr><td style=\"white-space:nowrap\">maximal<a name=\"vo2max-method-cs-maximal\"> </a></td><td>Maximal Test</td><td>Maximal exercise test</td></tr><tr><td style=\"white-space:nowrap\">field<a name=\"vo2max-method-cs-field\"> </a></td><td>Field Test</td><td>Field-based fitness test</td></tr><tr><td style=\"white-space:nowrap\">combined<a name=\"vo2max-method-cs-combined\"> </a></td><td>Combined Method</td><td>Multiple combined methods</td></tr></table></div>"},"url":"https://2rdoc.pt/ig/ios-lifestyle-medicine/CodeSystem/vo2max-method-cs","version":"0.1.0","name":"VO2maxMethodCS","title":"VO2max Method CodeSystem","status":"active","experimental":false,"date":"2025-11-30T13:08:37+00:00","publisher":"Ricardo Lourenço dos Santos","contact":[{"name":"Ricardo Lourenço dos Santos","telecom":[{"system":"url","value":"https://linktr.ee/ricardolsantos"}]}],"description":"Methods for VO2max estimation and measurement","jurisdiction":[{"coding":[{"system":"http://unstats.un.org/unsd/methods/m49/m49.htm","code":"150","display":"Europe"}]},{"coding":[{"system":"http://unstats.un.org/unsd/methods/m49/m49.htm","code":"021","display":"Northern America a/"}]},{"coding":[{"system":"http://unstats.un.org/unsd/methods/m49/m49.htm","code":"005","display":"South America"}]},{"coding":[{"system":"urn:iso:std:iso:3166","code":"PT","display":"Portugal"}]},{"coding":[{"system":"urn:iso:std:iso:3166","code":"US","display":"United States of America"}]},{"coding":[{"system":"urn:iso:std:iso:3166","code":"BR","display":"Brazil"}]}],"caseSensitive":true,"content":"complete","count":6,"concept":[{"code":"wearable","display":"Wearable Algorithm","definition":"Algorithm-based from wearable data"},{"code":"submaximal","display":"Submaximal Test","definition":"Submaximal exercise test"},{"code":"non-exercise","display":"Non-Exercise Prediction","definition":"Non-exercise prediction equation"},{"code":"maximal","display":"Maximal Test","definition":"Maximal exercise test"},{"code":"field","display":"Field Test","definition":"Field-based fitness test"},{"code":"combined","display":"Combined Method","definition":"Multiple combined methods"}]}