{"resourceType":"CodeSystem","id":"social-interaction-medium-cs","text":{"status":"generated","div":"<div xmlns=\"http://www.w3.org/1999/xhtml\"><p class=\"res-header-id\"><b>Generated Narrative: CodeSystem social-interaction-medium-cs</b></p><a name=\"social-interaction-medium-cs\"> </a><a name=\"hcsocial-interaction-medium-cs\"> </a><a name=\"social-interaction-medium-cs-en-US\"> </a><p>This  code system <code>https://github.com/RicardoLSantos/shorthand/CodeSystem/social-interaction-medium-cs</code> defines the following codes:</p><table class=\"codes\"><tr><td style=\"white-space:nowrap\"><b>Code</b></td><td><b>Display</b></td><td><b>Definition</b></td></tr><tr><td style=\"white-space:nowrap\">inPerson<a name=\"social-interaction-medium-cs-inPerson\"> </a></td><td>In Person</td><td>Face-to-face interaction</td></tr><tr><td style=\"white-space:nowrap\">video<a name=\"social-interaction-medium-cs-video\"> </a></td><td>Video Call</td><td>Video-based interaction</td></tr><tr><td style=\"white-space:nowrap\">voice<a name=\"social-interaction-medium-cs-voice\"> </a></td><td>Voice Call</td><td>Voice-only interaction</td></tr><tr><td style=\"white-space:nowrap\">text<a name=\"social-interaction-medium-cs-text\"> </a></td><td>Text Based</td><td>Text-based communication</td></tr><tr><td style=\"white-space:nowrap\">social<a name=\"social-interaction-medium-cs-social\"> </a></td><td>Social Media</td><td>Social media interaction</td></tr><tr><td style=\"white-space:nowrap\">mixed<a name=\"social-interaction-medium-cs-mixed\"> </a></td><td>Mixed Medium</td><td>Multiple communication methods</td></tr></table></div>"},"url":"https://github.com/RicardoLSantos/shorthand/CodeSystem/social-interaction-medium-cs","version":"0.1.0","name":"SocialInteractionMediumCS","title":"Social Interaction Medium Code System","status":"draft","date":"2025-01-04T21:28:42+00:00","publisher":"Ricardo Lourenço dos Santos","contact":[{"name":"Ricardo Lourenço dos Santos","telecom":[{"system":"url","value":"https://linktr.ee/ricardolsantos"}]}],"description":"Mediums through which social interaction occurs","content":"complete","count":6,"concept":[{"code":"inPerson","display":"In Person","definition":"Face-to-face interaction"},{"code":"video","display":"Video Call","definition":"Video-based interaction"},{"code":"voice","display":"Voice Call","definition":"Voice-only interaction"},{"code":"text","display":"Text Based","definition":"Text-based communication"},{"code":"social","display":"Social Media","definition":"Social media interaction"},{"code":"mixed","display":"Mixed Medium","definition":"Multiple communication methods"}]}