{"resourceType":"CodeSystem","id":"lifestyle-observation-cs","text":{"status":"generated","div":"<div xmlns=\"http://www.w3.org/1999/xhtml\"><p class=\"res-header-id\"><b>Narrativa gerada: CodeSystem lifestyle-observation-cs</b></p><a name=\"lifestyle-observation-cs\"> </a><a name=\"hclifestyle-observation-cs\"> </a><p>Este  sistema de código  define o seguinte código:</p><table class=\"codes\"><tr><td style=\"white-space:nowrap\"><b>Código</b></td><td><b>Ecrã</b></td><td><b>Definição</b></td></tr><tr><td style=\"white-space:nowrap\">sleep-panel<a name=\"lifestyle-observation-cs-sleep-panel\"> </a></td><td>Sleep measurement panel</td><td>Panel for comprehensive sleep measurements including duration, stages, and quality metrics</td></tr><tr><td style=\"white-space:nowrap\">noise-avg<a name=\"lifestyle-observation-cs-noise-avg\"> </a></td><td>Environmental noise average level</td><td>Average environmental noise level measured in decibels (dB) over a specified time period</td></tr><tr><td style=\"white-space:nowrap\">noise-duration<a name=\"lifestyle-observation-cs-noise-duration\"> </a></td><td>Environmental noise exposure duration</td><td>Duration of exposure to environmental noise above a threshold level</td></tr><tr><td style=\"white-space:nowrap\">noise-peak<a name=\"lifestyle-observation-cs-noise-peak\"> </a></td><td>Peak environmental sound level</td><td>Maximum (peak) environmental sound level measured during a monitoring period</td></tr><tr><td style=\"white-space:nowrap\">noise-background<a name=\"lifestyle-observation-cs-noise-background\"> </a></td><td>Background environmental noise level</td><td>Baseline or background environmental noise level measured in quiet conditions</td></tr><tr><td style=\"white-space:nowrap\">sleep-deep<a name=\"lifestyle-observation-cs-sleep-deep\"> </a></td><td>Deep sleep duration</td><td>Duration of deep (slow-wave) sleep stage as measured by consumer sleep tracking device</td></tr><tr><td style=\"white-space:nowrap\">sleep-light<a name=\"lifestyle-observation-cs-sleep-light\"> </a></td><td>Light sleep duration</td><td>Duration of light sleep stage as measured by consumer sleep tracking device</td></tr><tr><td style=\"white-space:nowrap\">sleep-awakenings<a name=\"lifestyle-observation-cs-sleep-awakenings\"> </a></td><td>Number of sleep awakenings</td><td>Count of awakenings or sleep interruptions during a sleep period</td></tr><tr><td style=\"white-space:nowrap\">sleep-time-bed<a name=\"lifestyle-observation-cs-sleep-time-bed\"> </a></td><td>Time in bed</td><td>Total time spent in bed, including time awake before and after sleep</td></tr><tr><td style=\"white-space:nowrap\">social-duration<a name=\"lifestyle-observation-cs-social-duration\"> </a></td><td>Social interaction duration</td><td>Total duration of social interactions or time spent in social activities</td></tr><tr><td style=\"white-space:nowrap\">social-quality<a name=\"lifestyle-observation-cs-social-quality\"> </a></td><td>Social interaction quality score</td><td>Subjective quality rating of social interactions</td></tr><tr><td style=\"white-space:nowrap\">social-medium<a name=\"lifestyle-observation-cs-social-medium\"> </a></td><td>Social interaction medium</td><td>Method or medium of social interaction (in-person, phone, video, text, etc.)</td></tr><tr><td style=\"white-space:nowrap\">social-count<a name=\"lifestyle-observation-cs-social-count\"> </a></td><td>Number of social interactions</td><td>Count of distinct social interactions or social contacts during a time period</td></tr><tr><td style=\"white-space:nowrap\">stress-physiological<a name=\"lifestyle-observation-cs-stress-physiological\"> </a></td><td>Physiological stress indicator</td><td>Physiological markers or indicators of stress response (e.g., heart rate variability, cortisol)</td></tr><tr><td style=\"white-space:nowrap\">stress-psychological<a name=\"lifestyle-observation-cs-stress-psychological\"> </a></td><td>Psychological stress score</td><td>Self-reported psychological stress level or score from validated assessment</td></tr><tr><td style=\"white-space:nowrap\">stress-chronicity<a name=\"lifestyle-observation-cs-stress-chronicity\"> </a></td><td>Stress chronicity assessment</td><td>Assessment of stress duration and persistence (acute vs. chronic stress)</td></tr><tr><td style=\"white-space:nowrap\">stress-impact<a name=\"lifestyle-observation-cs-stress-impact\"> </a></td><td>Stress impact assessment</td><td>Assessment of the impact or severity of stress on daily functioning and health</td></tr><tr><td style=\"white-space:nowrap\">uv-index<a name=\"lifestyle-observation-cs-uv-index\"> </a></td><td>UV index</td><td>Ultraviolet radiation index measurement indicating sun exposure intensity</td></tr><tr><td style=\"white-space:nowrap\">uv-duration<a name=\"lifestyle-observation-cs-uv-duration\"> </a></td><td>UV exposure duration</td><td>Duration of exposure to ultraviolet radiation</td></tr><tr><td style=\"white-space:nowrap\">uv-intensity<a name=\"lifestyle-observation-cs-uv-intensity\"> </a></td><td>UV intensity</td><td>Intensity of ultraviolet radiation exposure</td></tr><tr><td style=\"white-space:nowrap\">exposure-time<a name=\"lifestyle-observation-cs-exposure-time\"> </a></td><td>Time of environmental exposure</td><td>Duration of time exposed to a specific environmental condition</td></tr><tr><td style=\"white-space:nowrap\">hrv-frequency<a name=\"lifestyle-observation-cs-hrv-frequency\"> </a></td><td>Heart rate variability frequency band</td><td>Heart rate variability measurement in specific frequency band (LF, HF, VLF)</td></tr><tr><td style=\"white-space:nowrap\">hrv-entropy<a name=\"lifestyle-observation-cs-hrv-entropy\"> </a></td><td>Heart rate variability entropy</td><td>Entropy measurement of heart rate variability indicating complexity</td></tr><tr><td style=\"white-space:nowrap\">pulse-wave<a name=\"lifestyle-observation-cs-pulse-wave\"> </a></td><td>Pulse wave analysis</td><td>Analysis of arterial pulse wave characteristics</td></tr><tr><td style=\"white-space:nowrap\">respiratory-variability<a name=\"lifestyle-observation-cs-respiratory-variability\"> </a></td><td>Respiratory rate variability</td><td>Variability in respiratory rate over time</td></tr><tr><td style=\"white-space:nowrap\">oxygenation-index<a name=\"lifestyle-observation-cs-oxygenation-index\"> </a></td><td>Oxygenation index</td><td>Calculated index of blood oxygenation efficiency</td></tr><tr><td style=\"white-space:nowrap\">physiological-stress<a name=\"lifestyle-observation-cs-physiological-stress\"> </a></td><td>Physiological stress index</td><td>Composite index of physiological stress markers</td></tr><tr><td style=\"white-space:nowrap\">temperature-gradient<a name=\"lifestyle-observation-cs-temperature-gradient\"> </a></td><td>Temperature gradient</td><td>Body temperature gradient measurement</td></tr><tr><td style=\"white-space:nowrap\">autonomic-balance<a name=\"lifestyle-observation-cs-autonomic-balance\"> </a></td><td>Autonomic balance index</td><td>Index measuring balance between sympathetic and parasympathetic activity</td></tr><tr><td style=\"white-space:nowrap\">recovery-rate<a name=\"lifestyle-observation-cs-recovery-rate\"> </a></td><td>Recovery rate index</td><td>Index measuring rate of physiological recovery after activity</td></tr><tr><td style=\"white-space:nowrap\">allostatic-load<a name=\"lifestyle-observation-cs-allostatic-load\"> </a></td><td>Allostatic load index</td><td>Measure of cumulative physiological burden and wear-and-tear on the body from chronic stress</td></tr><tr><td style=\"white-space:nowrap\">balance-score<a name=\"lifestyle-observation-cs-balance-score\"> </a></td><td>Balance assessment score</td><td>Quantitative score from balance assessment test</td></tr><tr><td style=\"white-space:nowrap\">balance-assessment<a name=\"lifestyle-observation-cs-balance-assessment\"> </a></td><td>Balance assessment</td><td>Comprehensive balance and stability assessment</td></tr><tr><td style=\"white-space:nowrap\">balance-status<a name=\"lifestyle-observation-cs-balance-status\"> </a></td><td>Balance status</td><td>Qualitative status of balance (normal, impaired, etc.)</td></tr><tr><td style=\"white-space:nowrap\">gait-assessment<a name=\"lifestyle-observation-cs-gait-assessment\"> </a></td><td>Gait assessment</td><td>Assessment of walking pattern and gait characteristics</td></tr><tr><td style=\"white-space:nowrap\">movement-assessment<a name=\"lifestyle-observation-cs-movement-assessment\"> </a></td><td>Movement assessment</td><td>General movement quality and mobility assessment</td></tr><tr><td style=\"white-space:nowrap\">caloric-intake<a name=\"lifestyle-observation-cs-caloric-intake\"> </a></td><td>Total caloric intake</td><td>Total calories consumed in a specified time period</td></tr><tr><td style=\"white-space:nowrap\">macronutrients-panel<a name=\"lifestyle-observation-cs-macronutrients-panel\"> </a></td><td>Macronutrients intake panel</td><td>Panel for comprehensive macronutrient intake measurements</td></tr><tr><td style=\"white-space:nowrap\">protein-intake<a name=\"lifestyle-observation-cs-protein-intake\"> </a></td><td>Protein intake</td><td>Amount of protein consumed</td></tr><tr><td style=\"white-space:nowrap\">fat-intake<a name=\"lifestyle-observation-cs-fat-intake\"> </a></td><td>Fat intake</td><td>Amount of dietary fats consumed</td></tr><tr><td style=\"white-space:nowrap\">carbohydrate-intake<a name=\"lifestyle-observation-cs-carbohydrate-intake\"> </a></td><td>Carbohydrate intake</td><td>Amount of carbohydrates consumed</td></tr><tr><td style=\"white-space:nowrap\">ovulation-status<a name=\"lifestyle-observation-cs-ovulation-status\"> </a></td><td>Ovulation status</td><td>Status of ovulation as measured by consumer fertility tracking device</td></tr><tr><td style=\"white-space:nowrap\">sleep-monitoring-device<a name=\"lifestyle-observation-cs-sleep-monitoring-device\"> </a></td><td>Sleep monitoring device</td><td>Device for monitoring and tracking sleep patterns and sleep quality metrics</td></tr><tr><td style=\"white-space:nowrap\">environmental-sensor<a name=\"lifestyle-observation-cs-environmental-sensor\"> </a></td><td>Environmental sensor device</td><td>Device for monitoring environmental conditions such as noise, temperature, humidity, and UV exposure</td></tr><tr><td style=\"white-space:nowrap\">body-composition-panel<a name=\"lifestyle-observation-cs-body-composition-panel\"> </a></td><td>Body composition measurement panel</td><td>Panel for comprehensive body composition measurements from bioimpedance analysis</td></tr><tr><td style=\"white-space:nowrap\">mindfulness-session<a name=\"lifestyle-observation-cs-mindfulness-session\"> </a></td><td>Mindfulness practice session</td><td>A session of mindfulness meditation or practice including breathing exercises, body scans, or mindful awareness</td></tr><tr><td style=\"white-space:nowrap\">relaxation-response<a name=\"lifestyle-observation-cs-relaxation-response\"> </a></td><td>Relaxation response observation</td><td>Subjective observation of the relaxation response experienced during or after mindfulness or relaxation practice</td></tr><tr><td style=\"white-space:nowrap\">mindfulness-type<a name=\"lifestyle-observation-cs-mindfulness-type\"> </a></td><td>Type of mindfulness practice</td><td>The specific type or technique of mindfulness or meditation practice performed</td></tr><tr><td style=\"white-space:nowrap\">water-intake<a name=\"lifestyle-observation-cs-water-intake\"> </a></td><td>Water intake volume</td><td>Daily water consumption measured in liters or milliliters</td></tr></table></div>"},"url":"https://2rdoc.pt/ig/ios-lifestyle-medicine/CodeSystem/lifestyle-observation-cs","version":"0.1.0","name":"LifestyleObservationCS","title":"Lifestyle Medicine Observation Codes","status":"active","experimental":false,"date":"2025-10-01T23:24:47+01:00","publisher":"Ricardo Lourenço dos Santos","contact":[{"name":"Ricardo Lourenço dos Santos","telecom":[{"system":"url","value":"https://linktr.ee/ricardolsantos"}]}],"description":"Local codes for lifestyle medicine observations not covered by standard terminologies like LOINC. These codes are used for consumer health device data and wellness measurements where standardized codes do not exist.","jurisdiction":[{"coding":[{"system":"http://unstats.un.org/unsd/methods/m49/m49.htm","code":"150","display":"Europe"}]},{"coding":[{"system":"http://unstats.un.org/unsd/methods/m49/m49.htm","code":"021","display":"Northern America a/"}]},{"coding":[{"system":"http://unstats.un.org/unsd/methods/m49/m49.htm","code":"005","display":"South America"}]},{"coding":[{"system":"urn:iso:std:iso:3166","code":"PT","display":"Portugal"}]},{"coding":[{"system":"urn:iso:std:iso:3166","code":"US","display":"United States of America"}]},{"coding":[{"system":"urn:iso:std:iso:3166","code":"BR","display":"Brazil"}]}],"caseSensitive":true,"content":"complete","count":49,"concept":[{"code":"sleep-panel","display":"Sleep measurement panel","definition":"Panel for comprehensive sleep measurements including duration, stages, and quality metrics"},{"code":"noise-avg","display":"Environmental noise average level","definition":"Average environmental noise level measured in decibels (dB) over a specified time period"},{"code":"noise-duration","display":"Environmental noise exposure duration","definition":"Duration of exposure to environmental noise above a threshold level"},{"code":"noise-peak","display":"Peak environmental sound level","definition":"Maximum (peak) environmental sound level measured during a monitoring period"},{"code":"noise-background","display":"Background environmental noise level","definition":"Baseline or background environmental noise level measured in quiet conditions"},{"code":"sleep-deep","display":"Deep sleep duration","definition":"Duration of deep (slow-wave) sleep stage as measured by consumer sleep tracking device"},{"code":"sleep-light","display":"Light sleep duration","definition":"Duration of light sleep stage as measured by consumer sleep tracking device"},{"code":"sleep-awakenings","display":"Number of sleep awakenings","definition":"Count of awakenings or sleep interruptions during a sleep period"},{"code":"sleep-time-bed","display":"Time in bed","definition":"Total time spent in bed, including time awake before and after sleep"},{"code":"social-duration","display":"Social interaction duration","definition":"Total duration of social interactions or time spent in social activities"},{"code":"social-quality","display":"Social interaction quality score","definition":"Subjective quality rating of social interactions"},{"code":"social-medium","display":"Social interaction medium","definition":"Method or medium of social interaction (in-person, phone, video, text, etc.)"},{"code":"social-count","display":"Number of social interactions","definition":"Count of distinct social interactions or social contacts during a time period"},{"code":"stress-physiological","display":"Physiological stress indicator","definition":"Physiological markers or indicators of stress response (e.g., heart rate variability, cortisol)"},{"code":"stress-psychological","display":"Psychological stress score","definition":"Self-reported psychological stress level or score from validated assessment"},{"code":"stress-chronicity","display":"Stress chronicity assessment","definition":"Assessment of stress duration and persistence (acute vs. chronic stress)"},{"code":"stress-impact","display":"Stress impact assessment","definition":"Assessment of the impact or severity of stress on daily functioning and health"},{"code":"uv-index","display":"UV index","definition":"Ultraviolet radiation index measurement indicating sun exposure intensity"},{"code":"uv-duration","display":"UV exposure duration","definition":"Duration of exposure to ultraviolet radiation"},{"code":"uv-intensity","display":"UV intensity","definition":"Intensity of ultraviolet radiation exposure"},{"code":"exposure-time","display":"Time of environmental exposure","definition":"Duration of time exposed to a specific environmental condition"},{"code":"hrv-frequency","display":"Heart rate variability frequency band","definition":"Heart rate variability measurement in specific frequency band (LF, HF, VLF)"},{"code":"hrv-entropy","display":"Heart rate variability entropy","definition":"Entropy measurement of heart rate variability indicating complexity"},{"code":"pulse-wave","display":"Pulse wave analysis","definition":"Analysis of arterial pulse wave characteristics"},{"code":"respiratory-variability","display":"Respiratory rate variability","definition":"Variability in respiratory rate over time"},{"code":"oxygenation-index","display":"Oxygenation index","definition":"Calculated index of blood oxygenation efficiency"},{"code":"physiological-stress","display":"Physiological stress index","definition":"Composite index of physiological stress markers"},{"code":"temperature-gradient","display":"Temperature gradient","definition":"Body temperature gradient measurement"},{"code":"autonomic-balance","display":"Autonomic balance index","definition":"Index measuring balance between sympathetic and parasympathetic activity"},{"code":"recovery-rate","display":"Recovery rate index","definition":"Index measuring rate of physiological recovery after activity"},{"code":"allostatic-load","display":"Allostatic load index","definition":"Measure of cumulative physiological burden and wear-and-tear on the body from chronic stress"},{"code":"balance-score","display":"Balance assessment score","definition":"Quantitative score from balance assessment test"},{"code":"balance-assessment","display":"Balance assessment","definition":"Comprehensive balance and stability assessment"},{"code":"balance-status","display":"Balance status","definition":"Qualitative status of balance (normal, impaired, etc.)"},{"code":"gait-assessment","display":"Gait assessment","definition":"Assessment of walking pattern and gait characteristics"},{"code":"movement-assessment","display":"Movement assessment","definition":"General movement quality and mobility assessment"},{"code":"caloric-intake","display":"Total caloric intake","definition":"Total calories consumed in a specified time period"},{"code":"macronutrients-panel","display":"Macronutrients intake panel","definition":"Panel for comprehensive macronutrient intake measurements"},{"code":"protein-intake","display":"Protein intake","definition":"Amount of protein consumed"},{"code":"fat-intake","display":"Fat intake","definition":"Amount of dietary fats consumed"},{"code":"carbohydrate-intake","display":"Carbohydrate intake","definition":"Amount of carbohydrates consumed"},{"code":"ovulation-status","display":"Ovulation status","definition":"Status of ovulation as measured by consumer fertility tracking device"},{"code":"sleep-monitoring-device","display":"Sleep monitoring device","definition":"Device for monitoring and tracking sleep patterns and sleep quality metrics"},{"code":"environmental-sensor","display":"Environmental sensor device","definition":"Device for monitoring environmental conditions such as noise, temperature, humidity, and UV exposure"},{"code":"body-composition-panel","display":"Body composition measurement panel","definition":"Panel for comprehensive body composition measurements from bioimpedance analysis"},{"code":"mindfulness-session","display":"Mindfulness practice session","definition":"A session of mindfulness meditation or practice including breathing exercises, body scans, or mindful awareness"},{"code":"relaxation-response","display":"Relaxation response observation","definition":"Subjective observation of the relaxation response experienced during or after mindfulness or relaxation practice"},{"code":"mindfulness-type","display":"Type of mindfulness practice","definition":"The specific type or technique of mindfulness or meditation practice performed"},{"code":"water-intake","display":"Water intake volume","definition":"Daily water consumption measured in liters or milliliters"}]}