{"resourceType":"CodeSystem","id":"nutrition-data-source-cs","text":{"status":"generated","div":"<div xmlns=\"http://www.w3.org/1999/xhtml\"><p class=\"res-header-id\"><b>Generated Narrative: CodeSystem nutrition-data-source-cs</b></p><a name=\"nutrition-data-source-cs\"> </a><a name=\"hcnutrition-data-source-cs\"> </a><a name=\"nutrition-data-source-cs-en-US\"> </a><p>This case-sensitive code system <code>https://github.com/RicardoLSantos/shorthand/CodeSystem/nutrition-data-source-cs</code> defines the following codes:</p><table class=\"codes\"><tr><td style=\"white-space:nowrap\"><b>Code</b></td><td><b>Display</b></td><td><b>Definition</b></td></tr><tr><td style=\"white-space:nowrap\">manual<a name=\"nutrition-data-source-cs-manual\"> </a></td><td>Manual Entry</td><td>Data entered manually by user</td></tr><tr><td style=\"white-space:nowrap\">app<a name=\"nutrition-data-source-cs-app\"> </a></td><td>App Integration</td><td>Data from integrated third-party apps</td></tr><tr><td style=\"white-space:nowrap\">device<a name=\"nutrition-data-source-cs-device\"> </a></td><td>Connected Device</td><td>Data from connected nutrition tracking devices</td></tr><tr><td style=\"white-space:nowrap\">questionnaire<a name=\"nutrition-data-source-cs-questionnaire\"> </a></td><td>Questionnaire Response</td><td>Data collected through questionnaires</td></tr></table></div>"},"url":"https://github.com/RicardoLSantos/shorthand/CodeSystem/nutrition-data-source-cs","version":"0.1.0","name":"NutritionDataSourceCS","title":"Nutrition Data Source Code System","status":"draft","experimental":false,"date":"2024-12-14","publisher":"Ricardo Lourenço dos Santos","contact":[{"name":"Ricardo Lourenço dos Santos","telecom":[{"system":"url","value":"https://linktr.ee/ricardolsantos"}]}],"description":"Code system for nutrition data sources","caseSensitive":true,"content":"complete","count":4,"concept":[{"code":"manual","display":"Manual Entry","definition":"Data entered manually by user"},{"code":"app","display":"App Integration","definition":"Data from integrated third-party apps"},{"code":"device","display":"Connected Device","definition":"Data from connected nutrition tracking devices"},{"code":"questionnaire","display":"Questionnaire Response","definition":"Data collected through questionnaires"}]}