{"resourceType":"CodeSystem","id":"stress-chronicity-cs","text":{"status":"generated","div":"<div xmlns=\"http://www.w3.org/1999/xhtml\"><p class=\"res-header-id\"><b>Generated Narrative: CodeSystem stress-chronicity-cs</b></p><a name=\"stress-chronicity-cs\"> </a><a name=\"hcstress-chronicity-cs\"> </a><a name=\"stress-chronicity-cs-en-US\"> </a><p>This  code system <code>https://github.com/RicardoLSantos/shorthand/CodeSystem/stress-chronicity-cs</code> defines the following codes:</p><table class=\"codes\"><tr><td style=\"white-space:nowrap\"><b>Code</b></td><td><b>Display</b></td><td><b>Definition</b></td></tr><tr><td style=\"white-space:nowrap\">acute<a name=\"stress-chronicity-cs-acute\"> </a></td><td>Acute</td><td>Short-term stress response</td></tr><tr><td style=\"white-space:nowrap\">subacute<a name=\"stress-chronicity-cs-subacute\"> </a></td><td>Subacute</td><td>Medium-term stress response</td></tr><tr><td style=\"white-space:nowrap\">chronic<a name=\"stress-chronicity-cs-chronic\"> </a></td><td>Chronic</td><td>Long-term stress response</td></tr><tr><td style=\"white-space:nowrap\">episodic<a name=\"stress-chronicity-cs-episodic\"> </a></td><td>Episodic</td><td>Recurring stress episodes</td></tr><tr><td style=\"white-space:nowrap\">persistent<a name=\"stress-chronicity-cs-persistent\"> </a></td><td>Persistent</td><td>Continuous stress state</td></tr></table></div>"},"url":"https://github.com/RicardoLSantos/shorthand/CodeSystem/stress-chronicity-cs","version":"0.1.0","name":"StressChronicityCS","title":"Stress Chronicity Code System","status":"draft","date":"2025-01-14T13:24:18+00:00","publisher":"Ricardo Lourenço dos Santos","contact":[{"name":"Ricardo Lourenço dos Santos","telecom":[{"system":"url","value":"https://linktr.ee/ricardolsantos"}]}],"description":"Code system for stress chronicity classification","content":"complete","count":5,"concept":[{"code":"acute","display":"Acute","definition":"Short-term stress response"},{"code":"subacute","display":"Subacute","definition":"Medium-term stress response"},{"code":"chronic","display":"Chronic","definition":"Long-term stress response"},{"code":"episodic","display":"Episodic","definition":"Recurring stress episodes"},{"code":"persistent","display":"Persistent","definition":"Continuous stress state"}]}