{"resourceType":"CodeSystem","id":"practitioner-identifier-cs","text":{"status":"generated","div":"<div xmlns=\"http://www.w3.org/1999/xhtml\"><p class=\"res-header-id\"><b>Narrativa gerada: CodeSystem practitioner-identifier-cs</b></p><a name=\"practitioner-identifier-cs\"> </a><a name=\"hcpractitioner-identifier-cs\"> </a><p>Este  sistema de código  define o seguinte código:</p><table class=\"codes\"><tr><td style=\"white-space:nowrap\"><b>Código</b></td><td><b>Ecrã</b></td><td><b>Definição</b></td></tr><tr><td style=\"white-space:nowrap\">npi<a name=\"practitioner-identifier-cs-npi\"> </a></td><td>National Provider Identifier</td><td>US National Provider Identifier</td></tr><tr><td style=\"white-space:nowrap\">crm<a name=\"practitioner-identifier-cs-crm\"> </a></td><td>Conselho Regional de Medicina</td><td>Brazilian Medical Council Registration</td></tr><tr><td style=\"white-space:nowrap\">ssin<a name=\"practitioner-identifier-cs-ssin\"> </a></td><td>Social Security Identification Number</td><td>Belgian SSIN</td></tr><tr><td style=\"white-space:nowrap\">rpps<a name=\"practitioner-identifier-cs-rpps\"> </a></td><td>Répertoire Partagé des Professionnels de Santé</td><td>French Healthcare Professional Registry</td></tr></table></div>"},"url":"https://2rdoc.pt/ig/ios-lifestyle-medicine/CodeSystem/practitioner-identifier-cs","version":"0.1.0","name":"PractitionerIdentifierCS","title":"Practitioner Identifier Code System","status":"active","experimental":false,"date":"2025-10-02T07:31:55+01:00","publisher":"Ricardo Lourenço dos Santos","contact":[{"name":"Ricardo Lourenço dos Santos","telecom":[{"system":"url","value":"https://linktr.ee/ricardolsantos"}]}],"description":"Sistema de códigos para identificação de practitioners","useContext":[{"code":{"system":"http://terminology.hl7.org/CodeSystem/usage-context-type","code":"program"},"valueCodeableConcept":{"text":"iOS Lifestyle Medicine"}}],"jurisdiction":[{"coding":[{"system":"http://unstats.un.org/unsd/methods/m49/m49.htm","code":"150","display":"Europe"}]},{"coding":[{"system":"http://unstats.un.org/unsd/methods/m49/m49.htm","code":"021","display":"Northern America a/"}]},{"coding":[{"system":"http://unstats.un.org/unsd/methods/m49/m49.htm","code":"005","display":"South America"}]},{"coding":[{"system":"urn:iso:std:iso:3166","code":"PT","display":"Portugal"}]},{"coding":[{"system":"urn:iso:std:iso:3166","code":"US","display":"United States of America"}]},{"coding":[{"system":"urn:iso:std:iso:3166","code":"BR","display":"Brazil"}]}],"caseSensitive":true,"content":"complete","count":4,"concept":[{"code":"npi","display":"National Provider Identifier","definition":"US National Provider Identifier"},{"code":"crm","display":"Conselho Regional de Medicina","definition":"Brazilian Medical Council Registration"},{"code":"ssin","display":"Social Security Identification Number","definition":"Belgian SSIN"},{"code":"rpps","display":"Répertoire Partagé des Professionnels de Santé","definition":"French Healthcare Professional Registry"}]}