{"resourceType":"CodeSystem","id":"social-context-cs","text":{"status":"generated","div":"<div xmlns=\"http://www.w3.org/1999/xhtml\"><p class=\"res-header-id\"><b>Generated Narrative: CodeSystem social-context-cs</b></p><a name=\"social-context-cs\"> </a><a name=\"hcsocial-context-cs\"> </a><a name=\"social-context-cs-en-US\"> </a><p>This  code system <code>https://github.com/RicardoLSantos/shorthand/CodeSystem/social-context-cs</code> defines the following codes:</p><table class=\"codes\"><tr><td style=\"white-space:nowrap\"><b>Code</b></td><td><b>Display</b></td><td><b>Definition</b></td></tr><tr><td style=\"white-space:nowrap\">home<a name=\"social-context-cs-home\"> </a></td><td>Home</td><td>Home environment</td></tr><tr><td style=\"white-space:nowrap\">work<a name=\"social-context-cs-work\"> </a></td><td>Work</td><td>Work environment</td></tr><tr><td style=\"white-space:nowrap\">education<a name=\"social-context-cs-education\"> </a></td><td>Educational</td><td>Educational setting</td></tr><tr><td style=\"white-space:nowrap\">community<a name=\"social-context-cs-community\"> </a></td><td>Community</td><td>Community setting</td></tr><tr><td style=\"white-space:nowrap\">recreational<a name=\"social-context-cs-recreational\"> </a></td><td>Recreational</td><td>Recreational setting</td></tr><tr><td style=\"white-space:nowrap\">healthcare<a name=\"social-context-cs-healthcare\"> </a></td><td>Healthcare</td><td>Healthcare setting</td></tr></table></div>"},"url":"https://github.com/RicardoLSantos/shorthand/CodeSystem/social-context-cs","version":"0.1.0","name":"SocialContextCS","title":"Social Context Code System","status":"draft","date":"2025-01-04T22:27:27+00:00","publisher":"Ricardo Lourenço dos Santos","contact":[{"name":"Ricardo Lourenço dos Santos","telecom":[{"system":"url","value":"https://linktr.ee/ricardolsantos"}]}],"description":"Code system for social interaction contexts","content":"complete","count":6,"concept":[{"code":"home","display":"Home","definition":"Home environment"},{"code":"work","display":"Work","definition":"Work environment"},{"code":"education","display":"Educational","definition":"Educational setting"},{"code":"community","display":"Community","definition":"Community setting"},{"code":"recreational","display":"Recreational","definition":"Recreational setting"},{"code":"healthcare","display":"Healthcare","definition":"Healthcare setting"}]}