{"resourceType":"CodeSystem","id":"cgm-system-cs","text":{"status":"generated","div":"<div xmlns=\"http://www.w3.org/1999/xhtml\"><p class=\"res-header-id\"><b>Narrativa gerada: CodeSystem cgm-system-cs</b></p><a name=\"cgm-system-cs\"> </a><a name=\"hccgm-system-cs\"> </a><p>Este  sistema de código  define o seguinte código:</p><table class=\"codes\"><tr><td style=\"white-space:nowrap\"><b>Código</b></td><td><b>Ecrã</b></td><td><b>Definição</b></td></tr><tr><td style=\"white-space:nowrap\">dexcom-g6<a name=\"cgm-system-cs-dexcom-g6\"> </a></td><td>Dexcom G6</td><td>Dexcom G6 CGM system</td></tr><tr><td style=\"white-space:nowrap\">dexcom-g7<a name=\"cgm-system-cs-dexcom-g7\"> </a></td><td>Dexcom G7</td><td>Dexcom G7 CGM system</td></tr><tr><td style=\"white-space:nowrap\">dexcom-one<a name=\"cgm-system-cs-dexcom-one\"> </a></td><td>Dexcom ONE</td><td>Dexcom ONE CGM system</td></tr><tr><td style=\"white-space:nowrap\">libre-2<a name=\"cgm-system-cs-libre-2\"> </a></td><td>FreeStyle Libre 2</td><td>Abbott FreeStyle Libre 2</td></tr><tr><td style=\"white-space:nowrap\">libre-3<a name=\"cgm-system-cs-libre-3\"> </a></td><td>FreeStyle Libre 3</td><td>Abbott FreeStyle Libre 3</td></tr><tr><td style=\"white-space:nowrap\">guardian-4<a name=\"cgm-system-cs-guardian-4\"> </a></td><td>Medtronic Guardian 4</td><td>Medtronic Guardian 4 CGM</td></tr><tr><td style=\"white-space:nowrap\">eversense<a name=\"cgm-system-cs-eversense\"> </a></td><td>Eversense</td><td>Senseonics Eversense implantable CGM</td></tr><tr><td style=\"white-space:nowrap\">levels<a name=\"cgm-system-cs-levels\"> </a></td><td>Levels</td><td>Levels consumer CGM program</td></tr><tr><td style=\"white-space:nowrap\">nutrisense<a name=\"cgm-system-cs-nutrisense\"> </a></td><td>Nutrisense</td><td>Nutrisense consumer CGM</td></tr><tr><td style=\"white-space:nowrap\">supersapiens<a name=\"cgm-system-cs-supersapiens\"> </a></td><td>Supersapiens</td><td>Supersapiens athletic CGM</td></tr><tr><td style=\"white-space:nowrap\">veri<a name=\"cgm-system-cs-veri\"> </a></td><td>Veri</td><td>Veri consumer CGM</td></tr><tr><td style=\"white-space:nowrap\">stelo<a name=\"cgm-system-cs-stelo\"> </a></td><td>Stelo</td><td>Dexcom Stelo consumer CGM</td></tr><tr><td style=\"white-space:nowrap\">lingo<a name=\"cgm-system-cs-lingo\"> </a></td><td>Lingo</td><td>Abbott Lingo consumer CGM</td></tr><tr><td style=\"white-space:nowrap\">other<a name=\"cgm-system-cs-other\"> </a></td><td>Other</td><td>Other CGM system</td></tr></table></div>"},"url":"https://2rdoc.pt/ig/ios-lifestyle-medicine/CodeSystem/cgm-system-cs","version":"0.1.0","name":"CGMSystemCS","title":"CGM System CodeSystem","status":"active","experimental":false,"date":"2025-11-30T13:08:37+00:00","publisher":"Ricardo Lourenço dos Santos","contact":[{"name":"Ricardo Lourenço dos Santos","telecom":[{"system":"url","value":"https://linktr.ee/ricardolsantos"}]}],"description":"CGM devices and systems","jurisdiction":[{"coding":[{"system":"http://unstats.un.org/unsd/methods/m49/m49.htm","code":"150","display":"Europe"}]},{"coding":[{"system":"http://unstats.un.org/unsd/methods/m49/m49.htm","code":"021","display":"Northern America a/"}]},{"coding":[{"system":"http://unstats.un.org/unsd/methods/m49/m49.htm","code":"005","display":"South America"}]},{"coding":[{"system":"urn:iso:std:iso:3166","code":"PT","display":"Portugal"}]},{"coding":[{"system":"urn:iso:std:iso:3166","code":"US","display":"United States of America"}]},{"coding":[{"system":"urn:iso:std:iso:3166","code":"BR","display":"Brazil"}]}],"caseSensitive":true,"content":"complete","count":14,"concept":[{"code":"dexcom-g6","display":"Dexcom G6","definition":"Dexcom G6 CGM system"},{"code":"dexcom-g7","display":"Dexcom G7","definition":"Dexcom G7 CGM system"},{"code":"dexcom-one","display":"Dexcom ONE","definition":"Dexcom ONE CGM system"},{"code":"libre-2","display":"FreeStyle Libre 2","definition":"Abbott FreeStyle Libre 2"},{"code":"libre-3","display":"FreeStyle Libre 3","definition":"Abbott FreeStyle Libre 3"},{"code":"guardian-4","display":"Medtronic Guardian 4","definition":"Medtronic Guardian 4 CGM"},{"code":"eversense","display":"Eversense","definition":"Senseonics Eversense implantable CGM"},{"code":"levels","display":"Levels","definition":"Levels consumer CGM program"},{"code":"nutrisense","display":"Nutrisense","definition":"Nutrisense consumer CGM"},{"code":"supersapiens","display":"Supersapiens","definition":"Supersapiens athletic CGM"},{"code":"veri","display":"Veri","definition":"Veri consumer CGM"},{"code":"stelo","display":"Stelo","definition":"Dexcom Stelo consumer CGM"},{"code":"lingo","display":"Lingo","definition":"Abbott Lingo consumer CGM"},{"code":"other","display":"Other","definition":"Other CGM system"}]}