{"resourceType":"CodeSystem","id":"mindfulness-config-type","text":{"status":"generated","div":"<div xmlns=\"http://www.w3.org/1999/xhtml\"><p class=\"res-header-id\"><b>Narrativa gerada: CodeSystem mindfulness-config-type</b></p><a name=\"mindfulness-config-type\"> </a><a name=\"hcmindfulness-config-type\"> </a><p>Este  sistema de código  define o seguinte código:</p><table class=\"codes\"><tr><td style=\"white-space:nowrap\"><b>Código</b></td><td><b>Ecrã</b></td><td><b>Definição</b></td></tr><tr><td style=\"white-space:nowrap\">settings<a name=\"mindfulness-config-type-settings\"> </a></td><td>Mindfulness Settings</td><td>General mindfulness practice settings</td></tr><tr><td style=\"white-space:nowrap\">audit<a name=\"mindfulness-config-type-audit\"> </a></td><td>Audit Configuration</td><td>Configuration for audit and tracking</td></tr><tr><td style=\"white-space:nowrap\">notifications<a name=\"mindfulness-config-type-notifications\"> </a></td><td>Notification Settings</td><td>Alert and notification preferences</td></tr><tr><td style=\"white-space:nowrap\">privacy<a name=\"mindfulness-config-type-privacy\"> </a></td><td>Privacy Settings</td><td>Data privacy and security settings</td></tr><tr><td style=\"white-space:nowrap\">goals<a name=\"mindfulness-config-type-goals\"> </a></td><td>Goal Settings</td><td>Mindfulness practice goals and targets</td></tr></table></div>"},"url":"https://2rdoc.pt/ig/ios-lifestyle-medicine/CodeSystem/mindfulness-config-type","version":"0.1.0","name":"MindfulnessConfigTypeCS","title":"Mindfulness Configuration Type","status":"active","experimental":false,"date":"2025-11-27T17:03:01+00:00","publisher":"Ricardo Lourenço dos Santos","contact":[{"name":"Ricardo Lourenço dos Santos","telecom":[{"system":"url","value":"https://linktr.ee/ricardolsantos"}]}],"description":"Types of configuration settings for mindfulness practice","jurisdiction":[{"coding":[{"system":"http://unstats.un.org/unsd/methods/m49/m49.htm","code":"150","display":"Europe"}]},{"coding":[{"system":"http://unstats.un.org/unsd/methods/m49/m49.htm","code":"021","display":"Northern America a/"}]},{"coding":[{"system":"http://unstats.un.org/unsd/methods/m49/m49.htm","code":"005","display":"South America"}]},{"coding":[{"system":"urn:iso:std:iso:3166","code":"PT","display":"Portugal"}]},{"coding":[{"system":"urn:iso:std:iso:3166","code":"US","display":"United States of America"}]},{"coding":[{"system":"urn:iso:std:iso:3166","code":"BR","display":"Brazil"}]}],"caseSensitive":true,"content":"complete","count":5,"concept":[{"code":"settings","display":"Mindfulness Settings","definition":"General mindfulness practice settings"},{"code":"audit","display":"Audit Configuration","definition":"Configuration for audit and tracking"},{"code":"notifications","display":"Notification Settings","definition":"Alert and notification preferences"},{"code":"privacy","display":"Privacy Settings","definition":"Data privacy and security settings"},{"code":"goals","display":"Goal Settings","definition":"Mindfulness practice goals and targets"}]}