{"resourceType":"CodeSystem","id":"MindfulnessSettingCS","text":{"status":"generated","div":"<div xmlns=\"http://www.w3.org/1999/xhtml\"><p class=\"res-header-id\"><b>Generated Narrative: CodeSystem MindfulnessSettingCS</b></p><a name=\"MindfulnessSettingCS\"> </a><a name=\"hcMindfulnessSettingCS\"> </a><a name=\"MindfulnessSettingCS-en-US\"> </a><p>This case-sensitive code system <code>http://example.org/CodeSystem/mindfulness-setting</code> defines the following codes:</p><table class=\"codes\"><tr><td style=\"white-space:nowrap\"><b>Code</b></td><td><b>Display</b></td></tr><tr><td style=\"white-space:nowrap\">home<a name=\"MindfulnessSettingCS-home\"> </a></td><td>Home Practice</td></tr><tr><td style=\"white-space:nowrap\">clinic<a name=\"MindfulnessSettingCS-clinic\"> </a></td><td>Clinical Setting</td></tr><tr><td style=\"white-space:nowrap\">group<a name=\"MindfulnessSettingCS-group\"> </a></td><td>Group Setting</td></tr><tr><td style=\"white-space:nowrap\">retreat<a name=\"MindfulnessSettingCS-retreat\"> </a></td><td>Retreat Setting</td></tr><tr><td style=\"white-space:nowrap\">workplace<a name=\"MindfulnessSettingCS-workplace\"> </a></td><td>Workplace Setting</td></tr></table></div>"},"url":"http://example.org/CodeSystem/mindfulness-setting","version":"0.1.0","name":"MindfulnessSettingCS","title":"Mindfulness Setting CodeSystem","status":"active","experimental":false,"date":"2025-01-04T21:28:42+00:00","publisher":"Ricardo Lourenço dos Santos","contact":[{"name":"Ricardo Lourenço dos Santos","telecom":[{"system":"url","value":"https://linktr.ee/ricardolsantos"}]}],"caseSensitive":true,"content":"complete","count":5,"concept":[{"code":"home","display":"Home Practice"},{"code":"clinic","display":"Clinical Setting"},{"code":"group","display":"Group Setting"},{"code":"retreat","display":"Retreat Setting"},{"code":"workplace","display":"Workplace Setting"}]}