{"resourceType":"CodeSystem","id":"social-activity-cs","text":{"status":"generated","div":"<div xmlns=\"http://www.w3.org/1999/xhtml\"><p class=\"res-header-id\"><b>Narrativa gerada: CodeSystem social-activity-cs</b></p><a name=\"social-activity-cs\"> </a><a name=\"hcsocial-activity-cs\"> </a><p>Este  sistema de código  define o seguinte código:</p><table class=\"codes\"><tr><td style=\"white-space:nowrap\"><b>Código</b></td><td><b>Ecrã</b></td><td><b>Definição</b></td></tr><tr><td style=\"white-space:nowrap\">meal<a name=\"social-activity-cs-meal\"> </a></td><td>Shared Meal</td><td>Sharing a meal together</td></tr><tr><td style=\"white-space:nowrap\">exercise<a name=\"social-activity-cs-exercise\"> </a></td><td>Group Exercise</td><td>Group physical activity</td></tr><tr><td style=\"white-space:nowrap\">entertainment<a name=\"social-activity-cs-entertainment\"> </a></td><td>Entertainment</td><td>Shared entertainment activity</td></tr><tr><td style=\"white-space:nowrap\">learning<a name=\"social-activity-cs-learning\"> </a></td><td>Learning</td><td>Group learning activity</td></tr><tr><td style=\"white-space:nowrap\">volunteering<a name=\"social-activity-cs-volunteering\"> </a></td><td>Volunteering</td><td>Community service activity</td></tr><tr><td style=\"white-space:nowrap\">celebration<a name=\"social-activity-cs-celebration\"> </a></td><td>Celebration</td><td>Social celebration or event</td></tr></table></div>"},"url":"https://2rdoc.pt/ig/ios-lifestyle-medicine/CodeSystem/social-activity-cs","version":"0.1.0","name":"SocialActivityCS","title":"Social Activity Code System","status":"active","experimental":false,"date":"2025-10-01T23:24:47+01:00","publisher":"Ricardo Lourenço dos Santos","contact":[{"name":"Ricardo Lourenço dos Santos","telecom":[{"system":"url","value":"https://linktr.ee/ricardolsantos"}]}],"description":"Code system for types of social activities","jurisdiction":[{"coding":[{"system":"http://unstats.un.org/unsd/methods/m49/m49.htm","code":"150","display":"Europe"}]},{"coding":[{"system":"http://unstats.un.org/unsd/methods/m49/m49.htm","code":"021","display":"Northern America a/"}]},{"coding":[{"system":"http://unstats.un.org/unsd/methods/m49/m49.htm","code":"005","display":"South America"}]},{"coding":[{"system":"urn:iso:std:iso:3166","code":"PT","display":"Portugal"}]},{"coding":[{"system":"urn:iso:std:iso:3166","code":"US","display":"United States of America"}]},{"coding":[{"system":"urn:iso:std:iso:3166","code":"BR","display":"Brazil"}]}],"content":"complete","count":6,"concept":[{"code":"meal","display":"Shared Meal","definition":"Sharing a meal together"},{"code":"exercise","display":"Group Exercise","definition":"Group physical activity"},{"code":"entertainment","display":"Entertainment","definition":"Shared entertainment activity"},{"code":"learning","display":"Learning","definition":"Group learning activity"},{"code":"volunteering","display":"Volunteering","definition":"Community service activity"},{"code":"celebration","display":"Celebration","definition":"Social celebration or event"}]}