{"resourceType":"CodeSystem","id":"data-capture-method-cs","text":{"status":"generated","div":"<div xmlns=\"http://www.w3.org/1999/xhtml\"><p class=\"res-header-id\"><b>Narrativa gerada: CodeSystem data-capture-method-cs</b></p><a name=\"data-capture-method-cs\"> </a><a name=\"hcdata-capture-method-cs\"> </a><p>Este  sistema de código  define o seguinte código:</p><table class=\"codes\"><tr><td style=\"white-space:nowrap\"><b>Código</b></td><td><b>Ecrã</b></td><td><b>Definição</b></td></tr><tr><td style=\"white-space:nowrap\">automatic<a name=\"data-capture-method-cs-automatic\"> </a></td><td>Automatic</td><td>Data captured automatically by device</td></tr><tr><td style=\"white-space:nowrap\">manual-entry<a name=\"data-capture-method-cs-manual-entry\"> </a></td><td>Manual Entry</td><td>Data manually entered by user</td></tr><tr><td style=\"white-space:nowrap\">derived<a name=\"data-capture-method-cs-derived\"> </a></td><td>Derived</td><td>Data calculated/derived from other measurements</td></tr><tr><td style=\"white-space:nowrap\">synchronized<a name=\"data-capture-method-cs-synchronized\"> </a></td><td>Synchronized</td><td>Data synchronized from another system</td></tr><tr><td style=\"white-space:nowrap\">imported<a name=\"data-capture-method-cs-imported\"> </a></td><td>Imported</td><td>Data imported from external source</td></tr></table></div>"},"url":"https://2rdoc.pt/ig/ios-lifestyle-medicine/CodeSystem/data-capture-method-cs","version":"0.1.0","name":"DataCaptureMethodCS","title":"Data Capture Method CodeSystem","status":"active","experimental":false,"date":"2025-11-30T13:08:37+00:00","publisher":"Ricardo Lourenço dos Santos","contact":[{"name":"Ricardo Lourenço dos Santos","telecom":[{"system":"url","value":"https://linktr.ee/ricardolsantos"}]}],"description":"Methods for capturing patient-generated health data","jurisdiction":[{"coding":[{"system":"http://unstats.un.org/unsd/methods/m49/m49.htm","code":"150","display":"Europe"}]},{"coding":[{"system":"http://unstats.un.org/unsd/methods/m49/m49.htm","code":"021","display":"Northern America a/"}]},{"coding":[{"system":"http://unstats.un.org/unsd/methods/m49/m49.htm","code":"005","display":"South America"}]},{"coding":[{"system":"urn:iso:std:iso:3166","code":"PT","display":"Portugal"}]},{"coding":[{"system":"urn:iso:std:iso:3166","code":"US","display":"United States of America"}]},{"coding":[{"system":"urn:iso:std:iso:3166","code":"BR","display":"Brazil"}]}],"caseSensitive":true,"content":"complete","count":5,"concept":[{"code":"automatic","display":"Automatic","definition":"Data captured automatically by device"},{"code":"manual-entry","display":"Manual Entry","definition":"Data manually entered by user"},{"code":"derived","display":"Derived","definition":"Data calculated/derived from other measurements"},{"code":"synchronized","display":"Synchronized","definition":"Data synchronized from another system"},{"code":"imported","display":"Imported","definition":"Data imported from external source"}]}