{"resourceType":"ConceptMap","id":"ConceptMapPhysicalActivityToSNOMED","text":{"status":"generated","div":"<div xmlns=\"http://www.w3.org/1999/xhtml\"><p class=\"res-header-id\"><b>Narrativa gerada: ConceptMap ConceptMapPhysicalActivityToSNOMED</b></p><a name=\"ConceptMapPhysicalActivityToSNOMED\"> </a><a name=\"hcConceptMapPhysicalActivityToSNOMED\"> </a><p>Mapeamento de (não especificado) para (não especificado)</p><br/><p><b>Grupo 1 </b>Mapeamento de <a href=\"CodeSystem-ios-physical-activity-cs.html\">iOS Physical Activity CodeSystem</a> to <a href=\"http://hl7.org/fhir/R4/codesystem-snomedct.html\">SNOMED CT (all versions)</a></p><table class=\"grid\"><tr><td><b>Código fonte</b></td><td><b>Relacionamento</b></td><td><b>Código de destino</b></td><td><b>Comentário</b></td></tr><tr><td>walking</td><td><a href=\"http://hl7.org/fhir/R5/codesystem-concept-map-relationship.html#equivalent\" title=\"equivalent\">is equivalent to</a></td><td>129006008 (Walking (observable entity))</td><td>Direct mapping from HKWorkoutActivityType.walking to SNOMED CT. Includes both indoor and outdoor walking activities.</td></tr><tr><td>running</td><td><a href=\"http://hl7.org/fhir/R5/codesystem-concept-map-relationship.html#equivalent\" title=\"equivalent\">is equivalent to</a></td><td>229065009 (Running (observable entity))</td><td>Direct mapping from HKWorkoutActivityType.running to SNOMED CT. Includes both indoor and outdoor running activities.</td></tr><tr><td>cycling</td><td><a href=\"http://hl7.org/fhir/R5/codesystem-concept-map-relationship.html#equivalent\" title=\"equivalent\">is equivalent to</a></td><td>266940006 (Cycling (regime/therapy))</td><td>Direct mapping from HKWorkoutActivityType.cycling to SNOMED CT. Includes outdoor cycling and stationary cycling.</td></tr><tr><td>swimming</td><td><a href=\"http://hl7.org/fhir/R5/codesystem-concept-map-relationship.html#equivalent\" title=\"equivalent\">is equivalent to</a></td><td>266938001 (Swimming (regime/therapy))</td><td>Direct mapping from HKWorkoutActivityType.swimming to SNOMED CT. Includes pool and open water swimming.</td></tr><tr><td>hiking</td><td><a href=\"http://hl7.org/fhir/R5/codesystem-concept-map-relationship.html#equivalent\" title=\"equivalent\">is equivalent to</a></td><td>71537002 (Hiking (physical activity))</td><td>Mapping from HKWorkoutActivityType.hiking to SNOMED CT code 71537002. Note: SNOMED code should be verified via official SNOMED CT Browser before clinical use.</td></tr><tr><td>yoga</td><td><a href=\"http://hl7.org/fhir/R5/codesystem-concept-map-relationship.html#wider\" title=\"wider\">maps to wider concept</a></td><td>48761009 (Regular exercise (regime/therapy))</td><td>HKWorkoutActivityType.yoga maps to broader SNOMED concept 'Regular exercise'. Specific SNOMED code for yoga may exist but requires verification. Equivalence marked as 'wider' because target concept is less specific than source.</td></tr><tr><td>dancing</td><td><a href=\"http://hl7.org/fhir/R5/codesystem-concept-map-relationship.html#wider\" title=\"wider\">maps to wider concept</a></td><td>48761009 (Regular exercise (regime/therapy))</td><td>HKWorkoutActivityType.dance/socialDance maps to broader SNOMED concept 'Regular exercise'. Specific SNOMED code for dancing may exist (search: 'dancing' in SNOMED CT Browser).</td></tr><tr><td>strength-training</td><td><a href=\"http://hl7.org/fhir/R5/codesystem-concept-map-relationship.html#narrower\" title=\"narrower\">narrower</a></td><td>229070001 (Exercise training (regime/therapy))</td><td>HKWorkoutActivityType.traditionalStrengthTraining maps to broader SNOMED concept 'Exercise training'. Target is less specific than source (which specifies strength/resistance training).</td></tr><tr><td>tennis</td><td><a href=\"http://hl7.org/fhir/R5/codesystem-concept-map-relationship.html#equivalent\" title=\"equivalent\">is equivalent to</a></td><td>85098004 (Tennis (physical activity))</td><td>Mapping from HKWorkoutActivityType.tennis to SNOMED CT code 85098004. Note: SNOMED code should be verified via official SNOMED CT Browser.</td></tr><tr><td>badminton</td><td colspan=\"2\" style=\"background-color: #efefef\">(not mapped)</td><td style=\"background-color: #efefef\">No verified SNOMED CT code available for badminton as of 2025-11-22. Recommend searching SNOMED CT Browser or mapping to broader concept 'Racket sports' if available.</td></tr><tr><td>squash</td><td colspan=\"2\" style=\"background-color: #efefef\">(not mapped)</td><td style=\"background-color: #efefef\">No verified SNOMED CT code available for squash as of 2025-11-22. Recommend searching SNOMED CT Browser or mapping to broader concept 'Racket sports'.</td></tr><tr><td>table-tennis</td><td colspan=\"2\" style=\"background-color: #efefef\">(not mapped)</td><td style=\"background-color: #efefef\">No verified SNOMED CT code available for table tennis as of 2025-11-22. Recommend searching SNOMED CT Browser or mapping to broader concept 'Racket sports'.</td></tr><tr><td>soccer</td><td><a href=\"http://hl7.org/fhir/R5/codesystem-concept-map-relationship.html#equivalent\" title=\"equivalent\">is equivalent to</a></td><td>81598007 (Football (physical activity))</td><td>Mapping from HKWorkoutActivityType.soccer to SNOMED CT code 81598007 (Football). Note: SNOMED code should be verified. Regional terminology note: 'Football' in SNOMED may refer to soccer/association football.</td></tr><tr><td>basketball</td><td><a href=\"http://hl7.org/fhir/R5/codesystem-concept-map-relationship.html#equivalent\" title=\"equivalent\">is equivalent to</a></td><td>25999001 (Basketball (physical activity))</td><td>Mapping from HKWorkoutActivityType.basketball to SNOMED CT code 25999001. Note: SNOMED code should be verified via official SNOMED CT Browser.</td></tr><tr><td>volleyball</td><td colspan=\"2\" style=\"background-color: #efefef\">(not mapped)</td><td style=\"background-color: #efefef\">No verified SNOMED CT code available for volleyball as of 2025-11-22. Recommend searching SNOMED CT Browser or mapping to broader concept 'Team sports'.</td></tr><tr><td>tai-chi</td><td><a href=\"http://hl7.org/fhir/R5/codesystem-concept-map-relationship.html#equivalent\" title=\"equivalent\">is equivalent to</a></td><td>418818004 (Tai chi (regime/therapy))</td><td>Mapping from HKWorkoutActivityType.taiChi to SNOMED CT code 418818004. Note: SNOMED code should be verified.</td></tr><tr><td>pilates</td><td colspan=\"2\" style=\"background-color: #efefef\">(not mapped)</td><td style=\"background-color: #efefef\">No verified SNOMED CT code available for Pilates as of 2025-11-22. May map to broader concept 'Exercise training' or 'Mind-body therapy'.</td></tr><tr><td>rowing</td><td><a href=\"http://hl7.org/fhir/R5/codesystem-concept-map-relationship.html#equivalent\" title=\"equivalent\">is equivalent to</a></td><td>10335005 (Rowing (physical activity))</td><td>Mapping from HKWorkoutActivityType.rowing to SNOMED CT code 10335005. Note: SNOMED code should be verified.</td></tr><tr><td>paddle-sports</td><td><a href=\"http://hl7.org/fhir/R5/codesystem-concept-map-relationship.html#wider\" title=\"wider\">maps to wider concept</a></td><td>48761009 (Regular exercise (regime/therapy))</td><td>HKWorkoutActivityType.paddleSports (kayaking, canoeing) maps to broader SNOMED concept 'Regular exercise'. Specific codes for paddle sports may exist.</td></tr><tr><td>skiing</td><td><a href=\"http://hl7.org/fhir/R5/codesystem-concept-map-relationship.html#equivalent\" title=\"equivalent\">is equivalent to</a></td><td>71537001 (Skiing (physical activity))</td><td>Mapping from HKWorkoutActivityType.downhillSkiing/crossCountrySkiing to SNOMED CT code 71537001. Note: SNOMED code should be verified. May need separate codes for downhill vs cross-country.</td></tr><tr><td>snowboarding</td><td colspan=\"2\" style=\"background-color: #efefef\">(not mapped)</td><td style=\"background-color: #efefef\">No verified SNOMED CT code available for snowboarding as of 2025-11-22. Recommend searching SNOMED CT Browser or mapping to broader concept 'Winter sports'.</td></tr><tr><td>climbing</td><td><a href=\"http://hl7.org/fhir/R5/codesystem-concept-map-relationship.html#equivalent\" title=\"equivalent\">is equivalent to</a></td><td>15128009 (Climbing (physical activity))</td><td>Mapping from HKWorkoutActivityType.climbing to SNOMED CT code 15128009. Note: SNOMED code should be verified.</td></tr><tr><td>golf</td><td><a href=\"http://hl7.org/fhir/R5/codesystem-concept-map-relationship.html#equivalent\" title=\"equivalent\">is equivalent to</a></td><td>49774004 (Golf (physical activity))</td><td>Mapping from HKWorkoutActivityType.golf to SNOMED CT code 49774004. Note: SNOMED code should be verified.</td></tr><tr><td>elliptical</td><td><a href=\"http://hl7.org/fhir/R5/codesystem-concept-map-relationship.html#narrower\" title=\"narrower\">narrower</a></td><td>229070001 (Exercise training (regime/therapy))</td><td>HKWorkoutActivityType.elliptical maps to broader SNOMED concept 'Exercise training'. Specific SNOMED code for elliptical trainer may not exist.</td></tr><tr><td>stairs</td><td><a href=\"http://hl7.org/fhir/R5/codesystem-concept-map-relationship.html#narrower\" title=\"narrower\">narrower</a></td><td>15128009 (Climbing (physical activity))</td><td>HKWorkoutActivityType.stairs/stairStepper maps to SNOMED concept 'Climbing'. Target is broader than source (stairs is a specific type of climbing activity).</td></tr></table></div>"},"url":"https://2rdoc.pt/ig/ios-lifestyle-medicine/ConceptMap/ConceptMapPhysicalActivityToSNOMED","version":"0.1.0","name":"ConceptMapPhysicalActivityToSNOMED","title":"iOS Physical Activity to SNOMED CT Mapping","status":"active","experimental":false,"date":"2025-11-22","publisher":"Ricardo Lourenço dos Santos","contact":[{"name":"Ricardo Lourenço dos Santos","telecom":[{"system":"url","value":"https://linktr.ee/ricardolsantos"}]}],"description":"Operational ConceptMap for physical activity terminology translation. Enables runtime $translate operations for semantic interoperability between Apple HealthKit activity types and SNOMED CT standard terminology. Critical for iOS Health App data integration into EHR systems.","jurisdiction":[{"coding":[{"system":"http://unstats.un.org/unsd/methods/m49/m49.htm","code":"150","display":"Europe"}]},{"coding":[{"system":"http://unstats.un.org/unsd/methods/m49/m49.htm","code":"021","display":"Northern America a/"}]},{"coding":[{"system":"http://unstats.un.org/unsd/methods/m49/m49.htm","code":"005","display":"South America"}]},{"coding":[{"system":"urn:iso:std:iso:3166","code":"PT","display":"Portugal"}]},{"coding":[{"system":"urn:iso:std:iso:3166","code":"US","display":"United States of America"}]},{"coding":[{"system":"urn:iso:std:iso:3166","code":"BR","display":"Brazil"}]}],"purpose":"Provides semantic mappings from Apple HealthKit physical activity types (HKWorkoutActivityType) to standard SNOMED CT codes. Enables clinical decision support systems to interpret wearable device activity data using standardized terminology.","group":[{"source":"https://2rdoc.pt/ig/ios-lifestyle-medicine/CodeSystem/ios-physical-activity-cs","target":"http://snomed.info/sct","element":[{"code":"walking","display":"Walking","target":[{"code":"129006008","display":"Walking (observable entity)","equivalence":"equivalent","comment":"Direct mapping from HKWorkoutActivityType.walking to SNOMED CT. Includes both indoor and outdoor walking activities."}]},{"code":"running","display":"Running","target":[{"code":"229065009","display":"Running (observable entity)","equivalence":"equivalent","comment":"Direct mapping from HKWorkoutActivityType.running to SNOMED CT. Includes both indoor and outdoor running activities."}]},{"code":"cycling","display":"Cycling","target":[{"code":"266940006","display":"Cycling (regime/therapy)","equivalence":"equivalent","comment":"Direct mapping from HKWorkoutActivityType.cycling to SNOMED CT. Includes outdoor cycling and stationary cycling."}]},{"code":"swimming","display":"Swimming","target":[{"code":"266938001","display":"Swimming (regime/therapy)","equivalence":"equivalent","comment":"Direct mapping from HKWorkoutActivityType.swimming to SNOMED CT. Includes pool and open water swimming."}]},{"code":"hiking","display":"Hiking","target":[{"code":"71537002","display":"Hiking (physical activity)","equivalence":"equivalent","comment":"Mapping from HKWorkoutActivityType.hiking to SNOMED CT code 71537002. Note: SNOMED code should be verified via official SNOMED CT Browser before clinical use."}]},{"code":"yoga","display":"Yoga","target":[{"code":"48761009","display":"Regular exercise (regime/therapy)","equivalence":"wider","comment":"HKWorkoutActivityType.yoga maps to broader SNOMED concept 'Regular exercise'. Specific SNOMED code for yoga may exist but requires verification. Equivalence marked as 'wider' because target concept is less specific than source."}]},{"code":"dancing","display":"Dancing","target":[{"code":"48761009","display":"Regular exercise (regime/therapy)","equivalence":"wider","comment":"HKWorkoutActivityType.dance/socialDance maps to broader SNOMED concept 'Regular exercise'. Specific SNOMED code for dancing may exist (search: 'dancing' in SNOMED CT Browser)."}]},{"code":"strength-training","display":"Strength Training","target":[{"code":"229070001","display":"Exercise training (regime/therapy)","equivalence":"narrower","comment":"HKWorkoutActivityType.traditionalStrengthTraining maps to broader SNOMED concept 'Exercise training'. Target is less specific than source (which specifies strength/resistance training)."}]},{"code":"tennis","display":"Tennis","target":[{"code":"85098004","display":"Tennis (physical activity)","equivalence":"equivalent","comment":"Mapping from HKWorkoutActivityType.tennis to SNOMED CT code 85098004. Note: SNOMED code should be verified via official SNOMED CT Browser."}]},{"code":"badminton","display":"Badminton","target":[{"equivalence":"unmatched","comment":"No verified SNOMED CT code available for badminton as of 2025-11-22. Recommend searching SNOMED CT Browser or mapping to broader concept 'Racket sports' if available."}]},{"code":"squash","display":"Squash","target":[{"equivalence":"unmatched","comment":"No verified SNOMED CT code available for squash as of 2025-11-22. Recommend searching SNOMED CT Browser or mapping to broader concept 'Racket sports'."}]},{"code":"table-tennis","display":"Table Tennis","target":[{"equivalence":"unmatched","comment":"No verified SNOMED CT code available for table tennis as of 2025-11-22. Recommend searching SNOMED CT Browser or mapping to broader concept 'Racket sports'."}]},{"code":"soccer","display":"Soccer","target":[{"code":"81598007","display":"Football (physical activity)","equivalence":"equivalent","comment":"Mapping from HKWorkoutActivityType.soccer to SNOMED CT code 81598007 (Football). Note: SNOMED code should be verified. Regional terminology note: 'Football' in SNOMED may refer to soccer/association football."}]},{"code":"basketball","display":"Basketball","target":[{"code":"25999001","display":"Basketball (physical activity)","equivalence":"equivalent","comment":"Mapping from HKWorkoutActivityType.basketball to SNOMED CT code 25999001. Note: SNOMED code should be verified via official SNOMED CT Browser."}]},{"code":"volleyball","display":"Volleyball","target":[{"equivalence":"unmatched","comment":"No verified SNOMED CT code available for volleyball as of 2025-11-22. Recommend searching SNOMED CT Browser or mapping to broader concept 'Team sports'."}]},{"code":"tai-chi","display":"Tai Chi","target":[{"code":"418818004","display":"Tai chi (regime/therapy)","equivalence":"equivalent","comment":"Mapping from HKWorkoutActivityType.taiChi to SNOMED CT code 418818004. Note: SNOMED code should be verified."}]},{"code":"pilates","display":"Pilates","target":[{"equivalence":"unmatched","comment":"No verified SNOMED CT code available for Pilates as of 2025-11-22. May map to broader concept 'Exercise training' or 'Mind-body therapy'."}]},{"code":"rowing","display":"Rowing","target":[{"code":"10335005","display":"Rowing (physical activity)","equivalence":"equivalent","comment":"Mapping from HKWorkoutActivityType.rowing to SNOMED CT code 10335005. Note: SNOMED code should be verified."}]},{"code":"paddle-sports","display":"Paddle Sports","target":[{"code":"48761009","display":"Regular exercise (regime/therapy)","equivalence":"wider","comment":"HKWorkoutActivityType.paddleSports (kayaking, canoeing) maps to broader SNOMED concept 'Regular exercise'. Specific codes for paddle sports may exist."}]},{"code":"skiing","display":"Skiing","target":[{"code":"71537001","display":"Skiing (physical activity)","equivalence":"equivalent","comment":"Mapping from HKWorkoutActivityType.downhillSkiing/crossCountrySkiing to SNOMED CT code 71537001. Note: SNOMED code should be verified. May need separate codes for downhill vs cross-country."}]},{"code":"snowboarding","display":"Snowboarding","target":[{"equivalence":"unmatched","comment":"No verified SNOMED CT code available for snowboarding as of 2025-11-22. Recommend searching SNOMED CT Browser or mapping to broader concept 'Winter sports'."}]},{"code":"climbing","display":"Climbing","target":[{"code":"15128009","display":"Climbing (physical activity)","equivalence":"equivalent","comment":"Mapping from HKWorkoutActivityType.climbing to SNOMED CT code 15128009. Note: SNOMED code should be verified."}]},{"code":"golf","display":"Golf","target":[{"code":"49774004","display":"Golf (physical activity)","equivalence":"equivalent","comment":"Mapping from HKWorkoutActivityType.golf to SNOMED CT code 49774004. Note: SNOMED code should be verified."}]},{"code":"elliptical","display":"Elliptical","target":[{"code":"229070001","display":"Exercise training (regime/therapy)","equivalence":"narrower","comment":"HKWorkoutActivityType.elliptical maps to broader SNOMED concept 'Exercise training'. Specific SNOMED code for elliptical trainer may not exist."}]},{"code":"stairs","display":"Stairs","target":[{"code":"15128009","display":"Climbing (physical activity)","equivalence":"narrower","comment":"HKWorkoutActivityType.stairs/stairStepper maps to SNOMED concept 'Climbing'. Target is broader than source (stairs is a specific type of climbing activity)."}]}]}]}