{"resourceType":"ConceptMap","id":"ConceptMapCrossVendorSleepStages","text":{"status":"generated","div":"<div xmlns=\"http://www.w3.org/1999/xhtml\"><p class=\"res-header-id\"><b>Narrativa gerada: ConceptMap ConceptMapCrossVendorSleepStages</b></p><a name=\"ConceptMapCrossVendorSleepStages\"> </a><a name=\"hcConceptMapCrossVendorSleepStages\"> </a><p>Mapeamento de <a href=\"ValueSet-fitbit-sleep-stages-vs.html\">Fitbit Sleep Stages ValueSet</a> para <a href=\"ValueSet-apple-sleep-stages-vs.html\">Apple Sleep Stages ValueSet</a></p><br/><p><b>Grupo 1 </b>Mapeamento de <a href=\"CodeSystem-fitbit-sleep-stages-cs.html\">Fitbit Sleep Stages CodeSystem</a> to <a href=\"CodeSystem-apple-sleep-stages-cs.html\">Apple HealthKit Sleep Stages CodeSystem</a></p><table class=\"grid\"><tr><td><b>Código fonte</b></td><td><b>Relacionamento</b></td><td><b>Código de destino</b></td><td><b>Comentário</b></td></tr><tr><td>wake</td><td><a href=\"http://hl7.org/fhir/R5/codesystem-concept-map-relationship.html#equivalent\" title=\"equivalent\">is equivalent to</a></td><td>awake</td><td/></tr><tr><td>light (Light Sleep)</td><td><a href=\"http://hl7.org/fhir/R5/codesystem-concept-map-relationship.html#equivalent\" title=\"equivalent\">is equivalent to</a></td><td>asleepCore (Core Sleep)</td><td>Fitbit 'light' = Apple 'Core Sleep' (N1+N2 NREM)</td></tr><tr><td>deep (Deep Sleep)</td><td><a href=\"http://hl7.org/fhir/R5/codesystem-concept-map-relationship.html#equivalent\" title=\"equivalent\">is equivalent to</a></td><td>asleepDeep (Deep Sleep)</td><td/></tr><tr><td>rem (REM Sleep)</td><td><a href=\"http://hl7.org/fhir/R5/codesystem-concept-map-relationship.html#equivalent\" title=\"equivalent\">is equivalent to</a></td><td>asleepREM (REM Sleep)</td><td/></tr></table></div>"},"url":"https://2rdoc.pt/ig/ios-lifestyle-medicine/ConceptMap/ConceptMapCrossVendorSleepStages","version":"0.1.0","name":"ConceptMapCrossVendorSleepStages","title":"Cross-Vendor Sleep Stage Equivalence","status":"active","experimental":false,"date":"2025-11-29","publisher":"Ricardo Lourenço dos Santos","contact":[{"name":"Ricardo Lourenço dos Santos","telecom":[{"system":"url","value":"https://linktr.ee/ricardolsantos"}]}],"description":"Cross-vendor sleep stage mapping enabling semantic interoperability across Apple, Fitbit, Garmin, and Oura sleep tracking data. Critical for multi-device LHS implementations.","jurisdiction":[{"coding":[{"system":"http://unstats.un.org/unsd/methods/m49/m49.htm","code":"150","display":"Europe"}]},{"coding":[{"system":"http://unstats.un.org/unsd/methods/m49/m49.htm","code":"021","display":"Northern America a/"}]},{"coding":[{"system":"http://unstats.un.org/unsd/methods/m49/m49.htm","code":"005","display":"South America"}]},{"coding":[{"system":"urn:iso:std:iso:3166","code":"PT","display":"Portugal"}]},{"coding":[{"system":"urn:iso:std:iso:3166","code":"US","display":"United States of America"}]},{"coding":[{"system":"urn:iso:std:iso:3166","code":"BR","display":"Brazil"}]}],"sourceCanonical":"https://2rdoc.pt/ig/ios-lifestyle-medicine/ValueSet/fitbit-sleep-stages-vs","targetCanonical":"https://2rdoc.pt/ig/ios-lifestyle-medicine/ValueSet/apple-sleep-stages-vs","group":[{"source":"https://2rdoc.pt/ig/ios-lifestyle-medicine/CodeSystem/fitbit-sleep-stages-cs","target":"https://2rdoc.pt/ig/ios-lifestyle-medicine/CodeSystem/apple-sleep-stages-cs","element":[{"code":"wake","target":[{"code":"awake","equivalence":"equivalent"}]},{"code":"light","target":[{"code":"asleepCore","equivalence":"equivalent","comment":"Fitbit 'light' = Apple 'Core Sleep' (N1+N2 NREM)"}]},{"code":"deep","target":[{"code":"asleepDeep","equivalence":"equivalent"}]},{"code":"rem","target":[{"code":"asleepREM","equivalence":"equivalent"}]}]}]}