{"resourceType":"ConceptMap","id":"ConceptMapHRVToOMOP","text":{"status":"generated","div":"<div xmlns=\"http://www.w3.org/1999/xhtml\"><p class=\"res-header-id\"><b>Narrativa gerada: ConceptMap ConceptMapHRVToOMOP</b></p><a name=\"ConceptMapHRVToOMOP\"> </a><a name=\"hcConceptMapHRVToOMOP\"> </a><p>Mapeamento de (não especificado) para (não especificado)</p><br/><p><b>Grupo 1 </b>Mapeamento de <a href=\"http://terminology.hl7.org/6.5.0/CodeSystem-v3-loinc.html\">Logical Observation Identifiers, Names and Codes (LOINC)</a> to <a href=\"CodeSystem-omop-concepts-stub.html\">OHDSI OMOP CDM Concepts (External Reference)</a></p><table class=\"grid\"><tr><td><b>Código fonte</b></td><td><b>Relacionamento</b></td><td><b>Código de destino</b></td><td><b>Comentário</b></td></tr><tr><td>80404-7 (R-R interval.standard deviation (Heart rate variability) [LOINC])</td><td><a href=\"http://hl7.org/fhir/R5/codesystem-concept-map-relationship.html#equivalent\" title=\"equivalent\">is equivalent to</a></td><td>37547368 (R-R interval.standard deviation (Heart rate variability))</td><td>VERIFIED MAPPING via Athena (2025-11-28):\n- OMOP concept_id: 37547368\n- Domain: Measurement\n- Concept Class: Lab Test\n- Vocabulary: LOINC\n- Valid dates: 2020-08-11 to 2099-12-31\n- Standard concept: Standard\n\nETL Implementation:\n- MEASUREMENT.measurement_concept_id = 37547368\n- MEASUREMENT.value_as_number = SDNN value\n- MEASUREMENT.unit_concept_id = 8587 (millisecond)\n- MEASUREMENT.measurement_type_concept_id = 44818707 (Patient self-reported)</td></tr><tr><td>hrv-rmssd-local (RMSSD - Root Mean Square of Successive Differences [Custom])</td><td colspan=\"2\" style=\"background-color: #efefef\">(not mapped)</td><td style=\"background-color: #efefef\">CRITICAL GAP: RMSSD has NO OMOP concept (concept_id = 0)\n\nClinical Importance:\n- Primary parasympathetic marker (HRV Task Force 1996)\n- Main HRV metric from consumer wearables (Apple, Oura, Garmin)\n- Strongly associated with vagal tone and inflammation (RS1 finding)\n- Mathematical relationship: RMSSD = SD1 × √2 (Poincaré plot)\n\nWorkaround:\n1. Create local custom concept in OMOP vocabulary with concept_class_id = 'Observable Entity'\n2. Map to general HRV concept 37547368 with qualifier (data loss)\n3. Store in measurement_source_value field (non-standardized)\n\nRecommendation: Submit new concept proposal to OHDSI Vocabulary team</td></tr><tr><td>hrv-pnn50-local (pNN50 - Percentage of NN intervals &gt;50ms [Custom])</td><td colspan=\"2\" style=\"background-color: #efefef\">(not mapped)</td><td style=\"background-color: #efefef\">GAP: pNN50 has no OMOP concept (concept_id = 0)\n\nClinical notes:\n- High correlation with RMSSD (r &gt; 0.90)\n- Parasympathetic marker\n- Unit: percentage (%)\n- Normal range: typically 20-30% in healthy adults\n\nETL workaround: Store as measurement_source_value = 'pNN50:{value}%'</td></tr><tr><td>hrv-lf-hf-local (LF/HF Ratio - Low to High Frequency Power Ratio [Custom])</td><td colspan=\"2\" style=\"background-color: #efefef\">(not mapped)</td><td style=\"background-color: #efefef\">GAP: LF/HF ratio has no OMOP concept (concept_id = 0)\n\nClinical notes:\n- Autonomic balance indicator (sympathovagal)\n- Interpretation is debated in literature\n- Dimensionless ratio\n- Typically 1.5-2.0 in healthy adults at rest\n\nETL workaround: Store in measurement_source_value with qualifier</td></tr><tr><td>8867-4 (Heart rate [LOINC])</td><td><a href=\"http://hl7.org/fhir/R5/codesystem-concept-map-relationship.html#equivalent\" title=\"equivalent\">is equivalent to</a></td><td>3027018 (Heart rate)</td><td>Verified standard OMOP concept for heart rate.\n- OMOP concept_id: 3027018\n- Unit_concept_id: 8541 (per minute, {beats}/min)\n- Critical contextual data for HRV interpretation</td></tr><tr><td>40443-4 (Heart rate --resting [LOINC])</td><td><a href=\"http://hl7.org/fhir/R5/codesystem-concept-map-relationship.html#wider\" title=\"wider\">maps to wider concept</a></td><td>3027018 (Heart rate)</td><td>Maps to general heart rate concept.\nResting context can be captured in:\n- visit_occurrence.visit_concept_id\n- measurement qualifier\n- observation_period context\n\nResting HR is critical for HRV baseline interpretation (Uth formula: VO2max = HRmax/HRrest × 15)</td></tr></table><hr/><p><b>Grupo 2 </b>Mapeamento de <a href=\"http://hl7.org/fhir/R4/codesystem-snomedct.html\">SNOMED CT (all versions)</a> to <a href=\"CodeSystem-omop-concepts-stub.html\">OHDSI OMOP CDM Concepts (External Reference)</a></p><table class=\"grid\"><tr><td><b>Código fonte</b></td><td><b>Relacionamento</b></td><td><b>Código de destino</b></td><td><b>Comentário</b></td></tr><tr><td>86290005 (Respiratory rate [SNOMED])</td><td><a href=\"http://hl7.org/fhir/R5/codesystem-concept-map-relationship.html#equivalent\" title=\"equivalent\">is equivalent to</a></td><td>3024171 (Respiratory rate)</td><td>Critical for HRV interpretation. RSA (respiratory sinus arrhythmia) affects HF power band.</td></tr></table></div>"},"url":"https://2rdoc.pt/ig/ios-lifestyle-medicine/ConceptMap/ConceptMapHRVToOMOP","version":"0.1.0","name":"ConceptMapHRVToOMOP","title":"HRV LOINC to OMOP CDM Mapping","status":"active","experimental":false,"date":"2025-11-28","publisher":"Ricardo Lourenço dos Santos","contact":[{"name":"Ricardo Lourenço dos Santos","telecom":[{"system":"url","value":"https://linktr.ee/ricardolsantos"}]}],"description":"Maps HRV (Heart Rate Variability) metrics from LOINC codes to OMOP CDM concepts for federated analytics.\n\nKey Findings from RS4 Systematic Review (354 papers analyzed):\n- ZERO documented HRV-OMOP transformations in peer-reviewed literature\n- Only ONE OMOP concept available: 37547368 (SDNN via LOINC 80404-7)\n- CRITICAL GAP: RMSSD, pNN50, LF/HF have NO OMOP concepts (concept_id = 0)\n\nThis ConceptMap enables:\n- SpringBatch ETL pipelines (Peng et al. achieved 99% DQD compliance)\n- Incremental loading patterns (Henke et al. achieved 87.5% time reduction)\n- OHDSI network study participation for wearable HRV data\n\nTarget OMOP Table: MEASUREMENT\n- measurement_concept_id: mapped OMOP concept\n- value_as_number: HRV metric value\n- unit_concept_id: 8587 (millisecond) for time-domain metrics\n- measurement_type_concept_id: 44818707 (Patient self-reported/device)","jurisdiction":[{"coding":[{"system":"http://unstats.un.org/unsd/methods/m49/m49.htm","code":"150","display":"Europe"}]},{"coding":[{"system":"http://unstats.un.org/unsd/methods/m49/m49.htm","code":"021","display":"Northern America a/"}]},{"coding":[{"system":"http://unstats.un.org/unsd/methods/m49/m49.htm","code":"005","display":"South America"}]},{"coding":[{"system":"urn:iso:std:iso:3166","code":"PT","display":"Portugal"}]},{"coding":[{"system":"urn:iso:std:iso:3166","code":"US","display":"United States of America"}]},{"coding":[{"system":"urn:iso:std:iso:3166","code":"BR","display":"Brazil"}]}],"purpose":"Enable ETL transformation of wearable HRV data from FHIR (LOINC-coded) to OMOP CDM for research analytics in OHDSI federated network.","group":[{"source":"http://loinc.org","target":"http://athena.ohdsi.org/search-terms/terms","element":[{"code":"80404-7","display":"R-R interval.standard deviation (Heart rate variability) [LOINC]","target":[{"code":"37547368","display":"R-R interval.standard deviation (Heart rate variability)","equivalence":"equivalent","comment":"VERIFIED MAPPING via Athena (2025-11-28):\n- OMOP concept_id: 37547368\n- Domain: Measurement\n- Concept Class: Lab Test\n- Vocabulary: LOINC\n- Valid dates: 2020-08-11 to 2099-12-31\n- Standard concept: Standard\n\nETL Implementation:\n- MEASUREMENT.measurement_concept_id = 37547368\n- MEASUREMENT.value_as_number = SDNN value\n- MEASUREMENT.unit_concept_id = 8587 (millisecond)\n- MEASUREMENT.measurement_type_concept_id = 44818707 (Patient self-reported)"}]},{"code":"hrv-rmssd-local","display":"RMSSD - Root Mean Square of Successive Differences [Custom]","target":[{"equivalence":"unmatched","comment":"CRITICAL GAP: RMSSD has NO OMOP concept (concept_id = 0)\n\nClinical Importance:\n- Primary parasympathetic marker (HRV Task Force 1996)\n- Main HRV metric from consumer wearables (Apple, Oura, Garmin)\n- Strongly associated with vagal tone and inflammation (RS1 finding)\n- Mathematical relationship: RMSSD = SD1 × √2 (Poincaré plot)\n\nWorkaround:\n1. Create local custom concept in OMOP vocabulary with concept_class_id = 'Observable Entity'\n2. Map to general HRV concept 37547368 with qualifier (data loss)\n3. Store in measurement_source_value field (non-standardized)\n\nRecommendation: Submit new concept proposal to OHDSI Vocabulary team"}]},{"code":"hrv-pnn50-local","display":"pNN50 - Percentage of NN intervals >50ms [Custom]","target":[{"equivalence":"unmatched","comment":"GAP: pNN50 has no OMOP concept (concept_id = 0)\n\nClinical notes:\n- High correlation with RMSSD (r > 0.90)\n- Parasympathetic marker\n- Unit: percentage (%)\n- Normal range: typically 20-30% in healthy adults\n\nETL workaround: Store as measurement_source_value = 'pNN50:{value}%'"}]},{"code":"hrv-lf-hf-local","display":"LF/HF Ratio - Low to High Frequency Power Ratio [Custom]","target":[{"equivalence":"unmatched","comment":"GAP: LF/HF ratio has no OMOP concept (concept_id = 0)\n\nClinical notes:\n- Autonomic balance indicator (sympathovagal)\n- Interpretation is debated in literature\n- Dimensionless ratio\n- Typically 1.5-2.0 in healthy adults at rest\n\nETL workaround: Store in measurement_source_value with qualifier"}]},{"code":"8867-4","display":"Heart rate [LOINC]","target":[{"code":"3027018","display":"Heart rate","equivalence":"equivalent","comment":"Verified standard OMOP concept for heart rate.\n- OMOP concept_id: 3027018\n- Unit_concept_id: 8541 (per minute, {beats}/min)\n- Critical contextual data for HRV interpretation"}]},{"code":"40443-4","display":"Heart rate --resting [LOINC]","target":[{"code":"3027018","display":"Heart rate","equivalence":"wider","comment":"Maps to general heart rate concept.\nResting context can be captured in:\n- visit_occurrence.visit_concept_id\n- measurement qualifier\n- observation_period context\n\nResting HR is critical for HRV baseline interpretation (Uth formula: VO2max = HRmax/HRrest × 15)"}]}],"unmapped":{"mode":"fixed","code":"0","display":"No OMOP concept - requires custom vocabulary extension"}},{"source":"http://snomed.info/sct","target":"http://athena.ohdsi.org/search-terms/terms","element":[{"code":"86290005","display":"Respiratory rate [SNOMED]","target":[{"code":"3024171","display":"Respiratory rate","equivalence":"equivalent","comment":"Critical for HRV interpretation. RSA (respiratory sinus arrhythmia) affects HF power band."}]}]}]}