{"resourceType":"ConceptMap","id":"MindfulnessDiagnosticMap","text":{"status":"generated","div":"<div xmlns=\"http://www.w3.org/1999/xhtml\"><p class=\"res-header-id\"><b>Narrativa gerada: ConceptMap MindfulnessDiagnosticMap</b></p><a name=\"MindfulnessDiagnosticMap\"> </a><a name=\"hcMindfulnessDiagnosticMap\"> </a><p>Mapeamento de <a href=\"ValueSet-mindfulness-outcome-vs.html\">Mindfulness Outcomes Value Set</a> para <a href=\"ValueSet-mindfulness-snomed-vs.html\">Mindfulness SNOMED CT Value Set</a></p><br/><p><b>Grupo 1 </b>Mapeamento de <a href=\"CodeSystem-mindfulness-outcome-cs.html\">Mindfulness Outcomes</a> to <a href=\"http://hl7.org/fhir/R4/codesystem-snomedct.html\">SNOMED CT (all versions)</a></p><table class=\"grid\"><tr><td><b>Código fonte</b></td><td><b>Relacionamento</b></td><td><b>Código de destino</b></td><td><b>Comentário</b></td></tr><tr><td>stressReduction</td><td><a href=\"http://hl7.org/fhir/R5/codesystem-concept-map-relationship.html#narrower\" title=\"narrower\">narrower</a></td><td>73595000 (Stress)</td><td>Indicates reduction in stress levels</td></tr><tr><td>improvedSleep</td><td><a href=\"http://hl7.org/fhir/R5/codesystem-concept-map-relationship.html#narrower\" title=\"narrower\">narrower</a></td><td>248234008 (Sleep pattern)</td><td>Indicates improvement in activity quality</td></tr><tr><td>emotionalBalance</td><td><a href=\"http://hl7.org/fhir/R5/codesystem-concept-map-relationship.html#equivalent\" title=\"equivalent\">is equivalent to</a></td><td>285854004 (Emotional state)</td><td>Maps to emotional state finding</td></tr><tr><td>increasedAwareness</td><td><a href=\"http://hl7.org/fhir/R5/codesystem-concept-map-relationship.html#relatedto\" title=\"relatedto\">is related to</a></td><td>736253002 (Mental state, behavior and/or psychosocial functioning)</td><td>General improvement in mental state</td></tr></table></div>"},"url":"https://2rdoc.pt/ig/ios-lifestyle-medicine/ConceptMap/MindfulnessDiagnosticMap","version":"0.1.0","name":"MindfulnessDiagnosticMap","title":"Mindfulness Diagnostic Mappings","status":"draft","experimental":false,"date":"2025-11-28T14:35:57+00:00","publisher":"Ricardo Lourenço dos Santos","contact":[{"name":"Ricardo Lourenço dos Santos","telecom":[{"system":"url","value":"https://linktr.ee/ricardolsantos"}]}],"description":"Mapping of mindfulness outcomes to diagnostic codes","jurisdiction":[{"coding":[{"system":"http://unstats.un.org/unsd/methods/m49/m49.htm","code":"150","display":"Europe"}]},{"coding":[{"system":"http://unstats.un.org/unsd/methods/m49/m49.htm","code":"021","display":"Northern America a/"}]},{"coding":[{"system":"http://unstats.un.org/unsd/methods/m49/m49.htm","code":"005","display":"South America"}]},{"coding":[{"system":"urn:iso:std:iso:3166","code":"PT","display":"Portugal"}]},{"coding":[{"system":"urn:iso:std:iso:3166","code":"US","display":"United States of America"}]},{"coding":[{"system":"urn:iso:std:iso:3166","code":"BR","display":"Brazil"}]}],"purpose":"Map mindfulness outcomes to standard diagnostic codes","sourceUri":"https://2rdoc.pt/ig/ios-lifestyle-medicine/ValueSet/mindfulness-outcome-vs","targetUri":"https://2rdoc.pt/ig/ios-lifestyle-medicine/ValueSet/mindfulness-snomed-vs","group":[{"source":"https://2rdoc.pt/ig/ios-lifestyle-medicine/CodeSystem/mindfulness-outcome-cs","target":"http://snomed.info/sct","element":[{"code":"stressReduction","target":[{"code":"73595000","display":"Stress","equivalence":"narrower","comment":"Indicates reduction in stress levels"}]},{"code":"improvedSleep","target":[{"code":"248234008","display":"Sleep pattern","equivalence":"narrower","comment":"Indicates improvement in activity quality"}]},{"code":"emotionalBalance","target":[{"code":"285854004","display":"Emotional state","equivalence":"equivalent","comment":"Maps to emotional state finding"}]},{"code":"increasedAwareness","target":[{"code":"736253002","display":"Mental state, behavior and/or psychosocial functioning","equivalence":"relatedto","comment":"General improvement in mental state"}]}]}]}