{"resourceType":"ConceptMap","id":"ConceptMapAppleSleepToSNOMED","text":{"status":"generated","div":"<div xmlns=\"http://www.w3.org/1999/xhtml\"><p class=\"res-header-id\"><b>Narrativa gerada: ConceptMap ConceptMapAppleSleepToSNOMED</b></p><a name=\"ConceptMapAppleSleepToSNOMED\"> </a><a name=\"hcConceptMapAppleSleepToSNOMED\"> </a><p>Mapeamento de <a href=\"ValueSet-apple-sleep-stages-vs.html\">Apple Sleep Stages ValueSet</a> para <a href=\"ValueSet-snomed-sleep-stages-vs.html\">SNOMED CT Sleep Stages ValueSet</a></p><br/><p><b>Grupo 1 </b>Mapeamento de <a href=\"CodeSystem-apple-sleep-stages-cs.html\">Apple HealthKit Sleep Stages CodeSystem</a> to <a href=\"http://hl7.org/fhir/R4/codesystem-snomedct.html\">SNOMED CT (all versions)</a></p><table class=\"grid\"><tr><td><b>Código fonte</b></td><td><b>Relacionamento</b></td><td><b>Código de destino</b></td><td><b>Comentário</b></td></tr><tr><td>awake</td><td><a href=\"http://hl7.org/fhir/R5/codesystem-concept-map-relationship.html#equivalent\" title=\"equivalent\">is equivalent to</a></td><td>258158006 (Awake)</td><td/></tr><tr><td>asleepCore (Core Sleep)</td><td><a href=\"http://hl7.org/fhir/R5/codesystem-concept-map-relationship.html#wider\" title=\"wider\">maps to wider concept</a></td><td>67233009 (Stage 2 sleep)</td><td>Apple 'Core Sleep' = N1+N2 light NREM; maps to SNOMED Stage 2 as closest match</td></tr><tr><td>asleepDeep (Deep Sleep)</td><td><a href=\"http://hl7.org/fhir/R5/codesystem-concept-map-relationship.html#equivalent\" title=\"equivalent\">is equivalent to</a></td><td>26329005 (Stage 3-4 sleep)</td><td/></tr><tr><td>asleepREM (REM Sleep)</td><td><a href=\"http://hl7.org/fhir/R5/codesystem-concept-map-relationship.html#equivalent\" title=\"equivalent\">is equivalent to</a></td><td>248218005 (Rapid eye movement sleep)</td><td/></tr><tr><td>inBed</td><td colspan=\"2\" style=\"background-color: #efefef\">(not mapped)</td><td style=\"background-color: #efefef\">No SNOMED CT code for 'in bed' state; this is a behavioral observation, not a sleep stage</td></tr><tr><td>asleepUnspecified (Asleep (Unspecified))</td><td><a href=\"http://hl7.org/fhir/R5/codesystem-concept-map-relationship.html#wider\" title=\"wider\">maps to wider concept</a></td><td>248220008 (Non-rapid eye movement sleep)</td><td>Generic asleep maps to broader NREM category when stage undetermined</td></tr></table></div>"},"url":"https://2rdoc.pt/ig/ios-lifestyle-medicine/ConceptMap/ConceptMapAppleSleepToSNOMED","version":"0.1.0","name":"ConceptMapAppleSleepToSNOMED","title":"Apple HealthKit Sleep Stages to SNOMED CT Mapping","status":"active","experimental":false,"date":"2025-11-29","publisher":"Ricardo Lourenço dos Santos","contact":[{"name":"Ricardo Lourenço dos Santos","telecom":[{"system":"url","value":"https://linktr.ee/ricardolsantos"}]}],"description":"Maps Apple HealthKit HKCategoryValueSleepAnalysis codes to SNOMED CT. Note: Apple uses 'Core Sleep' terminology for light NREM.","jurisdiction":[{"coding":[{"system":"http://unstats.un.org/unsd/methods/m49/m49.htm","code":"150","display":"Europe"}]},{"coding":[{"system":"http://unstats.un.org/unsd/methods/m49/m49.htm","code":"021","display":"Northern America a/"}]},{"coding":[{"system":"http://unstats.un.org/unsd/methods/m49/m49.htm","code":"005","display":"South America"}]},{"coding":[{"system":"urn:iso:std:iso:3166","code":"PT","display":"Portugal"}]},{"coding":[{"system":"urn:iso:std:iso:3166","code":"US","display":"United States of America"}]},{"coding":[{"system":"urn:iso:std:iso:3166","code":"BR","display":"Brazil"}]}],"sourceCanonical":"https://2rdoc.pt/ig/ios-lifestyle-medicine/ValueSet/apple-sleep-stages-vs","targetCanonical":"https://2rdoc.pt/ig/ios-lifestyle-medicine/ValueSet/snomed-sleep-stages-vs","group":[{"source":"https://2rdoc.pt/ig/ios-lifestyle-medicine/CodeSystem/apple-sleep-stages-cs","target":"http://snomed.info/sct","element":[{"code":"awake","display":"Awake","target":[{"code":"258158006","display":"Awake","equivalence":"equivalent"}]},{"code":"asleepCore","display":"Core Sleep","target":[{"code":"67233009","display":"Stage 2 sleep","equivalence":"wider","comment":"Apple 'Core Sleep' = N1+N2 light NREM; maps to SNOMED Stage 2 as closest match"}]},{"code":"asleepDeep","display":"Deep Sleep","target":[{"code":"26329005","display":"Stage 3-4 sleep","equivalence":"equivalent"}]},{"code":"asleepREM","display":"REM Sleep","target":[{"code":"248218005","display":"Rapid eye movement sleep","equivalence":"equivalent"}]},{"code":"inBed","display":"In Bed","target":[{"equivalence":"unmatched","comment":"No SNOMED CT code for 'in bed' state; this is a behavioral observation, not a sleep stage"}]},{"code":"asleepUnspecified","display":"Asleep (Unspecified)","target":[{"code":"248220008","display":"Non-rapid eye movement sleep","equivalence":"wider","comment":"Generic asleep maps to broader NREM category when stage undetermined"}]}]}]}