{"resourceType":"Measure","id":"MindfulnessProgressReport","url":"https://github.com/RicardoLSantos/shorthand/Measure/MindfulnessProgressReport","version":"0.1.0","title":"Mindfulness Practice Progress Report","status":"active","experimental":false,"date":"2024-03-19","publisher":"Ricardo Lourenço dos Santos","contact":[{"name":"Ricardo Lourenço dos Santos","telecom":[{"system":"url","value":"https://linktr.ee/ricardolsantos"}]}],"description":"Measures progress in mindfulness practice over time","scoring":{"coding":[{"code":"continuous-variable"}]},"type":[{"coding":[{"code":"process"}]}],"riskAdjustment":"none","rateAggregation":"Average values over time period","group":[{"code":{"coding":[{"code":"practice-frequency"}]},"description":"Frequency of mindfulness practice","population":[{"code":{"coding":[{"code":"denominator"}]},"criteria":{"language":"text/fhirpath","expression":"Observation.where(code.coding.code='711020003')"}}],"stratifier":[{"code":{"coding":[{"code":"weekly"}]},"criteria":{"language":"text/fhirpath","expression":"Observation.effective.as(DateTime).truncate(@T).truncate(@W)"}}]},{"code":{"coding":[{"code":"stress-reduction"}]},"description":"Stress level changes over time","population":[{"code":{"coding":[{"code":"denominator"}]},"criteria":{"language":"text/fhirpath","expression":"Observation.where(component.code.coding.code='725854004')"}}],"stratifier":[{"code":{"coding":[{"code":"trend"}]},"criteria":{"language":"text/fhirpath","expression":"component.where(code.coding.code='725854004').value.value"}}]}]}