{"resourceType":"MessageDefinition","id":"EndSessionMessage","meta":{"profile":["https://2rdoc.pt/ig/ios-lifestyle-medicine/StructureDefinition/mindfulness-message-definition"]},"url":"https://2rdoc.pt/fhir/MessageDefinition/end-session","version":"0.1.0","status":"active","date":"2024-03-19","publisher":"Ricardo Lourenço dos Santos","contact":[{"name":"Ricardo Lourenço dos Santos","telecom":[{"system":"url","value":"https://linktr.ee/ricardolsantos"}]}],"eventCoding":{"system":"https://2rdoc.pt/fhir/CodeSystem/mindfulness-message-events","code":"session-end","display":"Session End"},"category":"notification","focus":[{"code":"Observation","profile":"https://2rdoc.pt/ig/ios-lifestyle-medicine/StructureDefinition/mindfulness-session","min":1}]}