{"resourceType":"MessageDefinition","id":"start-session","meta":{"profile":["https://2rdoc.pt/ig/ios-lifestyle-medicine/StructureDefinition/mindfulness-message-definition"]},"url":"https://2rdoc.pt/ig/ios-lifestyle-medicine/MessageDefinition/start-session","version":"0.1.0","status":"active","date":"2024-03-19","publisher":"Ricardo Lourenço dos Santos","contact":[{"name":"Ricardo Lourenço dos Santos","telecom":[{"system":"url","value":"https://linktr.ee/ricardolsantos"}]}],"jurisdiction":[{"coding":[{"system":"http://unstats.un.org/unsd/methods/m49/m49.htm","code":"150","display":"Europe"}]},{"coding":[{"system":"http://unstats.un.org/unsd/methods/m49/m49.htm","code":"021","display":"Northern America a/"}]},{"coding":[{"system":"http://unstats.un.org/unsd/methods/m49/m49.htm","code":"005","display":"South America"}]},{"coding":[{"system":"urn:iso:std:iso:3166","code":"PT","display":"Portugal"}]},{"coding":[{"system":"urn:iso:std:iso:3166","code":"US","display":"United States of America"}]},{"coding":[{"system":"urn:iso:std:iso:3166","code":"BR","display":"Brazil"}]}],"eventCoding":{"system":"https://2rdoc.pt/ig/ios-lifestyle-medicine/CodeSystem/mindfulness-message-events","code":"session-start","display":"Session Start"},"category":"notification","focus":[{"code":"Observation","profile":"https://2rdoc.pt/ig/ios-lifestyle-medicine/StructureDefinition/mindfulness-observation","min":1,"max":"*"}]}