{"resourceType":"ValueSet","id":"social-support-vs","text":{"status":"generated","div":"<div xmlns=\"http://www.w3.org/1999/xhtml\"><p class=\"res-header-id\"><b>Generated Narrative: ValueSet social-support-vs</b></p><a name=\"social-support-vs\"> </a><a name=\"hcsocial-support-vs\"> </a><a name=\"social-support-vs-en-US\"> </a><ul><li>Include all codes defined in <a href=\"CodeSystem-social-support-cs.html\"><code>https://github.com/RicardoLSantos/shorthand/CodeSystem/social-support-cs</code></a></li></ul></div>"},"url":"https://github.com/RicardoLSantos/shorthand/ValueSet/social-support-vs","version":"0.1.0","name":"SocialSupportVS","title":"Social Support Value Set","status":"draft","date":"2025-01-04T22:27:27+00:00","publisher":"Ricardo Lourenço dos Santos","contact":[{"name":"Ricardo Lourenço dos Santos","telecom":[{"system":"url","value":"https://linktr.ee/ricardolsantos"}]}],"description":"Value set for levels of social support","compose":{"include":[{"system":"https://github.com/RicardoLSantos/shorthand/CodeSystem/social-support-cs"}]}}