{"resourceType":"ValueSet","id":"social-interaction-medium-vs","text":{"status":"generated","div":"<div xmlns=\"http://www.w3.org/1999/xhtml\"><p class=\"res-header-id\"><b>Generated Narrative: ValueSet social-interaction-medium-vs</b></p><a name=\"social-interaction-medium-vs\"> </a><a name=\"hcsocial-interaction-medium-vs\"> </a><a name=\"social-interaction-medium-vs-en-US\"> </a><ul><li>Include all codes defined in <a href=\"CodeSystem-social-interaction-medium-cs.html\"><code>https://github.com/RicardoLSantos/shorthand/CodeSystem/social-interaction-medium-cs</code></a></li></ul></div>"},"url":"https://github.com/RicardoLSantos/shorthand/ValueSet/social-interaction-medium-vs","version":"0.1.0","name":"SocialInteractionMediumVS","title":"Social Interaction Medium Value Set","status":"draft","date":"2025-01-04T22:47:01+00:00","publisher":"Ricardo Lourenço dos Santos","contact":[{"name":"Ricardo Lourenço dos Santos","telecom":[{"system":"url","value":"https://linktr.ee/ricardolsantos"}]}],"description":"Mediums through which social interaction occurs","compose":{"include":[{"system":"https://github.com/RicardoLSantos/shorthand/CodeSystem/social-interaction-medium-cs"}]}}