{"resourceType":"ValueSet","id":"stress-impact-vs","text":{"status":"generated","div":"<div xmlns=\"http://www.w3.org/1999/xhtml\"><p class=\"res-header-id\"><b>Narrativa gerada: ValueSet stress-impact-vs</b></p><a name=\"stress-impact-vs\"> </a><a name=\"hcstress-impact-vs\"> </a><ul><li>Include todos os códigos definidos em <a href=\"CodeSystem-stress-impact-cs.html\"><code>https://2rdoc.pt/fhir/CodeSystem/stress-impact-cs</code></a></li></ul></div>"},"url":"https://2rdoc.pt/fhir/ValueSet/stress-impact-vs","version":"0.1.0","name":"StressImpactVS","title":"Stress Impact Value Set","status":"draft","date":"2025-08-20T17:48:34+01:00","publisher":"Ricardo Lourenço dos Santos","contact":[{"name":"Ricardo Lourenço dos Santos","telecom":[{"system":"url","value":"https://linktr.ee/ricardolsantos"}]}],"description":"Value set for describing stress impact levels","compose":{"include":[{"system":"https://2rdoc.pt/fhir/CodeSystem/stress-impact-cs"}]}}