{"resourceType":"ValueSet","id":"fertility-status-valueset","text":{"status":"generated","div":"<div xmlns=\"http://www.w3.org/1999/xhtml\"><p class=\"res-header-id\"><b>Narrativa gerada: ValueSet fertility-status-valueset</b></p><a name=\"fertility-status-valueset\"> </a><a name=\"hcfertility-status-valueset\"> </a><ul><li>Include todos os códigos definidos em <a href=\"CodeSystem-fertility-status-cs.html\"><code>https://2rdoc.pt/fhir/CodeSystem/fertility-status-cs</code></a></li></ul></div>"},"url":"https://2rdoc.pt/fhir/ValueSet/fertility-status-vs","version":"0.1.0","name":"FertilityStatusValueSet","title":"Fertility Status Value Set","status":"active","date":"2025-08-20T17:48:34+01:00","publisher":"Ricardo Lourenço dos Santos","contact":[{"name":"Ricardo Lourenço dos Santos","telecom":[{"system":"url","value":"https://linktr.ee/ricardolsantos"}]}],"description":"Value set for fertility status","compose":{"include":[{"system":"https://2rdoc.pt/fhir/CodeSystem/fertility-status-cs"}]}}