{"resourceType":"ValueSet","id":"tobacco-product-type-vs","text":{"status":"generated","div":"<div xmlns=\"http://www.w3.org/1999/xhtml\"><p class=\"res-header-id\"><b>Narrativa gerada: ValueSet tobacco-product-type-vs</b></p><a name=\"tobacco-product-type-vs\"> </a><a name=\"hctobacco-product-type-vs\"> </a><ul><li>Include estes códigos, tal como definidos em <a href=\"http://www.snomed.org/\"><code>http://snomed.info/sct</code></a><table class=\"none\"><tr><td style=\"white-space:nowrap\"><b>Código</b></td><td><b>Ecrã</b></td></tr><tr><td><a href=\"http://snomed.info/id/722496004\">722496004</a></td><td>Cigarette (physical object)</td></tr><tr><td><a href=\"http://snomed.info/id/722498003\">722498003</a></td><td>Cigar (physical object)</td></tr><tr><td><a href=\"http://snomed.info/id/722499006\">722499006</a></td><td>Pipe (physical object)</td></tr><tr><td><a href=\"http://snomed.info/id/159882006\">159882006</a></td><td>Chewing tobacco user (finding)</td></tr><tr><td><a href=\"http://snomed.info/id/228494002\">228494002</a></td><td>Snuff taker (finding)</td></tr></table></li></ul></div>"},"url":"https://2rdoc.pt/ig/ios-lifestyle-medicine/ValueSet/tobacco-product-type-vs","version":"0.1.0","name":"TobaccoProductTypeVS","title":"Tobacco Product Type ValueSet","status":"active","experimental":false,"date":"2025-11-27T17:03:01+00:00","publisher":"Ricardo Lourenço dos Santos","contact":[{"name":"Ricardo Lourenço dos Santos","telecom":[{"system":"url","value":"https://linktr.ee/ricardolsantos"}]}],"description":"Types of tobacco products","jurisdiction":[{"coding":[{"system":"http://unstats.un.org/unsd/methods/m49/m49.htm","code":"150","display":"Europe"}]},{"coding":[{"system":"http://unstats.un.org/unsd/methods/m49/m49.htm","code":"021","display":"Northern America a/"}]},{"coding":[{"system":"http://unstats.un.org/unsd/methods/m49/m49.htm","code":"005","display":"South America"}]},{"coding":[{"system":"urn:iso:std:iso:3166","code":"PT","display":"Portugal"}]},{"coding":[{"system":"urn:iso:std:iso:3166","code":"US","display":"United States of America"}]},{"coding":[{"system":"urn:iso:std:iso:3166","code":"BR","display":"Brazil"}]}],"compose":{"include":[{"system":"http://snomed.info/sct","concept":[{"code":"722496004","display":"Cigarette (physical object)"},{"code":"722498003","display":"Cigar (physical object)"},{"code":"722499006","display":"Pipe (physical object)"},{"code":"159882006","display":"Chewing tobacco user (finding)"},{"code":"228494002","display":"Snuff taker (finding)"}]}]}}