{"resourceType":"ValueSet","id":"measurement-device-type-vs","text":{"status":"generated","div":"<div xmlns=\"http://www.w3.org/1999/xhtml\"><p class=\"res-header-id\"><b>Generated Narrative: ValueSet measurement-device-type-vs</b></p><a name=\"measurement-device-type-vs\"> </a><a name=\"hcmeasurement-device-type-vs\"> </a><a name=\"measurement-device-type-vs-en-US\"> </a><ul><li>Include these codes as defined in <a href=\"http://www.snomed.org/\"><code>http://snomed.info/sct</code></a><table class=\"none\"><tr><td style=\"white-space:nowrap\"><b>Code</b></td><td><b>Display</b></td></tr><tr><td><a href=\"http://snomed.info/id/469576000\">469576000</a></td><td>Smart watch</td></tr><tr><td><a href=\"http://snomed.info/id/706767009\">706767009</a></td><td>Body composition analyzer</td></tr><tr><td><a href=\"http://snomed.info/id/131009002\">131009002</a></td><td>Height measuring device</td></tr><tr><td><a href=\"http://snomed.info/id/706889009\">706889009</a></td><td>Blood pressure monitor</td></tr><tr><td><a href=\"http://snomed.info/id/444699000\">444699000</a></td><td>Tape measure</td></tr><tr><td><a href=\"http://snomed.info/id/44056008\">44056008</a></td><td>Digital scale</td></tr></table></li></ul></div>"},"url":"https://github.com/RicardoLSantos/shorthand/ValueSet/measurement-device-type-vs","version":"0.1.0","name":"MeasurementDeviceTypeVS","title":"Measurement Device Type Value Set","status":"draft","date":"2025-01-04T22:27:27+00:00","publisher":"Ricardo Lourenço dos Santos","contact":[{"name":"Ricardo Lourenço dos Santos","telecom":[{"system":"url","value":"https://linktr.ee/ricardolsantos"}]}],"description":"Types of devices used for health and body measurements","compose":{"include":[{"system":"http://snomed.info/sct","concept":[{"code":"469576000","display":"Smart watch"},{"code":"706767009","display":"Body composition analyzer"},{"code":"131009002","display":"Height measuring device"},{"code":"706889009","display":"Blood pressure monitor"},{"code":"444699000","display":"Tape measure"},{"code":"44056008","display":"Digital scale"}]}]}}