{"resourceType":"ValueSet","id":"activity-quality-extended-vs","text":{"status":"generated","div":"<div xmlns=\"http://www.w3.org/1999/xhtml\"><p class=\"res-header-id\"><b>Narrativa gerada: ValueSet activity-quality-extended-vs</b></p><a name=\"activity-quality-extended-vs\"> </a><a name=\"hcactivity-quality-extended-vs\"> </a><ul><li>Include estes códigos, tal como definidos em <a href=\"http://www.snomed.org/\"><code>http://snomed.info/sct</code></a><table class=\"none\"><tr><td style=\"white-space:nowrap\"><b>Código</b></td><td><b>Ecrã</b></td></tr><tr><td><a href=\"http://snomed.info/id/248220008\">248220008</a></td><td>Very good quality activity</td></tr><tr><td><a href=\"http://snomed.info/id/248221007\">248221007</a></td><td>Good quality activity</td></tr><tr><td><a href=\"http://snomed.info/id/248222000\">248222000</a></td><td>Poor quality activity</td></tr><tr><td><a href=\"http://snomed.info/id/248223005\">248223005</a></td><td>Very poor quality activity</td></tr></table></li></ul></div>"},"url":"https://2rdoc.pt/ig/ios-lifestyle-medicine/ValueSet/activity-quality-extended-vs","version":"0.1.0","name":"SleepQualityExtendedVS","title":"Sleep Quality Value Set","status":"active","date":"2025-10-02T07:31:55+01:00","publisher":"Ricardo Lourenço dos Santos","contact":[{"name":"Ricardo Lourenço dos Santos","telecom":[{"system":"url","value":"https://linktr.ee/ricardolsantos"}]}],"description":"Extended value set for activity quality assessment","jurisdiction":[{"coding":[{"system":"http://unstats.un.org/unsd/methods/m49/m49.htm","code":"150","display":"Europe"}]},{"coding":[{"system":"http://unstats.un.org/unsd/methods/m49/m49.htm","code":"021","display":"Northern America a/"}]},{"coding":[{"system":"http://unstats.un.org/unsd/methods/m49/m49.htm","code":"005","display":"South America"}]},{"coding":[{"system":"urn:iso:std:iso:3166","code":"PT","display":"Portugal"}]},{"coding":[{"system":"urn:iso:std:iso:3166","code":"US","display":"United States of America"}]},{"coding":[{"system":"urn:iso:std:iso:3166","code":"BR","display":"Brazil"}]}],"compose":{"include":[{"system":"http://snomed.info/sct","concept":[{"code":"248220008","display":"Very good quality activity"},{"code":"248221007","display":"Good quality activity"},{"code":"248222000","display":"Poor quality activity"},{"code":"248223005","display":"Very poor quality activity"}]}]}}