{"resourceType":"ValueSet","id":"physical-activity-type-vs","text":{"status":"generated","div":"<div xmlns=\"http://www.w3.org/1999/xhtml\"><p class=\"res-header-id\"><b>Narrativa gerada: ValueSet physical-activity-type-vs</b></p><a name=\"physical-activity-type-vs\"> </a><a name=\"hcphysical-activity-type-vs\"> </a><ul><li>Include estes códigos, tal como definidos em <a href=\"http://www.snomed.org/\"><code>http://snomed.info/sct</code></a><table class=\"none\"><tr><td style=\"white-space:nowrap\"><b>Código</b></td><td><b>Ecrã</b></td></tr><tr><td><a href=\"http://snomed.info/id/255604002\">255604002</a></td><td>Physical activity (observable entity)</td></tr><tr><td><a href=\"http://snomed.info/id/129006008\">129006008</a></td><td>Walking</td></tr><tr><td><a href=\"http://snomed.info/id/229065009\">229065009</a></td><td>Running</td></tr><tr><td><a href=\"http://snomed.info/id/266938001\">266938001</a></td><td>Swimming</td></tr><tr><td><a href=\"http://snomed.info/id/266940006\">266940006</a></td><td>Cycling</td></tr><tr><td><a href=\"http://snomed.info/id/48761009\">48761009</a></td><td>Regular exercise</td></tr></table></li></ul></div>"},"url":"https://2rdoc.pt/ig/ios-lifestyle-medicine/ValueSet/physical-activity-type-vs","version":"0.1.0","name":"PhysicalActivityTypeVS","title":"Physical Activity Types Value Set","status":"active","experimental":false,"date":"2025-10-03T16:37:46+01:00","publisher":"Ricardo Lourenço dos Santos","contact":[{"name":"Ricardo Lourenço dos Santos","telecom":[{"system":"url","value":"https://linktr.ee/ricardolsantos"}]}],"description":"Types of physical activities from iOS Health App","useContext":[{"code":{"system":"http://terminology.hl7.org/CodeSystem/usage-context-type","code":"program"},"valueCodeableConcept":{"text":"iOS Lifestyle Medicine"}}],"jurisdiction":[{"coding":[{"system":"http://unstats.un.org/unsd/methods/m49/m49.htm","code":"150","display":"Europe"}]},{"coding":[{"system":"http://unstats.un.org/unsd/methods/m49/m49.htm","code":"021","display":"Northern America a/"}]},{"coding":[{"system":"http://unstats.un.org/unsd/methods/m49/m49.htm","code":"005","display":"South America"}]},{"coding":[{"system":"urn:iso:std:iso:3166","code":"PT","display":"Portugal"}]},{"coding":[{"system":"urn:iso:std:iso:3166","code":"US","display":"United States of America"}]},{"coding":[{"system":"urn:iso:std:iso:3166","code":"BR","display":"Brazil"}]}],"compose":{"include":[{"system":"http://snomed.info/sct","concept":[{"code":"255604002","display":"Physical activity (observable entity)"},{"code":"129006008","display":"Walking"},{"code":"229065009","display":"Running"},{"code":"266938001","display":"Swimming"},{"code":"266940006","display":"Cycling"},{"code":"48761009","display":"Regular exercise"}]}]}}