{"resourceType":"ValueSet","id":"stress-coping-vs","text":{"status":"generated","div":"<div xmlns=\"http://www.w3.org/1999/xhtml\"><p class=\"res-header-id\"><b>Generated Narrative: ValueSet stress-coping-vs</b></p><a name=\"stress-coping-vs\"> </a><a name=\"hcstress-coping-vs\"> </a><a name=\"stress-coping-vs-en-US\"> </a><ul><li>Include all codes defined in <a href=\"CodeSystem-stress-coping-cs.html\"><code>https://github.com/RicardoLSantos/shorthand/CodeSystem/stress-coping-cs</code></a></li></ul></div>"},"url":"https://github.com/RicardoLSantos/shorthand/ValueSet/stress-coping-vs","version":"0.1.0","name":"StressCopingVS","title":"Stress Coping Value Set","status":"draft","date":"2025-01-04T21:28:42+00:00","publisher":"Ricardo Lourenço dos Santos","contact":[{"name":"Ricardo Lourenço dos Santos","telecom":[{"system":"url","value":"https://linktr.ee/ricardolsantos"}]}],"description":"Value set for stress coping mechanisms","compose":{"include":[{"system":"https://github.com/RicardoLSantos/shorthand/CodeSystem/stress-coping-cs"}]}}