{"resourceType":"ValueSet","id":"social-interaction-medium-vs","text":{"status":"generated","div":"<div xmlns=\"http://www.w3.org/1999/xhtml\"><p class=\"res-header-id\"><b>Narrativa gerada: ValueSet social-interaction-medium-vs</b></p><a name=\"social-interaction-medium-vs\"> </a><a name=\"hcsocial-interaction-medium-vs\"> </a><ul><li>Include todos os códigos definidos em <a href=\"CodeSystem-social-interaction-medium-cs.html\"><code>https://2rdoc.pt/ig/ios-lifestyle-medicine/CodeSystem/social-interaction-medium-cs</code></a></li></ul></div>"},"url":"https://2rdoc.pt/ig/ios-lifestyle-medicine/ValueSet/social-interaction-medium-vs","version":"0.1.0","name":"SocialInteractionMediumVS","title":"Social Interaction Medium Value Set","status":"active","experimental":false,"date":"2025-10-02T18:31:12+01:00","publisher":"Ricardo Lourenço dos Santos","contact":[{"name":"Ricardo Lourenço dos Santos","telecom":[{"system":"url","value":"https://linktr.ee/ricardolsantos"}]}],"description":"Mediums through which social interaction occurs","jurisdiction":[{"coding":[{"system":"http://unstats.un.org/unsd/methods/m49/m49.htm","code":"150","display":"Europe"}]},{"coding":[{"system":"http://unstats.un.org/unsd/methods/m49/m49.htm","code":"021","display":"Northern America a/"}]},{"coding":[{"system":"http://unstats.un.org/unsd/methods/m49/m49.htm","code":"005","display":"South America"}]},{"coding":[{"system":"urn:iso:std:iso:3166","code":"PT","display":"Portugal"}]},{"coding":[{"system":"urn:iso:std:iso:3166","code":"US","display":"United States of America"}]},{"coding":[{"system":"urn:iso:std:iso:3166","code":"BR","display":"Brazil"}]}],"compose":{"include":[{"system":"https://2rdoc.pt/ig/ios-lifestyle-medicine/CodeSystem/social-interaction-medium-cs"}]}}