{"resourceType":"ValueSet","id":"heart-rate-variability-vs","text":{"status":"generated","div":"<div xmlns=\"http://www.w3.org/1999/xhtml\"><p class=\"res-header-id\"><b>Narrativa gerada: ValueSet heart-rate-variability-vs</b></p><a name=\"heart-rate-variability-vs\"> </a><a name=\"hcheart-rate-variability-vs\"> </a><p>Este conjunto de valores inclui códigos baseados nas seguintes regras:</p><ul><li>Incluir estes códigos, tal como definidos em <a href=\"http://loinc.org\"><code>http://loinc.org</code></a><table class=\"none\"><tr><td style=\"white-space:nowrap\"><b>Código</b></td><td><b>Ecrã</b></td><td><b><a href=\"ValueSet-loinc-observations-vs.html\">Heart Rate Variability to LOINC Mapping</a></b></td></tr><tr><td><a href=\"https://loinc.org/8867-4/\">8867-4</a></td><td>Heart rate</td><td/></tr><tr><td><a href=\"https://loinc.org/80404-7/\">80404-7</a></td><td>R-R interval.standard deviation (Heart rate variability)</td><td/></tr></table></li><li>Incluir estes códigos, tal como definidos em <a href=\"CodeSystem-heart-rate-variability-cs.html\"><code>https://2rdoc.pt/ig/ios-lifestyle-medicine/CodeSystem/heart-rate-variability-cs</code></a><table class=\"none\"><tr><td style=\"white-space:nowrap\"><b>Código</b></td><td><b>Ecrã</b></td><td><b><a href=\"ValueSet-loinc-observations-vs.html\">Heart Rate Variability to LOINC Mapping</a></b></td></tr><tr><td><a href=\"CodeSystem-heart-rate-variability-cs.html#heart-rate-variability-cs-hrv-sdnn\">hrv-sdnn</a></td><td>HRV SDNN</td><td><span title=\"EQUIVALENT\">~</span><a href=\"https://loinc.org/80404-7/\">80404-7</a><i>(Confirmed LOINC code for SDNN, created in LOINC v2.72 (June 2022). Time-domain HRV measure representing total variability.)</i></td></tr><tr><td><a href=\"CodeSystem-heart-rate-variability-cs.html#heart-rate-variability-cs-hrv-rmssd\">hrv-rmssd</a></td><td>HRV RMSSD</td><td/></tr><tr><td><a href=\"CodeSystem-heart-rate-variability-cs.html#heart-rate-variability-cs-hrv-pnn50\">hrv-pnn50</a></td><td>HRV pNN50</td><td/></tr><tr><td><a href=\"CodeSystem-heart-rate-variability-cs.html#heart-rate-variability-cs-hrv-lf-hf-ratio\">hrv-lf-hf-ratio</a></td><td>HRV LF/HF Ratio</td><td/></tr><tr><td><a href=\"CodeSystem-heart-rate-variability-cs.html#heart-rate-variability-cs-hrv-lf-power\">hrv-lf-power</a></td><td>HRV LF Power</td><td/></tr><tr><td><a href=\"CodeSystem-heart-rate-variability-cs.html#heart-rate-variability-cs-hrv-hf-power\">hrv-hf-power</a></td><td>HRV HF Power</td><td/></tr></table></li></ul></div>"},"url":"https://2rdoc.pt/ig/ios-lifestyle-medicine/ValueSet/heart-rate-variability-vs","version":"0.1.0","name":"HeartRateVariabilityVS","title":"Heart Rate Variability ValueSet","status":"active","experimental":false,"date":"2025-11-27T11:57:11+00:00","publisher":"Ricardo Lourenço dos Santos","contact":[{"name":"Ricardo Lourenço dos Santos","telecom":[{"system":"url","value":"https://linktr.ee/ricardolsantos"}]}],"description":"Complete set of HRV metrics combining LOINC codes where available and custom codes for gaps","jurisdiction":[{"coding":[{"system":"http://unstats.un.org/unsd/methods/m49/m49.htm","code":"150","display":"Europe"}]},{"coding":[{"system":"http://unstats.un.org/unsd/methods/m49/m49.htm","code":"021","display":"Northern America a/"}]},{"coding":[{"system":"http://unstats.un.org/unsd/methods/m49/m49.htm","code":"005","display":"South America"}]},{"coding":[{"system":"urn:iso:std:iso:3166","code":"PT","display":"Portugal"}]},{"coding":[{"system":"urn:iso:std:iso:3166","code":"US","display":"United States of America"}]},{"coding":[{"system":"urn:iso:std:iso:3166","code":"BR","display":"Brazil"}]}],"compose":{"include":[{"system":"http://loinc.org","concept":[{"code":"8867-4","display":"Heart rate"},{"code":"80404-7","display":"R-R interval.standard deviation (Heart rate variability)"}]},{"system":"https://2rdoc.pt/ig/ios-lifestyle-medicine/CodeSystem/heart-rate-variability-cs","concept":[{"code":"hrv-sdnn","display":"HRV SDNN"},{"code":"hrv-rmssd","display":"HRV RMSSD"},{"code":"hrv-pnn50","display":"HRV pNN50"},{"code":"hrv-lf-hf-ratio","display":"HRV LF/HF Ratio"},{"code":"hrv-lf-power","display":"HRV LF Power"},{"code":"hrv-hf-power","display":"HRV HF Power"}]}]}}