{"resourceType":"ValueSet","id":"mindfulness-outcome-vs","text":{"status":"generated","div":"<div xmlns=\"http://www.w3.org/1999/xhtml\"><p class=\"res-header-id\"><b>Narrativa gerada: ValueSet mindfulness-outcome-vs</b></p><a name=\"mindfulness-outcome-vs\"> </a><a name=\"hcmindfulness-outcome-vs\"> </a><p>Este conjunto de valores inclui códigos baseados nas seguintes regras:</p><ul><li>Incluir todos os códigos definidos em <a href=\"CodeSystem-mindfulness-outcome-cs.html\"><code>https://2rdoc.pt/ig/ios-lifestyle-medicine/CodeSystem/mindfulness-outcome-cs</code></a></li><li>Incluir estes códigos, tal como definidos em <a href=\"http://www.snomed.org/\"><code>http://snomed.info/sct</code></a><table class=\"none\"><tr><td style=\"white-space:nowrap\"><b>Código</b></td><td><b>Ecrã</b></td></tr><tr><td><a href=\"http://snomed.info/id/365949003\">365949003</a></td><td>Finding of level of stress</td></tr><tr><td><a href=\"http://snomed.info/id/373931001\">373931001</a></td><td>Mood finding</td></tr></table></li></ul></div>"},"url":"https://2rdoc.pt/ig/ios-lifestyle-medicine/ValueSet/mindfulness-outcome-vs","version":"0.1.0","name":"MindfulnessOutcomeVS","title":"Mindfulness Outcomes Value Set","status":"draft","experimental":false,"date":"2025-08-20T10:40:04+01:00","publisher":"Ricardo Lourenço dos Santos","contact":[{"name":"Ricardo Lourenço dos Santos","telecom":[{"system":"url","value":"https://linktr.ee/ricardolsantos"}]}],"description":"Value set for mindfulness practice outcomes","compose":{"include":[{"system":"https://2rdoc.pt/ig/ios-lifestyle-medicine/CodeSystem/mindfulness-outcome-cs"},{"system":"http://snomed.info/sct","concept":[{"code":"365949003","display":"Finding of level of stress"},{"code":"373931001","display":"Mood finding"}]}]}}