{"resourceType":"ValueSet","id":"fall-risk-outcomes","text":{"status":"generated","div":"<div xmlns=\"http://www.w3.org/1999/xhtml\"><p class=\"res-header-id\"><b>Generated Narrative: ValueSet fall-risk-outcomes</b></p><a name=\"fall-risk-outcomes\"> </a><a name=\"hcfall-risk-outcomes\"> </a><a name=\"fall-risk-outcomes-en-US\"> </a><ul><li>Include all codes defined in <code>http://example.org/fhir/CodeSystem/fall-risk-outcomes</code></li></ul></div>"},"url":"http://example.org/fhir/ValueSet/fall-risk-outcomes","version":"0.1.0","name":"FallRiskOutcomesValueSet","title":"Fall Risk Outcomes Value Set","status":"active","date":"2025-01-04T22:47:01+00:00","publisher":"Ricardo Lourenço dos Santos","contact":[{"name":"Ricardo Lourenço dos Santos","telecom":[{"system":"url","value":"https://linktr.ee/ricardolsantos"}]}],"description":"Value set for fall risk assessment outcomes","compose":{"include":[{"system":"http://example.org/fhir/CodeSystem/fall-risk-outcomes"}]}}