{"resourceType":"ValueSet","id":"hrv-inflammation-trend-vs","text":{"status":"generated","div":"<div xmlns=\"http://www.w3.org/1999/xhtml\"><p class=\"res-header-id\"><b>Narrativa gerada: ValueSet hrv-inflammation-trend-vs</b></p><a name=\"hrv-inflammation-trend-vs\"> </a><a name=\"hchrv-inflammation-trend-vs\"> </a><ul><li>Include estes códigos, tal como definidos em <a href=\"http://www.snomed.org/\"><code>http://snomed.info/sct</code></a><table class=\"none\"><tr><td style=\"white-space:nowrap\"><b>Código</b></td><td><b>Ecrã</b></td></tr><tr><td><a href=\"http://snomed.info/id/268910001\">268910001</a></td><td>Patient's condition improved</td></tr><tr><td><a href=\"http://snomed.info/id/359746009\">359746009</a></td><td>Patient's condition stable</td></tr><tr><td><a href=\"http://snomed.info/id/271299001\">271299001</a></td><td>Patient's condition worsened</td></tr></table></li></ul></div>"},"url":"https://2rdoc.pt/ig/ios-lifestyle-medicine/ValueSet/hrv-inflammation-trend-vs","version":"0.1.0","name":"HRVInflammationTrendVS","title":"HRV-Inflammation Trend ValueSet","status":"active","experimental":false,"date":"2025-11-27T11:57:11+00:00","publisher":"Ricardo Lourenço dos Santos","contact":[{"name":"Ricardo Lourenço dos Santos","telecom":[{"system":"url","value":"https://linktr.ee/ricardolsantos"}]}],"description":"Trend direction for HRV-Inflammation correlation assessment.\nUses SNOMED-CT codes from mCODE (minimal Common Oncology Data Elements) IG.\n\nSource: HL7 mCODE Implementation Guide v4.0.0\n  - https://build.fhir.org/ig/HL7/fhir-mCODE-ig/ValueSet-mcode-condition-status-trend-vs.html\n\nSNOMED-CT codes validated via mCODE IG (HL7 International / Clinical Interoperability Council).","jurisdiction":[{"coding":[{"system":"http://unstats.un.org/unsd/methods/m49/m49.htm","code":"150","display":"Europe"}]},{"coding":[{"system":"http://unstats.un.org/unsd/methods/m49/m49.htm","code":"021","display":"Northern America a/"}]},{"coding":[{"system":"http://unstats.un.org/unsd/methods/m49/m49.htm","code":"005","display":"South America"}]},{"coding":[{"system":"urn:iso:std:iso:3166","code":"PT","display":"Portugal"}]},{"coding":[{"system":"urn:iso:std:iso:3166","code":"US","display":"United States of America"}]},{"coding":[{"system":"urn:iso:std:iso:3166","code":"BR","display":"Brazil"}]}],"copyright":"This value set includes content from SNOMED CT, which is copyright © 2002+ International Health Terminology Standards Development Organisation (IHTSDO)","compose":{"include":[{"system":"http://snomed.info/sct","concept":[{"code":"268910001","display":"Patient's condition improved"},{"code":"359746009","display":"Patient's condition stable"},{"code":"271299001","display":"Patient's condition worsened"}]}]}}