{"resourceType":"ValueSet","id":"mindfulness-type","text":{"status":"generated","div":"<div xmlns=\"http://www.w3.org/1999/xhtml\"><p class=\"res-header-id\"><b>Narrativa gerada: ValueSet mindfulness-type</b></p><a name=\"mindfulness-type\"> </a><a name=\"hcmindfulness-type\"> </a><ul><li>Include todos os códigos definidos em <code>https://2rdoc.pt/fhir/CodeSystem/mindfulness-type</code></li></ul></div>"},"url":"https://2rdoc.pt/fhir/ValueSet/mindfulness-type","version":"0.1.0","name":"MindfulnessTypeValueSet","title":"Mindfulness Type Value Set","status":"active","date":"2025-08-20T17:48:34+01:00","publisher":"Ricardo Lourenço dos Santos","contact":[{"name":"Ricardo Lourenço dos Santos","telecom":[{"system":"url","value":"https://linktr.ee/ricardolsantos"}]}],"description":"Value set for types of mindfulness practices","compose":{"include":[{"system":"https://2rdoc.pt/fhir/CodeSystem/mindfulness-type"}]}}