{"resourceType":"ValueSet","id":"symptom-impact-vs","text":{"status":"generated","div":"<div xmlns=\"http://www.w3.org/1999/xhtml\"><p class=\"res-header-id\"><b>Narrativa gerada: ValueSet symptom-impact-vs</b></p><a name=\"symptom-impact-vs\"> </a><a name=\"hcsymptom-impact-vs\"> </a><ul><li>Include todos os códigos definidos em <a href=\"CodeSystem-symptom-impact-cs.html\"><code>https://2rdoc.pt/ig/ios-lifestyle-medicine/CodeSystem/symptom-impact-cs</code></a></li></ul></div>"},"url":"https://2rdoc.pt/ig/ios-lifestyle-medicine/ValueSet/symptom-impact-vs","version":"0.1.0","name":"SymptomImpactVS","title":"Symptom Impact Value Set","status":"draft","date":"2025-08-20T10:40:04+01:00","publisher":"Ricardo Lourenço dos Santos","contact":[{"name":"Ricardo Lourenço dos Santos","telecom":[{"system":"url","value":"https://linktr.ee/ricardolsantos"}]}],"description":"Impact levels for symptoms","compose":{"include":[{"system":"https://2rdoc.pt/ig/ios-lifestyle-medicine/CodeSystem/symptom-impact-cs"}]}}