{"resourceType":"ValueSet","id":"reproductive-activity-vs","text":{"status":"generated","div":"<div xmlns=\"http://www.w3.org/1999/xhtml\"><p class=\"res-header-id\"><b>Narrativa gerada: ValueSet reproductive-activity-vs</b></p><a name=\"reproductive-activity-vs\"> </a><a name=\"hcreproductive-activity-vs\"> </a><ul><li>Include todos os códigos definidos em <a href=\"CodeSystem-reproductive-activity-cs.html\"><code>https://2rdoc.pt/ig/ios-lifestyle-medicine/CodeSystem/reproductive-activity-cs</code></a></li></ul></div>"},"url":"https://2rdoc.pt/ig/ios-lifestyle-medicine/ValueSet/reproductive-activity-vs","version":"0.1.0","name":"ReproductiveActivityVS","title":"Reproductive Health Activities Value Set","status":"active","experimental":false,"date":"2024-03-19","publisher":"Ricardo Lourenço dos Santos","contact":[{"name":"Ricardo Lourenço dos Santos","telecom":[{"system":"url","value":"https://linktr.ee/ricardolsantos"}]}],"description":"Activities related to reproductive health monitoring","compose":{"include":[{"system":"https://2rdoc.pt/ig/ios-lifestyle-medicine/CodeSystem/reproductive-activity-cs"}]}}