{"resourceType":"ValueSet","id":"stress-triggers-vs","text":{"status":"generated","div":"<div xmlns=\"http://www.w3.org/1999/xhtml\"><p class=\"res-header-id\"><b>Generated Narrative: ValueSet stress-triggers-vs</b></p><a name=\"stress-triggers-vs\"> </a><a name=\"hcstress-triggers-vs\"> </a><a name=\"stress-triggers-vs-en-US\"> </a><ul><li>Include all codes defined in <a href=\"CodeSystem-stress-triggers-cs.html\"><code>https://github.com/RicardoLSantos/shorthand/CodeSystem/stress-triggers-cs</code></a></li></ul></div>"},"url":"https://github.com/RicardoLSantos/shorthand/ValueSet/stress-triggers-vs","version":"0.1.0","name":"StressTriggersVS","title":"Stress Triggers Value Set","status":"draft","date":"2025-01-14T13:24:18+00:00","publisher":"Ricardo Lourenço dos Santos","contact":[{"name":"Ricardo Lourenço dos Santos","telecom":[{"system":"url","value":"https://linktr.ee/ricardolsantos"}]}],"description":"Value set for common stress triggers","compose":{"include":[{"system":"https://github.com/RicardoLSantos/shorthand/CodeSystem/stress-triggers-cs"}]}}