{"resourceType":"ValueSet","id":"risk-level","text":{"status":"generated","div":"<div xmlns=\"http://www.w3.org/1999/xhtml\"><p class=\"res-header-id\"><b>Narrativa gerada: ValueSet risk-level</b></p><a name=\"risk-level\"> </a><a name=\"hcrisk-level\"> </a><ul><li>Include todos os códigos definidos em <code>https://2rdoc.pt/fhir/CodeSystem/risk-level</code></li></ul></div>"},"url":"https://2rdoc.pt/fhir/ValueSet/risk-level","version":"0.1.0","name":"RiskLevelValueSet","title":"Risk Level Value Set","status":"active","date":"2025-08-20T10:40:04+01:00","publisher":"Ricardo Lourenço dos Santos","contact":[{"name":"Ricardo Lourenço dos Santos","telecom":[{"system":"url","value":"https://linktr.ee/ricardolsantos"}]}],"description":"Value set for general risk levels","compose":{"include":[{"system":"https://2rdoc.pt/fhir/CodeSystem/risk-level"}]}}