{"resourceType":"ValueSet","id":"stress-coping-vs","text":{"status":"generated","div":"<div xmlns=\"http://www.w3.org/1999/xhtml\"><p class=\"res-header-id\"><b>Narrativa gerada: ValueSet stress-coping-vs</b></p><a name=\"stress-coping-vs\"> </a><a name=\"hcstress-coping-vs\"> </a><ul><li>Include todos os códigos definidos em <a href=\"CodeSystem-stress-coping-cs.html\"><code>https://2rdoc.pt/ig/ios-lifestyle-medicine/CodeSystem/stress-coping-cs</code></a></li></ul></div>"},"url":"https://2rdoc.pt/ig/ios-lifestyle-medicine/ValueSet/stress-coping-vs","version":"0.1.0","name":"StressCopingVS","title":"Stress Coping Value Set","status":"draft","date":"2025-08-20T10:40:04+01:00","publisher":"Ricardo Lourenço dos Santos","contact":[{"name":"Ricardo Lourenço dos Santos","telecom":[{"system":"url","value":"https://linktr.ee/ricardolsantos"}]}],"description":"Value set for stress coping mechanisms","compose":{"include":[{"system":"https://2rdoc.pt/ig/ios-lifestyle-medicine/CodeSystem/stress-coping-cs"}]}}