{"resourceType":"ValueSet","id":"measurement-quality-vs","text":{"status":"generated","div":"<div xmlns=\"http://www.w3.org/1999/xhtml\"><p class=\"res-header-id\"><b>Generated Narrative: ValueSet measurement-quality-vs</b></p><a name=\"measurement-quality-vs\"> </a><a name=\"hcmeasurement-quality-vs\"> </a><a name=\"measurement-quality-vs-en-US\"> </a><ul><li>Include all codes defined in <a href=\"CodeSystem-measurement-quality-cs.html\"><code>https://github.com/RicardoLSantos/shorthand/CodeSystem/measurement-quality-cs</code></a></li></ul></div>"},"url":"https://github.com/RicardoLSantos/shorthand/ValueSet/measurement-quality-vs","version":"0.1.0","name":"MeasurementQualityVS","title":"Measurement Quality Value Set","status":"draft","experimental":true,"date":"2025-01-02T19:32:36+00:00","publisher":"Ricardo Lourenço dos Santos","contact":[{"name":"Ricardo Lourenço dos Santos","telecom":[{"system":"url","value":"https://linktr.ee/ricardolsantos"}]}],"description":"Value set for measurement quality indicators","compose":{"include":[{"system":"https://github.com/RicardoLSantos/shorthand/CodeSystem/measurement-quality-cs"}]}}