{"resourceType":"ValueSet","id":"circadian-phase-vs","text":{"status":"generated","div":"<div xmlns=\"http://www.w3.org/1999/xhtml\"><p class=\"res-header-id\"><b>Generated Narrative: ValueSet circadian-phase-vs</b></p><a name=\"circadian-phase-vs\"> </a><a name=\"hccircadian-phase-vs\"> </a><a name=\"circadian-phase-vs-en-US\"> </a><ul><li>Include all codes defined in <a href=\"CodeSystem-circadian-phase-cs.html\"><code>https://github.com/RicardoLSantos/shorthand/CodeSystem/circadian-phase-cs</code></a></li></ul></div>"},"url":"https://github.com/RicardoLSantos/shorthand/ValueSet/circadian-phase-vs","version":"0.1.0","name":"CircadianPhaseVS","title":"Circadian Phase Value Set","status":"draft","experimental":true,"date":"2025-01-02T17:46:41+00:00","publisher":"Ricardo Lourenço dos Santos","contact":[{"name":"Ricardo Lourenço dos Santos","telecom":[{"system":"url","value":"https://linktr.ee/ricardolsantos"}]}],"description":"Value set for circadian rhythm phases","compose":{"include":[{"system":"https://github.com/RicardoLSantos/shorthand/CodeSystem/circadian-phase-cs"}]}}