{"resourceType":"ValueSet","id":"mindfulness-type","text":{"status":"generated","div":"<div xmlns=\"http://www.w3.org/1999/xhtml\"><p class=\"res-header-id\"><b>Generated Narrative: ValueSet mindfulness-type</b></p><a name=\"mindfulness-type\"> </a><a name=\"hcmindfulness-type\"> </a><a name=\"mindfulness-type-en-US\"> </a><ul><li>Include all codes defined in <code>http://example.org/fhir/CodeSystem/mindfulness-type</code></li></ul></div>"},"url":"http://example.org/fhir/ValueSet/mindfulness-type","version":"0.1.0","name":"MindfulnessTypeValueSet","title":"Mindfulness Type Value Set","status":"active","date":"2025-01-24T12:30:11+00:00","publisher":"Ricardo Lourenço dos Santos","contact":[{"name":"Ricardo Lourenço dos Santos","telecom":[{"system":"url","value":"https://linktr.ee/ricardolsantos"}]}],"description":"Value set for types of mindfulness practices","compose":{"include":[{"system":"http://example.org/fhir/CodeSystem/mindfulness-type"}]}}