{"resourceType":"ValueSet","id":"advanced-vital-signs-context-vs","text":{"status":"generated","div":"<div xmlns=\"http://www.w3.org/1999/xhtml\"><p class=\"res-header-id\"><b>Narrativa gerada: ValueSet advanced-vital-signs-context-vs</b></p><a name=\"advanced-vital-signs-context-vs\"> </a><a name=\"hcadvanced-vital-signs-context-vs\"> </a><ul><li>Include todos os códigos definidos em <a href=\"CodeSystem-advanced-vital-signs-context-cs.html\"><code>https://2rdoc.pt/ig/ios-lifestyle-medicine/CodeSystem/advanced-vital-signs-context-cs</code></a></li></ul></div>"},"url":"https://2rdoc.pt/ig/ios-lifestyle-medicine/ValueSet/advanced-vital-signs-context-vs","version":"0.1.0","name":"AdvancedVitalSignsContextVS","title":"Advanced Vital Signs Context Value Set","status":"active","experimental":true,"date":"2025-10-01T23:24:47+01:00","publisher":"Ricardo Lourenço dos Santos","contact":[{"name":"Ricardo Lourenço dos Santos","telecom":[{"system":"url","value":"https://linktr.ee/ricardolsantos"}]}],"description":"Context codes for advanced vital sign measurements","jurisdiction":[{"coding":[{"system":"http://unstats.un.org/unsd/methods/m49/m49.htm","code":"150","display":"Europe"}]},{"coding":[{"system":"http://unstats.un.org/unsd/methods/m49/m49.htm","code":"021","display":"Northern America a/"}]},{"coding":[{"system":"http://unstats.un.org/unsd/methods/m49/m49.htm","code":"005","display":"South America"}]},{"coding":[{"system":"urn:iso:std:iso:3166","code":"PT","display":"Portugal"}]},{"coding":[{"system":"urn:iso:std:iso:3166","code":"US","display":"United States of America"}]},{"coding":[{"system":"urn:iso:std:iso:3166","code":"BR","display":"Brazil"}]}],"compose":{"include":[{"system":"https://2rdoc.pt/ig/ios-lifestyle-medicine/CodeSystem/advanced-vital-signs-context-cs"}]}}