{"resourceType":"ValueSet","id":"social-activity-vs","text":{"status":"generated","div":"<div xmlns=\"http://www.w3.org/1999/xhtml\"><p class=\"res-header-id\"><b>Generated Narrative: ValueSet social-activity-vs</b></p><a name=\"social-activity-vs\"> </a><a name=\"hcsocial-activity-vs\"> </a><a name=\"social-activity-vs-en-US\"> </a><ul><li>Include all codes defined in <a href=\"CodeSystem-social-activity-cs.html\"><code>https://github.com/RicardoLSantos/shorthand/CodeSystem/social-activity-cs</code></a></li></ul></div>"},"url":"https://github.com/RicardoLSantos/shorthand/ValueSet/social-activity-vs","version":"0.1.0","name":"SocialActivityVS","title":"Social Activity Value Set","status":"draft","date":"2025-01-14T13:24:18+00:00","publisher":"Ricardo Lourenço dos Santos","contact":[{"name":"Ricardo Lourenço dos Santos","telecom":[{"system":"url","value":"https://linktr.ee/ricardolsantos"}]}],"description":"Value set for types of social activities","compose":{"include":[{"system":"https://github.com/RicardoLSantos/shorthand/CodeSystem/social-activity-cs"}]}}