{"resourceType":"ValueSet","id":"stress-chronicity-vs","text":{"status":"generated","div":"<div xmlns=\"http://www.w3.org/1999/xhtml\"><p class=\"res-header-id\"><b>Generated Narrative: ValueSet stress-chronicity-vs</b></p><a name=\"stress-chronicity-vs\"> </a><a name=\"hcstress-chronicity-vs\"> </a><a name=\"stress-chronicity-vs-en-US\"> </a><ul><li>Include all codes defined in <a href=\"CodeSystem-stress-chronicity-cs.html\"><code>https://github.com/RicardoLSantos/shorthand/CodeSystem/stress-chronicity-cs</code></a></li></ul></div>"},"url":"https://github.com/RicardoLSantos/shorthand/ValueSet/stress-chronicity-vs","version":"0.1.0","name":"StressChronicityVS","title":"Stress Chronicity Value Set","status":"draft","date":"2025-01-04T22:47:01+00:00","publisher":"Ricardo Lourenço dos Santos","contact":[{"name":"Ricardo Lourenço dos Santos","telecom":[{"system":"url","value":"https://linktr.ee/ricardolsantos"}]}],"description":"Value set for classifying stress chronicity","compose":{"include":[{"system":"https://github.com/RicardoLSantos/shorthand/CodeSystem/stress-chronicity-cs"}]}}