{"resourceType":"ValueSet","id":"measurement-conditions-vs","text":{"status":"generated","div":"<div xmlns=\"http://www.w3.org/1999/xhtml\"><p class=\"res-header-id\"><b>Generated Narrative: ValueSet measurement-conditions-vs</b></p><a name=\"measurement-conditions-vs\"> </a><a name=\"hcmeasurement-conditions-vs\"> </a><a name=\"measurement-conditions-vs-en-US\"> </a><ul><li>Include these codes as defined in <a href=\"http://www.snomed.org/\"><code>http://snomed.info/sct</code></a><table class=\"none\"><tr><td style=\"white-space:nowrap\"><b>Code</b></td><td><b>Display</b></td></tr><tr><td><a href=\"http://snomed.info/id/307818003\">307818003</a></td><td>Pre-breakfast</td></tr><tr><td><a href=\"http://snomed.info/id/307819006\">307819006</a></td><td>Post-exercise</td></tr><tr><td><a href=\"http://snomed.info/id/307820000\">307820000</a></td><td>Wearing light clothing</td></tr><tr><td><a href=\"http://snomed.info/id/255203001\">255203001</a></td><td>First thing in morning</td></tr><tr><td><a href=\"http://snomed.info/id/255214005\">255214005</a></td><td>After void</td></tr><tr><td><a href=\"http://snomed.info/id/309604004\">309604004</a></td><td>During rest</td></tr></table></li></ul></div>"},"url":"https://github.com/RicardoLSantos/shorthand/ValueSet/measurement-conditions-vs","version":"0.1.0","name":"MeasurementConditionsVS","title":"Measurement Conditions Value Set","status":"draft","date":"2025-01-03T09:54:59+00:00","publisher":"Ricardo Lourenço dos Santos","contact":[{"name":"Ricardo Lourenço dos Santos","telecom":[{"system":"url","value":"https://linktr.ee/ricardolsantos"}]}],"description":"Standard conditions under which measurements are taken","compose":{"include":[{"system":"http://snomed.info/sct","concept":[{"code":"307818003","display":"Pre-breakfast"},{"code":"307819006","display":"Post-exercise"},{"code":"307820000","display":"Wearing light clothing"},{"code":"255203001","display":"First thing in morning"},{"code":"255214005","display":"After void"},{"code":"309604004","display":"During rest"}]}]}}