{"resourceType":"ValueSet","id":"exposure-conditions-vs","text":{"status":"generated","div":"<div xmlns=\"http://www.w3.org/1999/xhtml\"><p class=\"res-header-id\"><b>Generated Narrative: ValueSet exposure-conditions-vs</b></p><a name=\"exposure-conditions-vs\"> </a><a name=\"hcexposure-conditions-vs\"> </a><a name=\"exposure-conditions-vs-en-US\"> </a><ul><li>Include all codes defined in <a href=\"CodeSystem-exposure-conditions-cs.html\"><code>https://github.com/RicardoLSantos/shorthand/CodeSystem/exposure-conditions-cs</code></a></li></ul></div>"},"url":"https://github.com/RicardoLSantos/shorthand/ValueSet/exposure-conditions-vs","version":"0.1.0","name":"ExposureConditionsVS","title":"Exposure Conditions Value Set","status":"draft","experimental":true,"date":"2025-01-04T22:09:55+00:00","publisher":"Ricardo Lourenço dos Santos","contact":[{"name":"Ricardo Lourenço dos Santos","telecom":[{"system":"url","value":"https://linktr.ee/ricardolsantos"}]}],"description":"Value set for environmental exposure conditions","compose":{"include":[{"system":"https://github.com/RicardoLSantos/shorthand/CodeSystem/exposure-conditions-cs"}]}}