{"resourceType":"ValueSet","id":"trend-direction-vs","text":{"status":"generated","div":"<div xmlns=\"http://www.w3.org/1999/xhtml\"><p class=\"res-header-id\"><b>Narrativa gerada: ValueSet trend-direction-vs</b></p><a name=\"trend-direction-vs\"> </a><a name=\"hctrend-direction-vs\"> </a><ul><li>Include todos os códigos definidos em <a href=\"CodeSystem-trend-direction-cs.html\"><code>https://2rdoc.pt/ig/ios-lifestyle-medicine/CodeSystem/trend-direction-cs</code></a></li></ul></div>"},"url":"https://2rdoc.pt/ig/ios-lifestyle-medicine/ValueSet/trend-direction-vs","version":"0.1.0","name":"TrendDirectionVS","title":"Trend Direction ValueSet","status":"active","experimental":false,"date":"2025-11-30T13:08:37+00:00","publisher":"Ricardo Lourenço dos Santos","contact":[{"name":"Ricardo Lourenço dos Santos","telecom":[{"system":"url","value":"https://linktr.ee/ricardolsantos"}]}],"description":"Directions of trends in health metrics over time","jurisdiction":[{"coding":[{"system":"http://unstats.un.org/unsd/methods/m49/m49.htm","code":"150","display":"Europe"}]},{"coding":[{"system":"http://unstats.un.org/unsd/methods/m49/m49.htm","code":"021","display":"Northern America a/"}]},{"coding":[{"system":"http://unstats.un.org/unsd/methods/m49/m49.htm","code":"005","display":"South America"}]},{"coding":[{"system":"urn:iso:std:iso:3166","code":"PT","display":"Portugal"}]},{"coding":[{"system":"urn:iso:std:iso:3166","code":"US","display":"United States of America"}]},{"coding":[{"system":"urn:iso:std:iso:3166","code":"BR","display":"Brazil"}]}],"compose":{"include":[{"system":"https://2rdoc.pt/ig/ios-lifestyle-medicine/CodeSystem/trend-direction-cs"}]}}