{"resourceType":"ValueSet","id":"measurement-device-type-vs","text":{"status":"generated","div":"<div xmlns=\"http://www.w3.org/1999/xhtml\"><p class=\"res-header-id\"><b>Narrativa gerada: ValueSet measurement-device-type-vs</b></p><a name=\"measurement-device-type-vs\"> </a><a name=\"hcmeasurement-device-type-vs\"> </a><ul><li>Include estes códigos, tal como definidos em <a href=\"http://www.snomed.org/\"><code>http://snomed.info/sct</code></a><table class=\"none\"><tr><td style=\"white-space:nowrap\"><b>Código</b></td><td><b>Ecrã</b></td></tr><tr><td><a href=\"http://snomed.info/id/5159002\">5159002</a></td><td>Physiologic monitoring system</td></tr><tr><td><a href=\"http://snomed.info/id/706767009\">706767009</a></td><td>Patient data recorder</td></tr><tr><td><a href=\"http://snomed.info/id/49062001\">49062001</a></td><td>Device</td></tr><tr><td><a href=\"http://snomed.info/id/13288007\">13288007</a></td><td>Monitor</td></tr><tr><td><a href=\"http://snomed.info/id/444699000\">444699000</a></td><td>Tape measure</td></tr><tr><td><a href=\"http://snomed.info/id/44056008\">44056008</a></td><td>Digital scale</td></tr></table></li></ul></div>"},"url":"https://2rdoc.pt/ig/ios-lifestyle-medicine/ValueSet/measurement-device-type-vs","version":"0.1.0","name":"MeasurementDeviceTypeVS","title":"Measurement Device Type Value Set","status":"active","experimental":false,"date":"2025-10-02T11:12:29+01:00","publisher":"Ricardo Lourenço dos Santos","contact":[{"name":"Ricardo Lourenço dos Santos","telecom":[{"system":"url","value":"https://linktr.ee/ricardolsantos"}]}],"description":"Types of devices used for health and body measurements","useContext":[{"code":{"system":"http://terminology.hl7.org/CodeSystem/usage-context-type","code":"program"},"valueCodeableConcept":{"text":"iOS Lifestyle Medicine"}}],"jurisdiction":[{"coding":[{"system":"http://unstats.un.org/unsd/methods/m49/m49.htm","code":"150","display":"Europe"}]},{"coding":[{"system":"http://unstats.un.org/unsd/methods/m49/m49.htm","code":"021","display":"Northern America a/"}]},{"coding":[{"system":"http://unstats.un.org/unsd/methods/m49/m49.htm","code":"005","display":"South America"}]},{"coding":[{"system":"urn:iso:std:iso:3166","code":"PT","display":"Portugal"}]},{"coding":[{"system":"urn:iso:std:iso:3166","code":"US","display":"United States of America"}]},{"coding":[{"system":"urn:iso:std:iso:3166","code":"BR","display":"Brazil"}]}],"compose":{"include":[{"system":"http://snomed.info/sct","concept":[{"code":"5159002","display":"Physiologic monitoring system"},{"code":"706767009","display":"Patient data recorder"},{"code":"49062001","display":"Device"},{"code":"13288007","display":"Monitor"},{"code":"444699000","display":"Tape measure"},{"code":"44056008","display":"Digital scale"}]}]}}