{"resourceType":"ValueSet","id":"stress-chronicity-vs","text":{"status":"generated","div":"<div xmlns=\"http://www.w3.org/1999/xhtml\"><p class=\"res-header-id\"><b>Narrativa gerada: ValueSet stress-chronicity-vs</b></p><a name=\"stress-chronicity-vs\"> </a><a name=\"hcstress-chronicity-vs\"> </a><ul><li>Include todos os códigos definidos em <a href=\"CodeSystem-stress-chronicity-cs.html\"><code>https://2rdoc.pt/ig/ios-lifestyle-medicine/CodeSystem/stress-chronicity-cs</code></a></li></ul></div>"},"url":"https://2rdoc.pt/ig/ios-lifestyle-medicine/ValueSet/stress-chronicity-vs","version":"0.1.0","name":"StressChronicityVS","title":"Stress Chronicity Value Set","status":"active","experimental":false,"date":"2025-10-03T16:37:46+01:00","publisher":"Ricardo Lourenço dos Santos","contact":[{"name":"Ricardo Lourenço dos Santos","telecom":[{"system":"url","value":"https://linktr.ee/ricardolsantos"}]}],"description":"Value set for classifying stress chronicity","jurisdiction":[{"coding":[{"system":"http://unstats.un.org/unsd/methods/m49/m49.htm","code":"150","display":"Europe"}]},{"coding":[{"system":"http://unstats.un.org/unsd/methods/m49/m49.htm","code":"021","display":"Northern America a/"}]},{"coding":[{"system":"http://unstats.un.org/unsd/methods/m49/m49.htm","code":"005","display":"South America"}]},{"coding":[{"system":"urn:iso:std:iso:3166","code":"PT","display":"Portugal"}]},{"coding":[{"system":"urn:iso:std:iso:3166","code":"US","display":"United States of America"}]},{"coding":[{"system":"urn:iso:std:iso:3166","code":"BR","display":"Brazil"}]}],"compose":{"include":[{"system":"https://2rdoc.pt/ig/ios-lifestyle-medicine/CodeSystem/stress-chronicity-cs"}]}}