{"resourceType":"ValueSet","id":"fertility-status-valueset","text":{"status":"generated","div":"<div xmlns=\"http://www.w3.org/1999/xhtml\"><p class=\"res-header-id\"><b>Generated Narrative: ValueSet fertility-status-valueset</b></p><a name=\"fertility-status-valueset\"> </a><a name=\"hcfertility-status-valueset\"> </a><a name=\"fertility-status-valueset-en-US\"> </a><ul><li>Include all codes defined in <a href=\"CodeSystem-fertility-status-cs.html\"><code>http://example.org/fhir/CodeSystem/fertility-status-cs</code></a></li></ul></div>"},"url":"http://example.org/fhir/ValueSet/fertility-status-vs","version":"0.1.0","name":"FertilityStatusValueSet","title":"Fertility Status Value Set","status":"active","date":"2025-01-14T13:24:18+00:00","publisher":"Ricardo Lourenço dos Santos","contact":[{"name":"Ricardo Lourenço dos Santos","telecom":[{"system":"url","value":"https://linktr.ee/ricardolsantos"}]}],"description":"Value set for fertility status","compose":{"include":[{"system":"http://example.org/fhir/CodeSystem/fertility-status-cs"}]}}