{"resourceType":"ValueSet","id":"mindfulness-outcome-vs","text":{"status":"generated","div":"<div xmlns=\"http://www.w3.org/1999/xhtml\"><p class=\"res-header-id\"><b>Generated Narrative: ValueSet mindfulness-outcome-vs</b></p><a name=\"mindfulness-outcome-vs\"> </a><a name=\"hcmindfulness-outcome-vs\"> </a><a name=\"mindfulness-outcome-vs-en-US\"> </a><p>This value set includes codes based on the following rules:</p><ul><li>Include all codes defined in <a href=\"CodeSystem-mindfulness-outcome-cs.html\"><code>https://github.com/RicardoLSantos/shorthand/CodeSystem/mindfulness-outcome-cs</code></a></li><li>Include these codes as defined in <a href=\"http://www.snomed.org/\"><code>http://snomed.info/sct</code></a><table class=\"none\"><tr><td style=\"white-space:nowrap\"><b>Code</b></td><td><b>Display</b></td></tr><tr><td><a href=\"http://snomed.info/id/365949003\">365949003</a></td><td>Finding of level of stress</td></tr><tr><td><a href=\"http://snomed.info/id/373931001\">373931001</a></td><td>Mood finding</td></tr></table></li></ul></div>"},"url":"https://github.com/RicardoLSantos/shorthand/ValueSet/mindfulness-outcome-vs","version":"0.1.0","name":"MindfulnessOutcomeVS","title":"Mindfulness Outcomes Value Set","status":"draft","experimental":false,"date":"2025-01-04T22:47:01+00:00","publisher":"Ricardo Lourenço dos Santos","contact":[{"name":"Ricardo Lourenço dos Santos","telecom":[{"system":"url","value":"https://linktr.ee/ricardolsantos"}]}],"description":"Value set for mindfulness practice outcomes","compose":{"include":[{"system":"https://github.com/RicardoLSantos/shorthand/CodeSystem/mindfulness-outcome-cs"},{"system":"http://snomed.info/sct","concept":[{"code":"365949003","display":"Finding of level of stress"},{"code":"373931001","display":"Mood finding"}]}]}}