{"resourceType":"ValueSet","id":"mobility-decline-outcomes","text":{"status":"generated","div":"<div xmlns=\"http://www.w3.org/1999/xhtml\"><p class=\"res-header-id\"><b>Narrativa gerada: ValueSet mobility-decline-outcomes</b></p><a name=\"mobility-decline-outcomes\"> </a><a name=\"hcmobility-decline-outcomes\"> </a><ul><li>Include todos os códigos definidos em <code>https://2rdoc.pt/fhir/CodeSystem/mobility-decline-outcomes</code></li></ul></div>"},"url":"https://2rdoc.pt/fhir/ValueSet/mobility-decline-outcomes","version":"0.1.0","name":"MobilityDeclineOutcomesValueSet","title":"Mobility Decline Outcomes Value Set","status":"active","date":"2025-08-20T10:40:04+01:00","publisher":"Ricardo Lourenço dos Santos","contact":[{"name":"Ricardo Lourenço dos Santos","telecom":[{"system":"url","value":"https://linktr.ee/ricardolsantos"}]}],"description":"Value set for mobility decline assessment outcomes","compose":{"include":[{"system":"https://2rdoc.pt/fhir/CodeSystem/mobility-decline-outcomes"}]}}