{"resourceType":"ValueSet","id":"measurement-context-vs","text":{"status":"generated","div":"<div xmlns=\"http://www.w3.org/1999/xhtml\"><p class=\"res-header-id\"><b>Narrativa gerada: ValueSet measurement-context-vs</b></p><a name=\"measurement-context-vs\"> </a><a name=\"hcmeasurement-context-vs\"> </a><ul><li>Include estes códigos, tal como definidos em <a href=\"http://www.snomed.org/\"><code>http://snomed.info/sct</code></a><table class=\"none\"><tr><td style=\"white-space:nowrap\"><b>Código</b></td><td><b>Ecrã</b></td></tr><tr><td><a href=\"http://snomed.info/id/272125009\">272125009</a></td><td>Assessment context value (qualifier value)</td></tr><tr><td><a href=\"http://snomed.info/id/307818003\">307818003</a></td><td>Before food</td></tr><tr><td><a href=\"http://snomed.info/id/307819006\">307819006</a></td><td>After food</td></tr><tr><td><a href=\"http://snomed.info/id/255214003\">255214003</a></td><td>After exercise</td></tr><tr><td><a href=\"http://snomed.info/id/264362003\">264362003</a></td><td>Time of day</td></tr></table></li></ul></div>"},"url":"https://2rdoc.pt/ig/ios-lifestyle-medicine/ValueSet/measurement-context-vs","version":"0.1.0","name":"MeasurementContextVS","title":"Measurement Context Value Set","status":"active","experimental":false,"date":"2025-11-30T13:08:37+00:00","publisher":"Ricardo Lourenço dos Santos","contact":[{"name":"Ricardo Lourenço dos Santos","telecom":[{"system":"url","value":"https://linktr.ee/ricardolsantos"}]}],"description":"Contexts in which measurements can be taken, including temporal and location-based contexts","useContext":[{"code":{"system":"http://terminology.hl7.org/CodeSystem/usage-context-type","code":"program"},"valueCodeableConcept":{"text":"iOS Lifestyle Medicine"}}],"jurisdiction":[{"coding":[{"system":"http://unstats.un.org/unsd/methods/m49/m49.htm","code":"150","display":"Europe"}]},{"coding":[{"system":"http://unstats.un.org/unsd/methods/m49/m49.htm","code":"021","display":"Northern America a/"}]},{"coding":[{"system":"http://unstats.un.org/unsd/methods/m49/m49.htm","code":"005","display":"South America"}]},{"coding":[{"system":"urn:iso:std:iso:3166","code":"PT","display":"Portugal"}]},{"coding":[{"system":"urn:iso:std:iso:3166","code":"US","display":"United States of America"}]},{"coding":[{"system":"urn:iso:std:iso:3166","code":"BR","display":"Brazil"}]}],"compose":{"include":[{"system":"http://snomed.info/sct","concept":[{"code":"272125009","display":"Assessment context value (qualifier value)"},{"code":"307818003","display":"Before food"},{"code":"307819006","display":"After food"},{"code":"255214003","display":"After exercise"},{"code":"264362003","display":"Time of day"}]}]}}