{"resourceType":"ValueSet","id":"mindfulness-snomed-vs","text":{"status":"generated","div":"<div xmlns=\"http://www.w3.org/1999/xhtml\"><p class=\"res-header-id\"><b>Narrativa gerada: ValueSet mindfulness-snomed-vs</b></p><a name=\"mindfulness-snomed-vs\"> </a><a name=\"hcmindfulness-snomed-vs\"> </a><p>Este conjunto de valores inclui códigos baseados nas seguintes regras:</p><ul/></div>"},"url":"https://2rdoc.pt/ig/ios-lifestyle-medicine/ValueSet/mindfulness-snomed-vs","version":"0.1.0","name":"MindfulnessSNOMEDVS","title":"Mindfulness SNOMED CT Value Set","status":"active","experimental":false,"date":"2025-11-28T14:35:57+00:00","publisher":"Ricardo Lourenço dos Santos","contact":[{"name":"Ricardo Lourenço dos Santos","telecom":[{"system":"url","value":"https://linktr.ee/ricardolsantos"}]}],"description":"SNOMED CT codes for mindfulness-related concepts","jurisdiction":[{"coding":[{"system":"http://unstats.un.org/unsd/methods/m49/m49.htm","code":"150","display":"Europe"}]},{"coding":[{"system":"http://unstats.un.org/unsd/methods/m49/m49.htm","code":"021","display":"Northern America a/"}]},{"coding":[{"system":"http://unstats.un.org/unsd/methods/m49/m49.htm","code":"005","display":"South America"}]},{"coding":[{"system":"urn:iso:std:iso:3166","code":"PT","display":"Portugal"}]},{"coding":[{"system":"urn:iso:std:iso:3166","code":"US","display":"United States of America"}]},{"coding":[{"system":"urn:iso:std:iso:3166","code":"BR","display":"Brazil"}]}],"copyright":"This value set includes content from SNOMED CT, which is copyright © 2002+ International Health Terminology Standards Development Organisation (IHTSDO)"}