{"resourceType":"ValueSet","id":"environment-type","text":{"status":"generated","div":"<div xmlns=\"http://www.w3.org/1999/xhtml\"><p class=\"res-header-id\"><b>Generated Narrative: ValueSet environment-type</b></p><a name=\"environment-type\"> </a><a name=\"hcenvironment-type\"> </a><a name=\"environment-type-en-US\"> </a><ul><li>Include all codes defined in <code>http://example.org/fhir/CodeSystem/environment-type</code></li></ul></div>"},"url":"http://example.org/fhir/ValueSet/environment-type","version":"0.1.0","name":"EnvironmentTypeValueSet","title":"Environment Type Value Set","status":"active","date":"2025-01-04T21:28:42+00:00","publisher":"Ricardo Lourenço dos Santos","contact":[{"name":"Ricardo Lourenço dos Santos","telecom":[{"system":"url","value":"https://linktr.ee/ricardolsantos"}]}],"description":"Value set for environmental context types","compose":{"include":[{"system":"http://example.org/fhir/CodeSystem/environment-type"}]}}