{"resourceType":"ValueSet","id":"pghd-provenance-activity-vs","text":{"status":"extensions","div":"<div xmlns=\"http://www.w3.org/1999/xhtml\"><p class=\"res-header-id\"><b>Narrativa gerada: ValueSet pghd-provenance-activity-vs</b></p><a name=\"pghd-provenance-activity-vs\"> </a><a name=\"hcpghd-provenance-activity-vs\"> </a><p>Este conjunto de valores inclui códigos baseados nas seguintes regras:</p><ul><li>Incluir estes códigos, tal como definidos em <a href=\"http://terminology.hl7.org/7.0.0/CodeSystem-v3-DataOperation.html\"><code>http://terminology.hl7.org/CodeSystem/v3-DataOperation</code></a> versão <code>5.0.0</code><table class=\"none\"><tr><td style=\"white-space:nowrap\"><b>Código</b></td><td><b>Ecrã</b></td><td><b>Definição</b></td></tr><tr><td><a href=\"http://terminology.hl7.org/7.0.0/CodeSystem-v3-DataOperation.html#v3-DataOperation-CREATE\">CREATE</a></td><td>Create</td><td>Fundamental operation in an Information System (IS) that results only in the act of bringing an object into existence. Note: The preceding definition is taken from the HL7 RBAC specification. There is no restriction on how the operation is invoked, e.g., via a user interface. For an HL7 Act, the state transitions per the HL7 Reference Information Model.</td></tr><tr><td><a href=\"http://terminology.hl7.org/7.0.0/CodeSystem-v3-DataOperation.html#v3-DataOperation-UPDATE\">UPDATE</a></td><td>Update</td><td>Fundamental operation in an Information System (IS) that results only in the revision or alteration of an object. Note: The preceding definition is taken from the HL7 RBAC specification. There is no restriction on how the operation is invoked, e.g., via a user interface.</td></tr><tr><td><a href=\"http://terminology.hl7.org/7.0.0/CodeSystem-v3-DataOperation.html#v3-DataOperation-APPEND\">APPEND</a></td><td>Append</td><td>Fundamental operation in an Information System (IS) that results only in the addition of information to an object already in existence. Note: The preceding definition is taken from the HL7 RBAC specification. There is no restriction on how the operation is invoked, e.g., via a user interface.</td></tr></table></li><li>Incluir estes códigos, tal como definidos em <a href=\"http://terminology.hl7.org/7.0.0/CodeSystem-iso-21089-lifecycle.html\"><code>http://terminology.hl7.org/CodeSystem/iso-21089-lifecycle</code></a> versão <code>1.0.0</code><table class=\"none\"><tr><td style=\"white-space:nowrap\"><b>Código</b></td><td><b>Ecrã</b></td><td><b>Definição</b></td></tr><tr><td><a href=\"http://terminology.hl7.org/7.0.0/CodeSystem-iso-21089-lifecycle.html#iso-21089-lifecycle-originate\">originate</a></td><td>Originate/Retain Record Lifecycle Event</td><td>Occurs when an agent causes the system to: a) initiate capture of potential record content, and b) incorporate that content into the storage considered a permanent part of the health record.</td></tr><tr><td><a href=\"http://terminology.hl7.org/7.0.0/CodeSystem-iso-21089-lifecycle.html#iso-21089-lifecycle-transform\">transform</a></td><td>Transform/Translate Record Lifecycle Event</td><td>Occurs when an agent causes the system to change the form, language or code system used to represent record entry content.</td></tr><tr><td><a href=\"http://terminology.hl7.org/7.0.0/CodeSystem-iso-21089-lifecycle.html#iso-21089-lifecycle-transmit\">transmit</a></td><td>Transmit Record Lifecycle Event</td><td>Occurs when an agent causes the system to send record entry content from one (EHR/PHR/other) system to another.</td></tr><tr><td><a href=\"http://terminology.hl7.org/7.0.0/CodeSystem-iso-21089-lifecycle.html#iso-21089-lifecycle-receive\">receive</a></td><td>Receive/Retain Record Lifecycle Event</td><td>Occurs when an agent causes the system to a) initiate capture of data content from elsewhere, and b) incorporate that content into the storage considered a permanent part of the health record.</td></tr></table></li></ul></div>"},"url":"https://2rdoc.pt/ig/ios-lifestyle-medicine/ValueSet/pghd-provenance-activity-vs","version":"0.1.0","name":"PGHDProvenanceActivityVS","title":"PGHD Provenance Activity ValueSet","status":"active","experimental":false,"date":"2025-11-30T13:08:37+00:00","publisher":"Ricardo Lourenço dos Santos","contact":[{"name":"Ricardo Lourenço dos Santos","telecom":[{"system":"url","value":"https://linktr.ee/ricardolsantos"}]}],"description":"Activities related to PGHD data capture and transformation","jurisdiction":[{"coding":[{"system":"http://unstats.un.org/unsd/methods/m49/m49.htm","code":"150","display":"Europe"}]},{"coding":[{"system":"http://unstats.un.org/unsd/methods/m49/m49.htm","code":"021","display":"Northern America a/"}]},{"coding":[{"system":"http://unstats.un.org/unsd/methods/m49/m49.htm","code":"005","display":"South America"}]},{"coding":[{"system":"urn:iso:std:iso:3166","code":"PT","display":"Portugal"}]},{"coding":[{"system":"urn:iso:std:iso:3166","code":"US","display":"United States of America"}]},{"coding":[{"system":"urn:iso:std:iso:3166","code":"BR","display":"Brazil"}]}],"compose":{"include":[{"system":"http://terminology.hl7.org/CodeSystem/v3-DataOperation","version":"5.0.0","concept":[{"code":"CREATE","display":"Create"},{"code":"UPDATE","display":"Update"},{"code":"APPEND","display":"Append"}]},{"system":"http://terminology.hl7.org/CodeSystem/iso-21089-lifecycle","version":"1.0.0","concept":[{"code":"originate","display":"Originate/Retain Record Lifecycle Event"},{"code":"transform","display":"Transform/Translate Record Lifecycle Event"},{"code":"transmit","display":"Transmit Record Lifecycle Event"},{"code":"receive","display":"Receive/Retain Record Lifecycle Event"}]}]}}