{"resourceType":"ValueSet","id":"assistance-level-outcomes","text":{"status":"generated","div":"<div xmlns=\"http://www.w3.org/1999/xhtml\"><p class=\"res-header-id\"><b>Generated Narrative: ValueSet assistance-level-outcomes</b></p><a name=\"assistance-level-outcomes\"> </a><a name=\"hcassistance-level-outcomes\"> </a><a name=\"assistance-level-outcomes-en-US\"> </a><ul><li>Include all codes defined in <code>http://example.org/fhir/CodeSystem/assistance-level-outcomes</code></li></ul></div>"},"url":"http://example.org/fhir/ValueSet/assistance-level-outcomes","version":"0.1.0","name":"AssistanceLevelOutcomesValueSet","title":"Assistance Level Outcomes Value Set","status":"active","date":"2025-01-03T09:54:59+00:00","publisher":"Ricardo Lourenço dos Santos","contact":[{"name":"Ricardo Lourenço dos Santos","telecom":[{"system":"url","value":"https://linktr.ee/ricardolsantos"}]}],"description":"Value set for assistance level assessment outcomes","compose":{"include":[{"system":"http://example.org/fhir/CodeSystem/assistance-level-outcomes"}]}}