{"resourceType":"ValueSet","id":"body-locations-vs","text":{"status":"generated","div":"<div xmlns=\"http://www.w3.org/1999/xhtml\"><p class=\"res-header-id\"><b>Generated Narrative: ValueSet body-locations-vs</b></p><a name=\"body-locations-vs\"> </a><a name=\"hcbody-locations-vs\"> </a><a name=\"body-locations-vs-en-US\"> </a><ul><li>Include these codes as defined in <a href=\"http://www.snomed.org/\"><code>http://snomed.info/sct</code></a><table class=\"none\"><tr><td style=\"white-space:nowrap\"><b>Code</b></td><td><b>Display</b></td></tr><tr><td><a href=\"http://snomed.info/id/12738006\">12738006</a></td><td>Brain</td></tr><tr><td><a href=\"http://snomed.info/id/69536005\">69536005</a></td><td>Head</td></tr><tr><td><a href=\"http://snomed.info/id/45048000\">45048000</a></td><td>Neck</td></tr><tr><td><a href=\"http://snomed.info/id/51185008\">51185008</a></td><td>Chest</td></tr><tr><td><a href=\"http://snomed.info/id/62413002\">62413002</a></td><td>Abdomen</td></tr><tr><td><a href=\"http://snomed.info/id/32849002\">32849002</a></td><td>Back</td></tr><tr><td><a href=\"http://snomed.info/id/53120007\">53120007</a></td><td>Upper limb</td></tr><tr><td><a href=\"http://snomed.info/id/61685007\">61685007</a></td><td>Lower limb</td></tr></table></li></ul></div>"},"url":"https://github.com/RicardoLSantos/shorthand/ValueSet/body-locations-vs","version":"0.1.0","name":"BodyLocationsVS","title":"Body Locations Value Set","status":"draft","date":"2025-01-03T09:54:59+00:00","publisher":"Ricardo Lourenço dos Santos","contact":[{"name":"Ricardo Lourenço dos Santos","telecom":[{"system":"url","value":"https://linktr.ee/ricardolsantos"}]}],"description":"Anatomical locations for symptom recording","compose":{"include":[{"system":"http://snomed.info/sct","concept":[{"code":"12738006","display":"Brain"},{"code":"69536005","display":"Head"},{"code":"45048000","display":"Neck"},{"code":"51185008","display":"Chest"},{"code":"62413002","display":"Abdomen"},{"code":"32849002","display":"Back"},{"code":"53120007","display":"Upper limb"},{"code":"61685007","display":"Lower limb"}]}]}}