{"resourceType":"ValueSet","id":"mobility-decline-outcomes","text":{"status":"generated","div":"<div xmlns=\"http://www.w3.org/1999/xhtml\"><p class=\"res-header-id\"><b>Narrativa gerada: ValueSet mobility-decline-outcomes</b></p><a name=\"mobility-decline-outcomes\"> </a><a name=\"hcmobility-decline-outcomes\"> </a><ul><li>Include todos os códigos definidos em <a href=\"CodeSystem-mobility-decline-outcomes.html\"><code>https://2rdoc.pt/ig/ios-lifestyle-medicine/CodeSystem/mobility-decline-outcomes</code></a></li></ul></div>"},"url":"https://2rdoc.pt/ig/ios-lifestyle-medicine/ValueSet/mobility-decline-outcomes","version":"0.1.0","name":"MobilityDeclineOutcomesValueSet","title":"Mobility Decline Outcomes Value Set","status":"active","experimental":false,"date":"2025-11-28T14:35:57+00:00","publisher":"Ricardo Lourenço dos Santos","contact":[{"name":"Ricardo Lourenço dos Santos","telecom":[{"system":"url","value":"https://linktr.ee/ricardolsantos"}]}],"description":"Value set for mobility decline assessment outcomes","useContext":[{"code":{"system":"http://terminology.hl7.org/CodeSystem/usage-context-type","code":"program"},"valueCodeableConcept":{"text":"iOS Lifestyle Medicine"}}],"jurisdiction":[{"coding":[{"system":"http://unstats.un.org/unsd/methods/m49/m49.htm","code":"150","display":"Europe"}]},{"coding":[{"system":"http://unstats.un.org/unsd/methods/m49/m49.htm","code":"021","display":"Northern America a/"}]},{"coding":[{"system":"http://unstats.un.org/unsd/methods/m49/m49.htm","code":"005","display":"South America"}]},{"coding":[{"system":"urn:iso:std:iso:3166","code":"PT","display":"Portugal"}]},{"coding":[{"system":"urn:iso:std:iso:3166","code":"US","display":"United States of America"}]},{"coding":[{"system":"urn:iso:std:iso:3166","code":"BR","display":"Brazil"}]}],"compose":{"include":[{"system":"https://2rdoc.pt/ig/ios-lifestyle-medicine/CodeSystem/mobility-decline-outcomes"}]}}