{"resourceType":"ValueSet","id":"environmental-context","text":{"status":"generated","div":"<div xmlns=\"http://www.w3.org/1999/xhtml\"><p class=\"res-header-id\"><b>Narrativa gerada: ValueSet environmental-context</b></p><a name=\"environmental-context\"> </a><a name=\"hcenvironmental-context\"> </a><ul><li>Include todos os códigos definidos em <code>https://2rdoc.pt/fhir/CodeSystem/environmental-context</code></li></ul></div>"},"url":"https://2rdoc.pt/fhir/ValueSet/environmental-context","version":"0.1.0","name":"EnvironmentalContextValueSet","title":"Environmental Context Value Set","status":"active","experimental":false,"date":"2025-08-20T17:48:34+01:00","publisher":"Ricardo Lourenço dos Santos","contact":[{"name":"Ricardo Lourenço dos Santos","telecom":[{"system":"url","value":"https://linktr.ee/ricardolsantos"}]}],"description":"Valid contexts for environmental measurements","compose":{"include":[{"system":"https://2rdoc.pt/fhir/CodeSystem/environmental-context"}]}}