{"resourceType":"ValueSet","id":"mindfulness-type-vs","text":{"status":"generated","div":"<div xmlns=\"http://www.w3.org/1999/xhtml\"><p class=\"res-header-id\"><b>Generated Narrative: ValueSet mindfulness-type-vs</b></p><a name=\"mindfulness-type-vs\"> </a><a name=\"hcmindfulness-type-vs\"> </a><a name=\"mindfulness-type-vs-en-US\"> </a><ul><li>Include all codes defined in <a href=\"CodeSystem-mindfulness-type-cs.html\"><code>https://github.com/RicardoLSantos/shorthand/CodeSystem/mindfulness-type-cs</code></a></li></ul></div>"},"url":"https://github.com/RicardoLSantos/shorthand/ValueSet/mindfulness-type-vs","version":"0.1.0","name":"MindfulnessTypeVS","title":"Mindfulness Practice Types Value Set","status":"draft","experimental":false,"date":"2024-12-27T22:28:35+00:00","publisher":"Ricardo Lourenço dos Santos","contact":[{"name":"Ricardo Lourenço dos Santos","telecom":[{"system":"url","value":"https://linktr.ee/ricardolsantos"}]}],"description":"Value set of mindfulness practice types","compose":{"include":[{"system":"https://github.com/RicardoLSantos/shorthand/CodeSystem/mindfulness-type-cs"}]}}