{"resourceType":"ValueSet","id":"fall-risk-outcomes-valueset","text":{"status":"generated","div":"<div xmlns=\"http://www.w3.org/1999/xhtml\"><p class=\"res-header-id\"><b>Generated Narrative: ValueSet fall-risk-outcomes-valueset</b></p><a name=\"fall-risk-outcomes-valueset\"> </a><a name=\"hcfall-risk-outcomes-valueset\"> </a><a name=\"fall-risk-outcomes-valueset-en-US\"> </a><ul><li>Include all codes defined in <a href=\"CodeSystem-fall-risk-outcomes-codesystem.html\"><code>http://example.org/CodeSystem/fall-risk-outcomes-codesystem</code></a></li></ul></div>"},"url":"http://example.org/ValueSet/fall-risk-outcomes-valueset","version":"0.1.0","name":"FallRiskOutcomesValueSet","title":"Fall Risk Outcomes Value Set","status":"active","date":"2025-01-02T17:46:41+00:00","publisher":"Ricardo Lourenço dos Santos","contact":[{"name":"Ricardo Lourenço dos Santos","telecom":[{"system":"url","value":"https://linktr.ee/ricardolsantos"}]}],"description":"Value set for fall risk assessment outcomes","compose":{"include":[{"system":"http://example.org/CodeSystem/fall-risk-outcomes-codesystem"}]}}