{"resourceType":"ValueSet","id":"recreational-substance-type-vs","text":{"status":"generated","div":"<div xmlns=\"http://www.w3.org/1999/xhtml\"><p class=\"res-header-id\"><b>Narrativa gerada: ValueSet recreational-substance-type-vs</b></p><a name=\"recreational-substance-type-vs\"> </a><a name=\"hcrecreational-substance-type-vs\"> </a><ul><li>Include estes códigos, tal como definidos em <a href=\"http://www.snomed.org/\"><code>http://snomed.info/sct</code></a><table class=\"none\"><tr><td style=\"white-space:nowrap\"><b>Código</b></td><td><b>Ecrã</b></td></tr><tr><td><a href=\"http://snomed.info/id/398705004\">398705004</a></td><td>Cannabis (substance)</td></tr><tr><td><a href=\"http://snomed.info/id/387173000\">387173000</a></td><td>Opioid analgesic (substance)</td></tr><tr><td><a href=\"http://snomed.info/id/387286002\">387286002</a></td><td>Benzodiazepine (substance)</td></tr><tr><td><a href=\"http://snomed.info/id/387085005\">387085005</a></td><td>Cocaine (substance)</td></tr><tr><td><a href=\"http://snomed.info/id/387499002\">387499002</a></td><td>Amphetamine (substance)</td></tr><tr><td><a href=\"http://snomed.info/id/229003004\">229003004</a></td><td>Hallucinogenic drug (substance)</td></tr></table></li></ul></div>"},"url":"https://2rdoc.pt/ig/ios-lifestyle-medicine/ValueSet/recreational-substance-type-vs","version":"0.1.0","name":"RecreationalSubstanceTypeVS","title":"Recreational Substance Type ValueSet","status":"active","experimental":false,"date":"2025-11-27T15:44:07+00:00","publisher":"Ricardo Lourenço dos Santos","contact":[{"name":"Ricardo Lourenço dos Santos","telecom":[{"system":"url","value":"https://linktr.ee/ricardolsantos"}]}],"description":"Types of recreational substances (where legal and clinically appropriate)","jurisdiction":[{"coding":[{"system":"http://unstats.un.org/unsd/methods/m49/m49.htm","code":"150","display":"Europe"}]},{"coding":[{"system":"http://unstats.un.org/unsd/methods/m49/m49.htm","code":"021","display":"Northern America a/"}]},{"coding":[{"system":"http://unstats.un.org/unsd/methods/m49/m49.htm","code":"005","display":"South America"}]},{"coding":[{"system":"urn:iso:std:iso:3166","code":"PT","display":"Portugal"}]},{"coding":[{"system":"urn:iso:std:iso:3166","code":"US","display":"United States of America"}]},{"coding":[{"system":"urn:iso:std:iso:3166","code":"BR","display":"Brazil"}]}],"compose":{"include":[{"system":"http://snomed.info/sct","concept":[{"code":"398705004","display":"Cannabis (substance)"},{"code":"387173000","display":"Opioid analgesic (substance)"},{"code":"387286002","display":"Benzodiazepine (substance)"},{"code":"387085005","display":"Cocaine (substance)"},{"code":"387499002","display":"Amphetamine (substance)"},{"code":"229003004","display":"Hallucinogenic drug (substance)"}]}]}}