{"resourceType":"ValueSet","id":"inflammatory-marker-vs","text":{"status":"generated","div":"<div xmlns=\"http://www.w3.org/1999/xhtml\"><p class=\"res-header-id\"><b>Narrativa gerada: ValueSet inflammatory-marker-vs</b></p><a name=\"inflammatory-marker-vs\"> </a><a name=\"hcinflammatory-marker-vs\"> </a><ul><li>Include estes códigos, tal como definidos em <a href=\"http://loinc.org\"><code>http://loinc.org</code></a><table class=\"none\"><tr><td style=\"white-space:nowrap\"><b>Código</b></td><td><b>Ecrã</b></td></tr><tr><td><a href=\"https://loinc.org/1988-5/\">1988-5</a></td><td>C reactive protein [Mass/volume] in Serum or Plasma</td></tr><tr><td><a href=\"https://loinc.org/30522-7/\">30522-7</a></td><td>C reactive protein [Mass/volume] in Serum or Plasma by High sensitivity method</td></tr><tr><td><a href=\"https://loinc.org/26881-3/\">26881-3</a></td><td>Interleukin 6 [Mass/volume] in Serum or Plasma</td></tr><tr><td><a href=\"https://loinc.org/3074-2/\">3074-2</a></td><td>Tumor necrosis factor.alpha [Mass/volume] in Serum or Plasma</td></tr><tr><td><a href=\"https://loinc.org/4537-7/\">4537-7</a></td><td>Erythrocyte sedimentation rate</td></tr><tr><td><a href=\"https://loinc.org/33762-6/\">33762-6</a></td><td>Natriuretic peptide.B prohormone N-Terminal [Mass/volume] in Serum or Plasma</td></tr></table></li></ul></div>"},"url":"https://2rdoc.pt/ig/ios-lifestyle-medicine/ValueSet/inflammatory-marker-vs","version":"0.1.0","name":"InflammatoryMarkerVS","title":"Inflammatory Marker ValueSet","status":"active","experimental":false,"date":"2025-11-27T11:57:11+00:00","publisher":"Ricardo Lourenço dos Santos","contact":[{"name":"Ricardo Lourenço dos Santos","telecom":[{"system":"url","value":"https://linktr.ee/ricardolsantos"}]}],"description":"LOINC codes for inflammatory biomarkers used in lifestyle medicine","jurisdiction":[{"coding":[{"system":"http://unstats.un.org/unsd/methods/m49/m49.htm","code":"150","display":"Europe"}]},{"coding":[{"system":"http://unstats.un.org/unsd/methods/m49/m49.htm","code":"021","display":"Northern America a/"}]},{"coding":[{"system":"http://unstats.un.org/unsd/methods/m49/m49.htm","code":"005","display":"South America"}]},{"coding":[{"system":"urn:iso:std:iso:3166","code":"PT","display":"Portugal"}]},{"coding":[{"system":"urn:iso:std:iso:3166","code":"US","display":"United States of America"}]},{"coding":[{"system":"urn:iso:std:iso:3166","code":"BR","display":"Brazil"}]}],"compose":{"include":[{"system":"http://loinc.org","concept":[{"code":"1988-5","display":"C reactive protein [Mass/volume] in Serum or Plasma"},{"code":"30522-7","display":"C reactive protein [Mass/volume] in Serum or Plasma by High sensitivity method"},{"code":"26881-3","display":"Interleukin 6 [Mass/volume] in Serum or Plasma"},{"code":"3074-2","display":"Tumor necrosis factor.alpha [Mass/volume] in Serum or Plasma"},{"code":"4537-7","display":"Erythrocyte sedimentation rate"},{"code":"33762-6","display":"Natriuretic peptide.B prohormone N-Terminal [Mass/volume] in Serum or Plasma"}]}]}}