{"resourceType":"ValueSet","id":"social-interaction-type-vs","text":{"status":"generated","div":"<div xmlns=\"http://www.w3.org/1999/xhtml\"><p class=\"res-header-id\"><b>Generated Narrative: ValueSet social-interaction-type-vs</b></p><a name=\"social-interaction-type-vs\"> </a><a name=\"hcsocial-interaction-type-vs\"> </a><a name=\"social-interaction-type-vs-en-US\"> </a><ul><li>Include all codes defined in <a href=\"CodeSystem-social-interaction-type-cs.html\"><code>https://github.com/RicardoLSantos/shorthand/CodeSystem/social-interaction-type-cs</code></a></li></ul></div>"},"url":"https://github.com/RicardoLSantos/shorthand/ValueSet/social-interaction-type-vs","version":"0.1.0","name":"SocialInteractionTypeVS","title":"Social Interaction Type Value Set","status":"draft","date":"2025-01-04T21:28:42+00:00","publisher":"Ricardo Lourenço dos Santos","contact":[{"name":"Ricardo Lourenço dos Santos","telecom":[{"system":"url","value":"https://linktr.ee/ricardolsantos"}]}],"description":"Types of social interactions","compose":{"include":[{"system":"https://github.com/RicardoLSantos/shorthand/CodeSystem/social-interaction-type-cs"}]}}