{"resourceType":"ValueSet","id":"tobacco-use-status-vs","text":{"status":"generated","div":"<div xmlns=\"http://www.w3.org/1999/xhtml\"><p class=\"res-header-id\"><b>Narrativa gerada: ValueSet tobacco-use-status-vs</b></p><a name=\"tobacco-use-status-vs\"> </a><a name=\"hctobacco-use-status-vs\"> </a><ul><li>Include estes códigos, tal como definidos em <a href=\"http://www.snomed.org/\"><code>http://snomed.info/sct</code></a><table class=\"none\"><tr><td style=\"white-space:nowrap\"><b>Código</b></td><td><b>Ecrã</b></td></tr><tr><td><a href=\"http://snomed.info/id/266919005\">266919005</a></td><td>Never smoked tobacco (finding)</td></tr><tr><td><a href=\"http://snomed.info/id/8517006\">8517006</a></td><td>Ex-smoker (finding)</td></tr><tr><td><a href=\"http://snomed.info/id/77176002\">77176002</a></td><td>Smoker (finding)</td></tr><tr><td><a href=\"http://snomed.info/id/449868002\">449868002</a></td><td>Smokes tobacco daily (finding)</td></tr><tr><td><a href=\"http://snomed.info/id/428041000124106\">428041000124106</a></td><td>Occasional tobacco smoker (finding)</td></tr><tr><td><a href=\"http://snomed.info/id/266927001\">266927001</a></td><td>Tobacco smoking consumption unknown (finding)</td></tr><tr><td><a href=\"http://snomed.info/id/405746006\">405746006</a></td><td>Current some day smoker</td></tr></table></li></ul></div>"},"url":"https://2rdoc.pt/ig/ios-lifestyle-medicine/ValueSet/tobacco-use-status-vs","version":"0.1.0","name":"TobaccoUseStatusVS","title":"Tobacco Use Status ValueSet","status":"active","experimental":false,"date":"2025-11-27T15:44:07+00:00","publisher":"Ricardo Lourenço dos Santos","contact":[{"name":"Ricardo Lourenço dos Santos","telecom":[{"system":"url","value":"https://linktr.ee/ricardolsantos"}]}],"description":"Status categories for tobacco use aligned with US Core and IPS","jurisdiction":[{"coding":[{"system":"http://unstats.un.org/unsd/methods/m49/m49.htm","code":"150","display":"Europe"}]},{"coding":[{"system":"http://unstats.un.org/unsd/methods/m49/m49.htm","code":"021","display":"Northern America a/"}]},{"coding":[{"system":"http://unstats.un.org/unsd/methods/m49/m49.htm","code":"005","display":"South America"}]},{"coding":[{"system":"urn:iso:std:iso:3166","code":"PT","display":"Portugal"}]},{"coding":[{"system":"urn:iso:std:iso:3166","code":"US","display":"United States of America"}]},{"coding":[{"system":"urn:iso:std:iso:3166","code":"BR","display":"Brazil"}]}],"compose":{"include":[{"system":"http://snomed.info/sct","concept":[{"code":"266919005","display":"Never smoked tobacco (finding)"},{"code":"8517006","display":"Ex-smoker (finding)"},{"code":"77176002","display":"Smoker (finding)"},{"code":"449868002","display":"Smokes tobacco daily (finding)"},{"code":"428041000124106","display":"Occasional tobacco smoker (finding)"},{"code":"266927001","display":"Tobacco smoking consumption unknown (finding)"},{"code":"405746006","display":"Current some day smoker"}]}]}}