{"resourceType":"ValueSet","id":"symptom-progression-vs","text":{"status":"generated","div":"<div xmlns=\"http://www.w3.org/1999/xhtml\"><p class=\"res-header-id\"><b>Narrativa gerada: ValueSet symptom-progression-vs</b></p><a name=\"symptom-progression-vs\"> </a><a name=\"hcsymptom-progression-vs\"> </a><ul><li>Include estes códigos, tal como definidos em <a href=\"http://www.snomed.org/\"><code>http://snomed.info/sct</code></a><table class=\"none\"><tr><td style=\"white-space:nowrap\"><b>Código</b></td><td><b>Ecrã</b></td></tr><tr><td><a href=\"http://snomed.info/id/385633008\">385633008</a></td><td>Improving</td></tr><tr><td><a href=\"http://snomed.info/id/58158008\">58158008</a></td><td>Stable</td></tr><tr><td><a href=\"http://snomed.info/id/230993007\">230993007</a></td><td>Worsening</td></tr><tr><td><a href=\"http://snomed.info/id/255314001\">255314001</a></td><td>Fluctuating</td></tr></table></li></ul></div>"},"url":"https://2rdoc.pt/ig/ios-lifestyle-medicine/ValueSet/symptom-progression-vs","version":"0.1.0","name":"SymptomProgressionVS","title":"Symptom Progression Value Set","status":"active","experimental":false,"date":"2025-10-01T23:24:47+01:00","publisher":"Ricardo Lourenço dos Santos","contact":[{"name":"Ricardo Lourenço dos Santos","telecom":[{"system":"url","value":"https://linktr.ee/ricardolsantos"}]}],"description":"Progression patterns for symptoms","jurisdiction":[{"coding":[{"system":"http://unstats.un.org/unsd/methods/m49/m49.htm","code":"150","display":"Europe"}]},{"coding":[{"system":"http://unstats.un.org/unsd/methods/m49/m49.htm","code":"021","display":"Northern America a/"}]},{"coding":[{"system":"http://unstats.un.org/unsd/methods/m49/m49.htm","code":"005","display":"South America"}]},{"coding":[{"system":"urn:iso:std:iso:3166","code":"PT","display":"Portugal"}]},{"coding":[{"system":"urn:iso:std:iso:3166","code":"US","display":"United States of America"}]},{"coding":[{"system":"urn:iso:std:iso:3166","code":"BR","display":"Brazil"}]}],"compose":{"include":[{"system":"http://snomed.info/sct","concept":[{"code":"385633008","display":"Improving"},{"code":"58158008","display":"Stable"},{"code":"230993007","display":"Worsening"},{"code":"255314001","display":"Fluctuating"}]}]}}