{"resourceType":"ValueSet","id":"measurement-quality-vs","text":{"status":"generated","div":"<div xmlns=\"http://www.w3.org/1999/xhtml\"><p class=\"res-header-id\"><b>Narrativa gerada: ValueSet measurement-quality-vs</b></p><a name=\"measurement-quality-vs\"> </a><a name=\"hcmeasurement-quality-vs\"> </a><ul><li>Include todos os códigos definidos em <a href=\"CodeSystem-measurement-quality-cs.html\"><code>https://2rdoc.pt/ig/ios-lifestyle-medicine/CodeSystem/measurement-quality-cs</code></a></li></ul></div>"},"url":"https://2rdoc.pt/ig/ios-lifestyle-medicine/ValueSet/measurement-quality-vs","version":"0.1.0","name":"MeasurementQualityVS","title":"Measurement Quality Value Set","status":"draft","experimental":true,"date":"2025-08-20T17:48:34+01:00","publisher":"Ricardo Lourenço dos Santos","contact":[{"name":"Ricardo Lourenço dos Santos","telecom":[{"system":"url","value":"https://linktr.ee/ricardolsantos"}]}],"description":"Value set for measurement quality indicators","compose":{"include":[{"system":"https://2rdoc.pt/ig/ios-lifestyle-medicine/CodeSystem/measurement-quality-cs"}]}}