{"resourceType":"ValueSet","id":"measurement-context-vital-signs","text":{"status":"generated","div":"<div xmlns=\"http://www.w3.org/1999/xhtml\"><p class=\"res-header-id\"><b>Narrativa gerada: ValueSet measurement-context-vital-signs</b></p><a name=\"measurement-context-vital-signs\"> </a><a name=\"hcmeasurement-context-vital-signs\"> </a><ul><li>Include estes códigos, tal como definidos em <a href=\"http://www.snomed.org/\"><code>http://snomed.info/sct</code></a><table class=\"none\"><tr><td style=\"white-space:nowrap\"><b>Código</b></td><td><b>Ecrã</b></td></tr><tr><td><a href=\"http://snomed.info/id/255214003\">255214003</a></td><td>At rest</td></tr><tr><td><a href=\"http://snomed.info/id/309604004\">309604004</a></td><td>During exercise</td></tr><tr><td><a href=\"http://snomed.info/id/309605003\">309605003</a></td><td>Post exercise</td></tr><tr><td><a href=\"http://snomed.info/id/410534003\">410534003</a></td><td>During exercise</td></tr></table></li></ul></div>"},"url":"https://2rdoc.pt/ig/ios-lifestyle-medicine/ValueSet/measurement-context-vital-signs","version":"0.1.0","name":"MeasurementContextVitalSigns","title":"Measurement Context Value Set","status":"active","experimental":false,"date":"2025-11-27T11:57:11+00:00","publisher":"Ricardo Lourenço dos Santos","contact":[{"name":"Ricardo Lourenço dos Santos","telecom":[{"system":"url","value":"https://linktr.ee/ricardolsantos"}]}],"description":"Value set for measurement context in vital signs observations","jurisdiction":[{"coding":[{"system":"http://unstats.un.org/unsd/methods/m49/m49.htm","code":"150","display":"Europe"}]},{"coding":[{"system":"http://unstats.un.org/unsd/methods/m49/m49.htm","code":"021","display":"Northern America a/"}]},{"coding":[{"system":"http://unstats.un.org/unsd/methods/m49/m49.htm","code":"005","display":"South America"}]},{"coding":[{"system":"urn:iso:std:iso:3166","code":"PT","display":"Portugal"}]},{"coding":[{"system":"urn:iso:std:iso:3166","code":"US","display":"United States of America"}]},{"coding":[{"system":"urn:iso:std:iso:3166","code":"BR","display":"Brazil"}]}],"compose":{"include":[{"system":"http://snomed.info/sct","concept":[{"code":"255214003","display":"At rest"},{"code":"309604004","display":"During exercise"},{"code":"309605003","display":"Post exercise"},{"code":"410534003","display":"During exercise"}]}]}}