{"resourceType":"ValueSet","id":"symptom-frequency-vs","text":{"status":"generated","div":"<div xmlns=\"http://www.w3.org/1999/xhtml\"><p class=\"res-header-id\"><b>Generated Narrative: ValueSet symptom-frequency-vs</b></p><a name=\"symptom-frequency-vs\"> </a><a name=\"hcsymptom-frequency-vs\"> </a><a name=\"symptom-frequency-vs-en-US\"> </a><ul><li>Include all codes defined in <a href=\"CodeSystem-symptom-frequency-cs.html\"><code>https://github.com/RicardoLSantos/shorthand/CodeSystem/symptom-frequency-cs</code></a></li></ul></div>"},"url":"https://github.com/RicardoLSantos/shorthand/ValueSet/symptom-frequency-vs","version":"0.1.0","name":"SymptomFrequencyVS","title":"Symptom Frequency Value Set","status":"draft","date":"2025-01-02T17:46:41+00:00","publisher":"Ricardo Lourenço dos Santos","contact":[{"name":"Ricardo Lourenço dos Santos","telecom":[{"system":"url","value":"https://linktr.ee/ricardolsantos"}]}],"description":"Frequency patterns for symptoms","compose":{"include":[{"system":"https://github.com/RicardoLSantos/shorthand/CodeSystem/symptom-frequency-cs"}]}}