{
  "resourceType" : "Basic",
  "id" : "DefaultMindfulnessConfig",
  "meta" : {
    "profile" : ["https://2rdoc.pt/ig/ios-lifestyle-medicine/StructureDefinition/mindfulness-configuration"]
  },
  "text" : {
    "status" : "extensions",
    "div" : "<div xmlns=\"http://www.w3.org/1999/xhtml\"><p class=\"res-header-id\"><b>Narrativa gerada: Basic DefaultMindfulnessConfig</b></p><a name=\"DefaultMindfulnessConfig\"> </a><a name=\"hcDefaultMindfulnessConfig\"> </a><div style=\"display: inline-block; background-color: #d9e0e7; padding: 6px; margin: 4px; border: 1px solid #8da1b4; border-radius: 5px; line-height: 60%\"><p style=\"margin-bottom: 0px\"/><p style=\"margin-bottom: 0px\">Perfil: <a href=\"StructureDefinition-mindfulness-configuration.html\">Mindfulness Configuration</a></p></div><p><b>Mindfulness Session Duration</b>: 15</p><p><b>Mindfulness Reminder Time</b>: 08:00:00</p><p><b>Mindfulness Preferred Guide</b>: Jane Smith</p><p><b>Mindfulness Notification Enabled</b>: true</p><p><b>code</b>: <span title=\"Códigos:{https://2rdoc.pt/fhir/CodeSystem/mindfulness-config-type settings}\">Mindfulness Settings</span></p></div>"
  },
  "extension" : [{
    "url" : "https://2rdoc.pt/ig/ios-lifestyle-medicine/StructureDefinition/mindfulness-session-duration",
    "valueInteger" : 15
  },
  {
    "url" : "https://2rdoc.pt/ig/ios-lifestyle-medicine/StructureDefinition/mindfulness-reminder-time",
    "valueTime" : "08:00:00"
  },
  {
    "url" : "https://2rdoc.pt/ig/ios-lifestyle-medicine/StructureDefinition/mindfulness-preferred-guide",
    "valueString" : "Jane Smith"
  },
  {
    "url" : "https://2rdoc.pt/ig/ios-lifestyle-medicine/StructureDefinition/mindfulness-notification-enabled",
    "valueBoolean" : true
  }],
  "code" : {
    "coding" : [{
      "system" : "https://2rdoc.pt/fhir/CodeSystem/mindfulness-config-type",
      "code" : "settings",
      "display" : "Mindfulness Settings"
    }]
  }
}