{
  "resourceType" : "Basic",
  "id" : "WeeklyMindfulnessSchedule",
  "meta" : {
    "profile" : ["https://github.com/RicardoLSantos/shorthand/StructureDefinition/mindfulness-schedule"]
  },
  "text" : {
    "status" : "extensions",
    "div" : "<div xmlns=\"http://www.w3.org/1999/xhtml\"><p class=\"res-header-id\"><b>Generated Narrative: Basic WeeklyMindfulnessSchedule</b></p><a name=\"WeeklyMindfulnessSchedule\"> </a><a name=\"hcWeeklyMindfulnessSchedule\"> </a><a name=\"WeeklyMindfulnessSchedule-en-US\"> </a><p><b>Mindfulness Schedule Timing</b>: Once per 1 weeks</p><p><b>code</b>: <span title=\"Codes:{http://example.org/CodeSystem/mindfulness-schedule-type recurring}\">Recurring Schedule</span></p></div>"
  },
  "extension" : [{
    "url" : "https://github.com/RicardoLSantos/shorthand/StructureDefinition/mindfulness-schedule-timing",
    "valueTiming" : {
      "repeat" : {
        "frequency" : 1,
        "period" : 1,
        "periodUnit" : "wk",
        "dayOfWeek" : ["wed",
        "fri"]
      }
    }
  }],
  "code" : {
    "coding" : [{
      "system" : "http://example.org/CodeSystem/mindfulness-schedule-type",
      "code" : "recurring",
      "display" : "Recurring Schedule"
    }]
  }
}