{
  "resourceType" : "CodeSystem",
  "id" : "symptom-impact-cs",
  "text" : {
    "status" : "generated",
    "div" : "<div xmlns=\"http://www.w3.org/1999/xhtml\"><p class=\"res-header-id\"><b>Generated Narrative: CodeSystem symptom-impact-cs</b></p><a name=\"symptom-impact-cs\"> </a><a name=\"hcsymptom-impact-cs\"> </a><a name=\"symptom-impact-cs-en-US\"> </a><p>This  code system <code>https://github.com/RicardoLSantos/shorthand/CodeSystem/symptom-impact-cs</code> defines the following codes:</p><table class=\"codes\"><tr><td style=\"white-space:nowrap\"><b>Code</b></td><td><b>Display</b></td></tr><tr><td style=\"white-space:nowrap\">none<a name=\"symptom-impact-cs-none\"> </a></td><td>No impact</td></tr><tr><td style=\"white-space:nowrap\">mild<a name=\"symptom-impact-cs-mild\"> </a></td><td>Mild impact</td></tr><tr><td style=\"white-space:nowrap\">moderate<a name=\"symptom-impact-cs-moderate\"> </a></td><td>Moderate impact</td></tr><tr><td style=\"white-space:nowrap\">severe<a name=\"symptom-impact-cs-severe\"> </a></td><td>Severe impact</td></tr><tr><td style=\"white-space:nowrap\">complete<a name=\"symptom-impact-cs-complete\"> </a></td><td>Complete impact</td></tr></table></div>"
  },
  "url" : "https://github.com/RicardoLSantos/shorthand/CodeSystem/symptom-impact-cs",
  "version" : "0.1.0",
  "name" : "SymptomImpactCS",
  "title" : "Symptom Impact Code System",
  "status" : "draft",
  "date" : "2025-01-14T13:24:18+00:00",
  "publisher" : "Ricardo Lourenço dos Santos",
  "contact" : [{
    "name" : "Ricardo Lourenço dos Santos",
    "telecom" : [{
      "system" : "url",
      "value" : "https://linktr.ee/ricardolsantos"
    }]
  }],
  "description" : "Impact levels of symptoms on daily activities",
  "content" : "complete",
  "count" : 5,
  "concept" : [{
    "code" : "none",
    "display" : "No impact"
  },
  {
    "code" : "mild",
    "display" : "Mild impact"
  },
  {
    "code" : "moderate",
    "display" : "Moderate impact"
  },
  {
    "code" : "severe",
    "display" : "Severe impact"
  },
  {
    "code" : "complete",
    "display" : "Complete impact"
  }]
}