{
  "resourceType" : "CodeSystem",
  "id" : "stress-impact-cs",
  "text" : {
    "status" : "generated",
    "div" : "<div xmlns=\"http://www.w3.org/1999/xhtml\"><p class=\"res-header-id\"><b>Generated Narrative: CodeSystem stress-impact-cs</b></p><a name=\"stress-impact-cs\"> </a><a name=\"hcstress-impact-cs\"> </a><a name=\"stress-impact-cs-en-US\"> </a><p>This  code system <code>https://github.com/RicardoLSantos/shorthand/CodeSystem/stress-impact-cs</code> defines the following codes:</p><table class=\"codes\"><tr><td style=\"white-space:nowrap\"><b>Code</b></td><td><b>Display</b></td><td><b>Definition</b></td></tr><tr><td style=\"white-space:nowrap\">minimal<a name=\"stress-impact-cs-minimal\"> </a></td><td>Minimal Impact</td><td>Little to no interference with daily activities</td></tr><tr><td style=\"white-space:nowrap\">mild<a name=\"stress-impact-cs-mild\"> </a></td><td>Mild Impact</td><td>Some interference with daily activities</td></tr><tr><td style=\"white-space:nowrap\">moderate<a name=\"stress-impact-cs-moderate\"> </a></td><td>Moderate Impact</td><td>Significant interference with daily activities</td></tr><tr><td style=\"white-space:nowrap\">severe<a name=\"stress-impact-cs-severe\"> </a></td><td>Severe Impact</td><td>Major interference with daily activities</td></tr><tr><td style=\"white-space:nowrap\">extreme<a name=\"stress-impact-cs-extreme\"> </a></td><td>Extreme Impact</td><td>Unable to perform daily activities</td></tr></table></div>"
  },
  "url" : "https://github.com/RicardoLSantos/shorthand/CodeSystem/stress-impact-cs",
  "version" : "0.1.0",
  "name" : "StressImpactCS",
  "title" : "Stress Impact Code System",
  "status" : "draft",
  "date" : "2025-01-04T22:09:55+00:00",
  "publisher" : "Ricardo Lourenço dos Santos",
  "contact" : [{
    "name" : "Ricardo Lourenço dos Santos",
    "telecom" : [{
      "system" : "url",
      "value" : "https://linktr.ee/ricardolsantos"
    }]
  }],
  "description" : "Code system for stress impact levels",
  "content" : "complete",
  "count" : 5,
  "concept" : [{
    "code" : "minimal",
    "display" : "Minimal Impact",
    "definition" : "Little to no interference with daily activities"
  },
  {
    "code" : "mild",
    "display" : "Mild Impact",
    "definition" : "Some interference with daily activities"
  },
  {
    "code" : "moderate",
    "display" : "Moderate Impact",
    "definition" : "Significant interference with daily activities"
  },
  {
    "code" : "severe",
    "display" : "Severe Impact",
    "definition" : "Major interference with daily activities"
  },
  {
    "code" : "extreme",
    "display" : "Extreme Impact",
    "definition" : "Unable to perform daily activities"
  }]
}