{
  "resourceType" : "CodeSystem",
  "id" : "risk-level-codesystem",
  "text" : {
    "status" : "generated",
    "div" : "<div xmlns=\"http://www.w3.org/1999/xhtml\"><p class=\"res-header-id\"><b>Generated Narrative: CodeSystem risk-level-codesystem</b></p><a name=\"risk-level-codesystem\"> </a><a name=\"hcrisk-level-codesystem\"> </a><a name=\"risk-level-codesystem-en-US\"> </a><p>This case-sensitive code system <code>http://example.org/CodeSystem/risk-level-codesystem</code> defines the following codes:</p><table class=\"codes\"><tr><td style=\"white-space:nowrap\"><b>Code</b></td><td><b>Display</b></td></tr><tr><td style=\"white-space:nowrap\">none<a name=\"risk-level-codesystem-none\"> </a></td><td>No Risk</td></tr><tr><td style=\"white-space:nowrap\">low<a name=\"risk-level-codesystem-low\"> </a></td><td>Low Risk</td></tr><tr><td style=\"white-space:nowrap\">moderate<a name=\"risk-level-codesystem-moderate\"> </a></td><td>Moderate Risk</td></tr><tr><td style=\"white-space:nowrap\">high<a name=\"risk-level-codesystem-high\"> </a></td><td>High Risk</td></tr><tr><td style=\"white-space:nowrap\">critical<a name=\"risk-level-codesystem-critical\"> </a></td><td>Critical Risk</td></tr></table></div>"
  },
  "url" : "http://example.org/CodeSystem/risk-level-codesystem",
  "version" : "0.1.0",
  "name" : "RiskLevelCodeSystem",
  "title" : "Risk Level Code System",
  "status" : "active",
  "date" : "2025-01-02T17:46:41+00:00",
  "publisher" : "Ricardo Lourenço dos Santos",
  "contact" : [{
    "name" : "Ricardo Lourenço dos Santos",
    "telecom" : [{
      "system" : "url",
      "value" : "https://linktr.ee/ricardolsantos"
    }]
  }],
  "caseSensitive" : true,
  "content" : "complete",
  "count" : 5,
  "concept" : [{
    "code" : "none",
    "display" : "No Risk"
  },
  {
    "code" : "low",
    "display" : "Low Risk"
  },
  {
    "code" : "moderate",
    "display" : "Moderate Risk"
  },
  {
    "code" : "high",
    "display" : "High Risk"
  },
  {
    "code" : "critical",
    "display" : "Critical Risk"
  }]
}