{
  "resourceType" : "CodeSystem",
  "id" : "advanced-vital-signs-context-cs",
  "text" : {
    "status" : "generated",
    "div" : "<div xmlns=\"http://www.w3.org/1999/xhtml\"><p class=\"res-header-id\"><b>Generated Narrative: CodeSystem advanced-vital-signs-context-cs</b></p><a name=\"advanced-vital-signs-context-cs\"> </a><a name=\"hcadvanced-vital-signs-context-cs\"> </a><a name=\"advanced-vital-signs-context-cs-en-US\"> </a><p>This case-sensitive code system <code>https://github.com/RicardoLSantos/shorthand/CodeSystem/advanced-vital-signs-context-cs</code> defines the following codes:</p><table class=\"codes\"><tr><td style=\"white-space:nowrap\"><b>Code</b></td><td><b>Display</b></td><td><b>Definition</b></td></tr><tr><td style=\"white-space:nowrap\">resting<a name=\"advanced-vital-signs-context-cs-resting\"> </a></td><td>Resting state</td><td>Measurement taken during rest</td></tr><tr><td style=\"white-space:nowrap\">active<a name=\"advanced-vital-signs-context-cs-active\"> </a></td><td>Active state</td><td>Measurement taken during activity</td></tr><tr><td style=\"white-space:nowrap\">recovery<a name=\"advanced-vital-signs-context-cs-recovery\"> </a></td><td>Recovery state</td><td>Measurement taken during recovery</td></tr><tr><td style=\"white-space:nowrap\">sleep<a name=\"advanced-vital-signs-context-cs-sleep\"> </a></td><td>Sleep state</td><td>Measurement taken during sleep</td></tr><tr><td style=\"white-space:nowrap\">stress<a name=\"advanced-vital-signs-context-cs-stress\"> </a></td><td>Stress state</td><td>Measurement taken during stress</td></tr></table></div>"
  },
  "url" : "https://github.com/RicardoLSantos/shorthand/CodeSystem/advanced-vital-signs-context-cs",
  "version" : "0.1.0",
  "name" : "AdvancedVitalSignsContextCS",
  "title" : "Advanced Vital Signs Context Code System",
  "status" : "draft",
  "experimental" : true,
  "date" : "2025-01-02T19:32:36+00:00",
  "publisher" : "Ricardo Lourenço dos Santos",
  "contact" : [{
    "name" : "Ricardo Lourenço dos Santos",
    "telecom" : [{
      "system" : "url",
      "value" : "https://linktr.ee/ricardolsantos"
    }]
  }],
  "description" : "Codes for advanced vital signs measurement context",
  "caseSensitive" : true,
  "content" : "complete",
  "count" : 5,
  "concept" : [{
    "code" : "resting",
    "display" : "Resting state",
    "definition" : "Measurement taken during rest"
  },
  {
    "code" : "active",
    "display" : "Active state",
    "definition" : "Measurement taken during activity"
  },
  {
    "code" : "recovery",
    "display" : "Recovery state",
    "definition" : "Measurement taken during recovery"
  },
  {
    "code" : "sleep",
    "display" : "Sleep state",
    "definition" : "Measurement taken during sleep"
  },
  {
    "code" : "stress",
    "display" : "Stress state",
    "definition" : "Measurement taken during stress"
  }]
}