{
  "resourceType" : "CodeSystem",
  "id" : "exposure-conditions-cs",
  "text" : {
    "status" : "generated",
    "div" : "<div xmlns=\"http://www.w3.org/1999/xhtml\"><p class=\"res-header-id\"><b>Generated Narrative: CodeSystem exposure-conditions-cs</b></p><a name=\"exposure-conditions-cs\"> </a><a name=\"hcexposure-conditions-cs\"> </a><a name=\"exposure-conditions-cs-en-US\"> </a><p>This case-sensitive code system <code>https://github.com/RicardoLSantos/shorthand/CodeSystem/exposure-conditions-cs</code> defines the following codes:</p><table class=\"codes\"><tr><td style=\"white-space:nowrap\"><b>Code</b></td><td><b>Display</b></td><td><b>Definition</b></td></tr><tr><td style=\"white-space:nowrap\">normal<a name=\"exposure-conditions-cs-normal\"> </a></td><td>Normal conditions</td><td>Standard environmental conditions</td></tr><tr><td style=\"white-space:nowrap\">extreme<a name=\"exposure-conditions-cs-extreme\"> </a></td><td>Extreme conditions</td><td>Unusual or severe environmental conditions</td></tr><tr><td style=\"white-space:nowrap\">controlled<a name=\"exposure-conditions-cs-controlled\"> </a></td><td>Controlled environment</td><td>Environment with controlled conditions</td></tr><tr><td style=\"white-space:nowrap\">variable<a name=\"exposure-conditions-cs-variable\"> </a></td><td>Variable conditions</td><td>Changing environmental conditions</td></tr></table></div>"
  },
  "url" : "https://github.com/RicardoLSantos/shorthand/CodeSystem/exposure-conditions-cs",
  "version" : "0.1.0",
  "name" : "ExposureConditionsCS",
  "title" : "Exposure Conditions Code System",
  "status" : "draft",
  "experimental" : true,
  "date" : "2025-01-04T21:28:42+00:00",
  "publisher" : "Ricardo Lourenço dos Santos",
  "contact" : [{
    "name" : "Ricardo Lourenço dos Santos",
    "telecom" : [{
      "system" : "url",
      "value" : "https://linktr.ee/ricardolsantos"
    }]
  }],
  "description" : "Code system for conditions during environmental exposure",
  "caseSensitive" : true,
  "content" : "complete",
  "count" : 4,
  "concept" : [{
    "code" : "normal",
    "display" : "Normal conditions",
    "definition" : "Standard environmental conditions"
  },
  {
    "code" : "extreme",
    "display" : "Extreme conditions",
    "definition" : "Unusual or severe environmental conditions"
  },
  {
    "code" : "controlled",
    "display" : "Controlled environment",
    "definition" : "Environment with controlled conditions"
  },
  {
    "code" : "variable",
    "display" : "Variable conditions",
    "definition" : "Changing environmental conditions"
  }]
}