{
  "resourceType" : "CodeSystem",
  "id" : "fall-risk-outcomes-codesystem",
  "text" : {
    "status" : "generated",
    "div" : "<div xmlns=\"http://www.w3.org/1999/xhtml\"><p class=\"res-header-id\"><b>Generated Narrative: CodeSystem fall-risk-outcomes-codesystem</b></p><a name=\"fall-risk-outcomes-codesystem\"> </a><a name=\"hcfall-risk-outcomes-codesystem\"> </a><a name=\"fall-risk-outcomes-codesystem-en-US\"> </a><p>This case-sensitive code system <code>http://example.org/CodeSystem/fall-risk-outcomes-codesystem</code> defines the following codes:</p><table class=\"codes\"><tr><td style=\"white-space:nowrap\"><b>Code</b></td><td><b>Display</b></td></tr><tr><td style=\"white-space:nowrap\">noRisk<a name=\"fall-risk-outcomes-codesystem-noRisk\"> </a></td><td>No Risk of Falls</td></tr><tr><td style=\"white-space:nowrap\">lowRisk<a name=\"fall-risk-outcomes-codesystem-lowRisk\"> </a></td><td>Low Risk of Falls</td></tr><tr><td style=\"white-space:nowrap\">moderateRisk<a name=\"fall-risk-outcomes-codesystem-moderateRisk\"> </a></td><td>Moderate Risk of Falls</td></tr><tr><td style=\"white-space:nowrap\">highRisk<a name=\"fall-risk-outcomes-codesystem-highRisk\"> </a></td><td>High Risk of Falls</td></tr></table></div>"
  },
  "url" : "http://example.org/CodeSystem/fall-risk-outcomes-codesystem",
  "version" : "0.1.0",
  "name" : "FallRiskOutcomesCodeSystem",
  "title" : "Fall Risk Outcomes Code System",
  "status" : "active",
  "date" : "2025-01-02T17:46:41+00:00",
  "publisher" : "Ricardo Lourenço dos Santos",
  "contact" : [{
    "name" : "Ricardo Lourenço dos Santos",
    "telecom" : [{
      "system" : "url",
      "value" : "https://linktr.ee/ricardolsantos"
    }]
  }],
  "caseSensitive" : true,
  "content" : "complete",
  "count" : 4,
  "concept" : [{
    "code" : "noRisk",
    "display" : "No Risk of Falls"
  },
  {
    "code" : "lowRisk",
    "display" : "Low Risk of Falls"
  },
  {
    "code" : "moderateRisk",
    "display" : "Moderate Risk of Falls"
  },
  {
    "code" : "highRisk",
    "display" : "High Risk of Falls"
  }]
}