{
  "resourceType" : "CodeSystem",
  "id" : "exposure-location-cs",
  "text" : {
    "status" : "generated",
    "div" : "<div xmlns=\"http://www.w3.org/1999/xhtml\"><p class=\"res-header-id\"><b>Generated Narrative: CodeSystem exposure-location-cs</b></p><a name=\"exposure-location-cs\"> </a><a name=\"hcexposure-location-cs\"> </a><a name=\"exposure-location-cs-en-US\"> </a><p>This case-sensitive code system <code>https://github.com/RicardoLSantos/shorthand/CodeSystem/exposure-location-cs</code> defines the following codes:</p><table class=\"codes\"><tr><td style=\"white-space:nowrap\"><b>Code</b></td><td><b>Display</b></td><td><b>Definition</b></td></tr><tr><td style=\"white-space:nowrap\">indoor<a name=\"exposure-location-cs-indoor\"> </a></td><td>Indoor environment</td><td>Environment within buildings or enclosed spaces</td></tr><tr><td style=\"white-space:nowrap\">outdoor<a name=\"exposure-location-cs-outdoor\"> </a></td><td>Outdoor environment</td><td>Open-air environment</td></tr><tr><td style=\"white-space:nowrap\">workplace<a name=\"exposure-location-cs-workplace\"> </a></td><td>Workplace</td><td>Professional or occupational environment</td></tr><tr><td style=\"white-space:nowrap\">transit<a name=\"exposure-location-cs-transit\"> </a></td><td>In transit</td><td>While in transportation or commuting</td></tr><tr><td style=\"white-space:nowrap\">recreational<a name=\"exposure-location-cs-recreational\"> </a></td><td>Recreational area</td><td>Leisure or sports facilities</td></tr><tr><td style=\"white-space:nowrap\">urban<a name=\"exposure-location-cs-urban\"> </a></td><td>Urban area</td><td>City or densely populated area</td></tr><tr><td style=\"white-space:nowrap\">rural<a name=\"exposure-location-cs-rural\"> </a></td><td>Rural area</td><td>Countryside or sparsely populated area</td></tr></table></div>"
  },
  "url" : "https://github.com/RicardoLSantos/shorthand/CodeSystem/exposure-location-cs",
  "version" : "0.1.0",
  "name" : "ExposureLocationCS",
  "title" : "Exposure Location Code System",
  "status" : "draft",
  "experimental" : true,
  "date" : "2025-01-03T09:54:59+00:00",
  "publisher" : "Ricardo Lourenço dos Santos",
  "contact" : [{
    "name" : "Ricardo Lourenço dos Santos",
    "telecom" : [{
      "system" : "url",
      "value" : "https://linktr.ee/ricardolsantos"
    }]
  }],
  "description" : "Code system for environmental exposure locations",
  "caseSensitive" : true,
  "content" : "complete",
  "count" : 7,
  "concept" : [{
    "code" : "indoor",
    "display" : "Indoor environment",
    "definition" : "Environment within buildings or enclosed spaces"
  },
  {
    "code" : "outdoor",
    "display" : "Outdoor environment",
    "definition" : "Open-air environment"
  },
  {
    "code" : "workplace",
    "display" : "Workplace",
    "definition" : "Professional or occupational environment"
  },
  {
    "code" : "transit",
    "display" : "In transit",
    "definition" : "While in transportation or commuting"
  },
  {
    "code" : "recreational",
    "display" : "Recreational area",
    "definition" : "Leisure or sports facilities"
  },
  {
    "code" : "urban",
    "display" : "Urban area",
    "definition" : "City or densely populated area"
  },
  {
    "code" : "rural",
    "display" : "Rural area",
    "definition" : "Countryside or sparsely populated area"
  }]
}