{
  "resourceType" : "CodeSystem",
  "id" : "reproductive-activity-cs",
  "text" : {
    "status" : "generated",
    "div" : "<div xmlns=\"http://www.w3.org/1999/xhtml\"><p class=\"res-header-id\"><b>Generated Narrative: CodeSystem reproductive-activity-cs</b></p><a name=\"reproductive-activity-cs\"> </a><a name=\"hcreproductive-activity-cs\"> </a><a name=\"reproductive-activity-cs-en-US\"> </a><p>This case-sensitive code system <code>https://github.com/RicardoLSantos/shorthand/CodeSystem/reproductive-activity-cs</code> defines the following codes:</p><table class=\"codes\"><tr><td style=\"white-space:nowrap\"><b>Code</b></td><td><b>Display</b></td><td><b>Definition</b></td></tr><tr><td style=\"white-space:nowrap\">cycle-tracking<a name=\"reproductive-activity-cs-cycle-tracking\"> </a></td><td>Cycle Tracking</td><td>Track menstrual cycle dates and characteristics</td></tr><tr><td style=\"white-space:nowrap\">temp-monitoring<a name=\"reproductive-activity-cs-temp-monitoring\"> </a></td><td>Temperature Monitoring</td><td>Monitor basal body temperature</td></tr><tr><td style=\"white-space:nowrap\">symptom-tracking<a name=\"reproductive-activity-cs-symptom-tracking\"> </a></td><td>Symptom Tracking</td><td>Track reproductive health symptoms</td></tr><tr><td style=\"white-space:nowrap\">vitals-monitoring<a name=\"reproductive-activity-cs-vitals-monitoring\"> </a></td><td>Vitals Monitoring</td><td>Monitor vital signs related to reproductive health</td></tr><tr><td style=\"white-space:nowrap\">fertility-signs<a name=\"reproductive-activity-cs-fertility-signs\"> </a></td><td>Fertility Signs</td><td>Monitor fertility signs and indicators</td></tr><tr><td style=\"white-space:nowrap\">mood-tracking<a name=\"reproductive-activity-cs-mood-tracking\"> </a></td><td>Mood Tracking</td><td>Track mood changes related to reproductive cycle</td></tr><tr><td style=\"white-space:nowrap\">medication-log<a name=\"reproductive-activity-cs-medication-log\"> </a></td><td>Medication Log</td><td>Log reproductive health medications</td></tr><tr><td style=\"white-space:nowrap\">exercise-tracking<a name=\"reproductive-activity-cs-exercise-tracking\"> </a></td><td>Exercise Tracking</td><td>Track physical activity during cycle</td></tr></table></div>"
  },
  "url" : "https://github.com/RicardoLSantos/shorthand/CodeSystem/reproductive-activity-cs",
  "version" : "0.1.0",
  "name" : "ReproductiveActivityCS",
  "title" : "Reproductive Health Activities Code System",
  "status" : "active",
  "experimental" : false,
  "date" : "2025-01-04T21:28:42+00:00",
  "publisher" : "Ricardo Lourenço dos Santos",
  "contact" : [{
    "name" : "Ricardo Lourenço dos Santos",
    "telecom" : [{
      "system" : "url",
      "value" : "https://linktr.ee/ricardolsantos"
    }]
  }],
  "description" : "Code system for reproductive health monitoring activities",
  "caseSensitive" : true,
  "content" : "complete",
  "count" : 8,
  "concept" : [{
    "code" : "cycle-tracking",
    "display" : "Cycle Tracking",
    "definition" : "Track menstrual cycle dates and characteristics"
  },
  {
    "code" : "temp-monitoring",
    "display" : "Temperature Monitoring",
    "definition" : "Monitor basal body temperature"
  },
  {
    "code" : "symptom-tracking",
    "display" : "Symptom Tracking",
    "definition" : "Track reproductive health symptoms"
  },
  {
    "code" : "vitals-monitoring",
    "display" : "Vitals Monitoring",
    "definition" : "Monitor vital signs related to reproductive health"
  },
  {
    "code" : "fertility-signs",
    "display" : "Fertility Signs",
    "definition" : "Monitor fertility signs and indicators"
  },
  {
    "code" : "mood-tracking",
    "display" : "Mood Tracking",
    "definition" : "Track mood changes related to reproductive cycle"
  },
  {
    "code" : "medication-log",
    "display" : "Medication Log",
    "definition" : "Log reproductive health medications"
  },
  {
    "code" : "exercise-tracking",
    "display" : "Exercise Tracking",
    "definition" : "Track physical activity during cycle"
  }]
}