{
  "resourceType" : "CodeSystem",
  "id" : "cervical-mucus-cs",
  "text" : {
    "status" : "generated",
    "div" : "<div xmlns=\"http://www.w3.org/1999/xhtml\"><p class=\"res-header-id\"><b>Generated Narrative: CodeSystem cervical-mucus-cs</b></p><a name=\"cervical-mucus-cs\"> </a><a name=\"hccervical-mucus-cs\"> </a><a name=\"cervical-mucus-cs-en-US\"> </a><p>This case-sensitive code system <code>http://example.org/fhir/CodeSystem/cervical-mucus-cs</code> defines the following codes:</p><table class=\"codes\"><tr><td style=\"white-space:nowrap\"><b>Code</b></td><td><b>Display</b></td></tr><tr><td style=\"white-space:nowrap\">dry<a name=\"cervical-mucus-cs-dry\"> </a></td><td>Dry</td></tr><tr><td style=\"white-space:nowrap\">sticky<a name=\"cervical-mucus-cs-sticky\"> </a></td><td>Sticky</td></tr><tr><td style=\"white-space:nowrap\">creamy<a name=\"cervical-mucus-cs-creamy\"> </a></td><td>Creamy</td></tr><tr><td style=\"white-space:nowrap\">watery<a name=\"cervical-mucus-cs-watery\"> </a></td><td>Watery</td></tr><tr><td style=\"white-space:nowrap\">eggWhite<a name=\"cervical-mucus-cs-eggWhite\"> </a></td><td>Egg White</td></tr></table></div>"
  },
  "url" : "http://example.org/fhir/CodeSystem/cervical-mucus-cs",
  "version" : "0.1.0",
  "name" : "CervicalMucusCodeSystem",
  "title" : "Cervical Mucus Code System",
  "status" : "active",
  "date" : "2025-01-04T21:28:42+00:00",
  "publisher" : "Ricardo Lourenço dos Santos",
  "contact" : [{
    "name" : "Ricardo Lourenço dos Santos",
    "telecom" : [{
      "system" : "url",
      "value" : "https://linktr.ee/ricardolsantos"
    }]
  }],
  "caseSensitive" : true,
  "content" : "complete",
  "count" : 5,
  "concept" : [{
    "code" : "dry",
    "display" : "Dry"
  },
  {
    "code" : "sticky",
    "display" : "Sticky"
  },
  {
    "code" : "creamy",
    "display" : "Creamy"
  },
  {
    "code" : "watery",
    "display" : "Watery"
  },
  {
    "code" : "eggWhite",
    "display" : "Egg White"
  }]
}