{
  "resourceType" : "CodeSystem",
  "id" : "environment-type-cs",
  "text" : {
    "status" : "generated",
    "div" : "<div xmlns=\"http://www.w3.org/1999/xhtml\"><p class=\"res-header-id\"><b>Generated Narrative: CodeSystem environment-type-cs</b></p><a name=\"environment-type-cs\"> </a><a name=\"hcenvironment-type-cs\"> </a><a name=\"environment-type-cs-en-US\"> </a><p>This case-sensitive code system <code>https://github.com/RicardoLSantos/shorthand/CodeSystem/environment-type-cs</code> defines the following codes:</p><table class=\"codes\"><tr><td style=\"white-space:nowrap\"><b>Code</b></td><td><b>Display</b></td><td><b>Definition</b></td></tr><tr><td style=\"white-space:nowrap\">indoor<a name=\"environment-type-cs-indoor\"> </a></td><td>Indoor</td><td>Indoor environment</td></tr><tr><td style=\"white-space:nowrap\">outdoor<a name=\"environment-type-cs-outdoor\"> </a></td><td>Outdoor</td><td>Outdoor environment</td></tr><tr><td style=\"white-space:nowrap\">quiet<a name=\"environment-type-cs-quiet\"> </a></td><td>Quiet Space</td><td>Quiet or silent environment</td></tr><tr><td style=\"white-space:nowrap\">group<a name=\"environment-type-cs-group\"> </a></td><td>Group Setting</td><td>Group practice environment</td></tr></table></div>"
  },
  "url" : "https://github.com/RicardoLSantos/shorthand/CodeSystem/environment-type-cs",
  "version" : "0.1.0",
  "name" : "EnvironmentTypeCS",
  "title" : "Practice Environment Types",
  "status" : "draft",
  "experimental" : false,
  "date" : "2024-12-26T11:41:10+00:00",
  "publisher" : "Ricardo Lourenço dos Santos",
  "contact" : [{
    "name" : "Ricardo Lourenço dos Santos",
    "telecom" : [{
      "system" : "url",
      "value" : "https://linktr.ee/ricardolsantos"
    }]
  }],
  "description" : "Types of environments for mindfulness practice",
  "caseSensitive" : true,
  "content" : "complete",
  "count" : 4,
  "concept" : [{
    "code" : "indoor",
    "display" : "Indoor",
    "definition" : "Indoor environment"
  },
  {
    "code" : "outdoor",
    "display" : "Outdoor",
    "definition" : "Outdoor environment"
  },
  {
    "code" : "quiet",
    "display" : "Quiet Space",
    "definition" : "Quiet or silent environment"
  },
  {
    "code" : "group",
    "display" : "Group Setting",
    "definition" : "Group practice environment"
  }]
}