{
  "resourceType" : "CodeSystem",
  "id" : "social-interaction-type-cs",
  "text" : {
    "status" : "generated",
    "div" : "<div xmlns=\"http://www.w3.org/1999/xhtml\"><p class=\"res-header-id\"><b>Generated Narrative: CodeSystem social-interaction-type-cs</b></p><a name=\"social-interaction-type-cs\"> </a><a name=\"hcsocial-interaction-type-cs\"> </a><a name=\"social-interaction-type-cs-en-US\"> </a><p>This  code system <code>https://github.com/RicardoLSantos/shorthand/CodeSystem/social-interaction-type-cs</code> defines the following codes:</p><table class=\"codes\"><tr><td style=\"white-space:nowrap\"><b>Code</b></td><td><b>Display</b></td><td><b>Definition</b></td></tr><tr><td style=\"white-space:nowrap\">family<a name=\"social-interaction-type-cs-family\"> </a></td><td>Family Interaction</td><td>Interaction with family members</td></tr><tr><td style=\"white-space:nowrap\">friends<a name=\"social-interaction-type-cs-friends\"> </a></td><td>Friend Interaction</td><td>Interaction with friends</td></tr><tr><td style=\"white-space:nowrap\">professional<a name=\"social-interaction-type-cs-professional\"> </a></td><td>Professional Interaction</td><td>Work-related interactions</td></tr><tr><td style=\"white-space:nowrap\">community<a name=\"social-interaction-type-cs-community\"> </a></td><td>Community Interaction</td><td>Community-based interactions</td></tr><tr><td style=\"white-space:nowrap\">group<a name=\"social-interaction-type-cs-group\"> </a></td><td>Group Activity</td><td>Organized group activities</td></tr><tr><td style=\"white-space:nowrap\">casual<a name=\"social-interaction-type-cs-casual\"> </a></td><td>Casual Interaction</td><td>Casual social encounters</td></tr></table></div>"
  },
  "url" : "https://github.com/RicardoLSantos/shorthand/CodeSystem/social-interaction-type-cs",
  "version" : "0.1.0",
  "name" : "SocialInteractionTypeCS",
  "title" : "Social Interaction Type Code System",
  "status" : "draft",
  "date" : "2025-01-04T21:28:42+00:00",
  "publisher" : "Ricardo Lourenço dos Santos",
  "contact" : [{
    "name" : "Ricardo Lourenço dos Santos",
    "telecom" : [{
      "system" : "url",
      "value" : "https://linktr.ee/ricardolsantos"
    }]
  }],
  "description" : "Types of social interactions",
  "content" : "complete",
  "count" : 6,
  "concept" : [{
    "code" : "family",
    "display" : "Family Interaction",
    "definition" : "Interaction with family members"
  },
  {
    "code" : "friends",
    "display" : "Friend Interaction",
    "definition" : "Interaction with friends"
  },
  {
    "code" : "professional",
    "display" : "Professional Interaction",
    "definition" : "Work-related interactions"
  },
  {
    "code" : "community",
    "display" : "Community Interaction",
    "definition" : "Community-based interactions"
  },
  {
    "code" : "group",
    "display" : "Group Activity",
    "definition" : "Organized group activities"
  },
  {
    "code" : "casual",
    "display" : "Casual Interaction",
    "definition" : "Casual social encounters"
  }]
}