{
  "resourceType" : "CodeSystem",
  "id" : "symptom-severity-cs",
  "text" : {
    "status" : "generated",
    "div" : "<div xmlns=\"http://www.w3.org/1999/xhtml\"><p class=\"res-header-id\"><b>Generated Narrative: CodeSystem symptom-severity-cs</b></p><a name=\"symptom-severity-cs\"> </a><a name=\"hcsymptom-severity-cs\"> </a><a name=\"symptom-severity-cs-en-US\"> </a><p>This  code system <code>https://github.com/RicardoLSantos/shorthand/CodeSystem/symptom-severity-cs</code> defines the following codes:</p><table class=\"codes\"><tr><td style=\"white-space:nowrap\"><b>Code</b></td><td><b>Display</b></td><td><b>Definition</b></td></tr><tr><td style=\"white-space:nowrap\">1-3<a name=\"symptom-severity-cs-1-3\"> </a></td><td>Light</td><td>Symptom barely noticeable</td></tr><tr><td style=\"white-space:nowrap\">4-6<a name=\"symptom-severity-cs-4-6\"> </a></td><td>Mild</td><td>Symptom noticeable but not interfering with daily activities</td></tr><tr><td style=\"white-space:nowrap\">7-8<a name=\"symptom-severity-cs-7-8\"> </a></td><td>Intense</td><td>Symptom interfering with daily activities</td></tr><tr><td style=\"white-space:nowrap\">9-10<a name=\"symptom-severity-cs-9-10\"> </a></td><td>Severe</td><td>Symptom preventing daily activities</td></tr></table></div>"
  },
  "url" : "https://github.com/RicardoLSantos/shorthand/CodeSystem/symptom-severity-cs",
  "version" : "0.1.0",
  "name" : "SymptomSeverityCS",
  "title" : "Symptom Severity Code System",
  "status" : "draft",
  "date" : "2025-01-14T13:24:18+00:00",
  "publisher" : "Ricardo Lourenço dos Santos",
  "contact" : [{
    "name" : "Ricardo Lourenço dos Santos",
    "telecom" : [{
      "system" : "url",
      "value" : "https://linktr.ee/ricardolsantos"
    }]
  }],
  "description" : "Severity levels for symptoms",
  "content" : "complete",
  "count" : 4,
  "concept" : [{
    "code" : "1-3",
    "display" : "Light",
    "definition" : "Symptom barely noticeable"
  },
  {
    "code" : "4-6",
    "display" : "Mild",
    "definition" : "Symptom noticeable but not interfering with daily activities"
  },
  {
    "code" : "7-8",
    "display" : "Intense",
    "definition" : "Symptom interfering with daily activities"
  },
  {
    "code" : "9-10",
    "display" : "Severe",
    "definition" : "Symptom preventing daily activities"
  }]
}