{
  "resourceType" : "ConceptMap",
  "id" : "MindfulnessDiagnosticMap",
  "text" : {
    "status" : "generated",
    "div" : "<div xmlns=\"http://www.w3.org/1999/xhtml\"><p class=\"res-header-id\"><b>Generated Narrative: ConceptMap MindfulnessDiagnosticMap</b></p><a name=\"MindfulnessDiagnosticMap\"> </a><a name=\"hcMindfulnessDiagnosticMap\"> </a><a name=\"MindfulnessDiagnosticMap-en-US\"> </a><p>Mapping from https://example.org/ValueSet/mindfulness-outcome-vs to <a href=\"http://hl7.org/fhir/R4/codesystem-snomedct.html\">http://snomed.info/sct</a></p><br/><p><b>Group 1 </b>Mapping from <code>https://example.org/CodeSystem/mindfulness-outcome-cs</code> to <a href=\"http://hl7.org/fhir/R4/codesystem-snomedct.html\">SNOMED CT (all versions)</a></p><table class=\"grid\"><tr><td><b>Source Code</b></td><td><b>Relationship</b></td><td><b>Target Code</b></td><td><b>Comment</b></td></tr><tr><td>stressReduction</td><td><a href=\"http://hl7.org/fhir/extensions/5.1.0/CodeSystem-concept-map-equivalence.html#narrower\" title=\"narrower\">narrower</a></td><td>73595000 (Stress)</td><td>Indicates reduction in stress levels</td></tr><tr><td>improvedSleep</td><td><a href=\"http://hl7.org/fhir/extensions/5.1.0/CodeSystem-concept-map-equivalence.html#narrower\" title=\"narrower\">narrower</a></td><td>248234008 (Sleep pattern)</td><td>Indicates improvement in sleep quality</td></tr><tr><td>emotionalBalance</td><td><a href=\"http://hl7.org/fhir/extensions/5.1.0/CodeSystem-concept-map-equivalence.html#equivalent\" title=\"equivalent\">is equivalent to</a></td><td>285854004 (Emotional state)</td><td>Maps to emotional state finding</td></tr><tr><td>increasedAwareness</td><td><a href=\"http://hl7.org/fhir/extensions/5.1.0/CodeSystem-concept-map-equivalence.html#relatedto\" title=\"relatedto\">is related to</a></td><td>736253002 (Mental state, behavior and/or psychosocial functioning)</td><td>General improvement in mental state</td></tr></table></div>"
  },
  "url" : "https://github.com/RicardoLSantos/shorthand/ConceptMap/MindfulnessDiagnosticMap",
  "version" : "0.1.0",
  "title" : "Mindfulness Diagnostic Mappings",
  "status" : "draft",
  "experimental" : false,
  "date" : "2025-01-04T22:27:27+00:00",
  "publisher" : "Ricardo Lourenço dos Santos",
  "contact" : [{
    "name" : "Ricardo Lourenço dos Santos",
    "telecom" : [{
      "system" : "url",
      "value" : "https://linktr.ee/ricardolsantos"
    }]
  }],
  "description" : "Mapping of mindfulness outcomes to diagnostic codes",
  "purpose" : "Map mindfulness outcomes to standard diagnostic codes",
  "sourceUri" : "https://example.org/ValueSet/mindfulness-outcome-vs",
  "targetUri" : "http://snomed.info/sct",
  "group" : [{
    "source" : "https://example.org/CodeSystem/mindfulness-outcome-cs",
    "target" : "http://snomed.info/sct",
    "element" : [{
      "code" : "stressReduction",
      "target" : [{
        "code" : "73595000",
        "display" : "Stress",
        "equivalence" : "narrower",
        "comment" : "Indicates reduction in stress levels"
      }]
    },
    {
      "code" : "improvedSleep",
      "target" : [{
        "code" : "248234008",
        "display" : "Sleep pattern",
        "equivalence" : "narrower",
        "comment" : "Indicates improvement in sleep quality"
      }]
    },
    {
      "code" : "emotionalBalance",
      "target" : [{
        "code" : "285854004",
        "display" : "Emotional state",
        "equivalence" : "equivalent",
        "comment" : "Maps to emotional state finding"
      }]
    },
    {
      "code" : "increasedAwareness",
      "target" : [{
        "code" : "736253002",
        "display" : "Mental state, behavior and/or psychosocial functioning",
        "equivalence" : "relatedto",
        "comment" : "General improvement in mental state"
      }]
    }]
  }]
}