{
  "resourceType" : "Consent",
  "id" : "MultiJurisdictionalConsentExample",
  "meta" : {
    "profile" : ["https://2rdoc.pt/ig/ios-lifestyle-medicine/StructureDefinition/multi-jurisdictional-consent"]
  },
  "text" : {
    "status" : "generated",
    "div" : "<div xmlns=\"http://www.w3.org/1999/xhtml\"><p class=\"res-header-id\"><b>Narrativa gerada: Consent MultiJurisdictionalConsentExample</b></p><a name=\"MultiJurisdictionalConsentExample\"> </a><a name=\"hcMultiJurisdictionalConsentExample\"> </a><div style=\"display: inline-block; background-color: #d9e0e7; padding: 6px; margin: 4px; border: 1px solid #8da1b4; border-radius: 5px; line-height: 60%\"><p style=\"margin-bottom: 0px\"/><p style=\"margin-bottom: 0px\">Perfil: <a href=\"StructureDefinition-multi-jurisdictional-consent.html\">Multi-Jurisdictional Healthcare Consent</a></p></div><p><b>status</b>: Active</p><p><b>scope</b>: <span title=\"Códigos:{http://terminology.hl7.org/CodeSystem/consentscope patient-privacy}\">Privacy Consent</span></p><p><b>category</b>: <span title=\"Códigos:{http://terminology.hl7.org/CodeSystem/v3-ActCode IDSCL}\">information disclosure</span></p><p><b>patient</b>: <a href=\"Patient-PatientExample.html\">John Doe  Male, DoB: 1970-01-01 ( urn:oid:2.16.858.1.1.1#12345)</a></p><p><b>dateTime</b>: 2024-03-19 09:00:00+0000</p><blockquote><p><b>policy</b></p><p><b>authority</b>: <a href=\"https://eur-lex.europa.eu/eli/reg/2016/679/oj\">https://eur-lex.europa.eu/eli/reg/2016/679/oj</a></p><p><b>uri</b>: urn:eu:gdpr:2016:679</p></blockquote><blockquote><p><b>policy</b></p><p><b>authority</b>: <a href=\"https://www.hhs.gov/hipaa/index.html\">https://www.hhs.gov/hipaa/index.html</a></p><p><b>uri</b>: urn:us:hipaa:privacy</p></blockquote><blockquote><p><b>policy</b></p><p><b>authority</b>: <a href=\"http://www.planalto.gov.br/ccivil_03/_ato2015-2018/2018/lei/L13709compilado.htm\">http://www.planalto.gov.br/ccivil_03/_ato2015-2018/2018/lei/L13709compilado.htm</a></p><p><b>uri</b>: urn:br:lgpd:2018</p></blockquote><h3>Provisions</h3><table class=\"grid\"><tr><td style=\"display: none\">-</td><td><b>Type</b></td><td><b>Period</b></td><td><b>Action</b></td><td><b>SecurityLabel</b></td></tr><tr><td style=\"display: none\">*</td><td>Opt In</td><td>2024-03-19 --&gt; 2025-03-19</td><td><span title=\"Códigos:{http://terminology.hl7.org/CodeSystem/consentaction access}\">Access</span></td><td><a href=\"http://terminology.hl7.org/6.5.0/CodeSystem-v3-Confidentiality.html#v3-Confidentiality-N\">Confidentiality N</a>: normal</td></tr></table></div>"
  },
  "status" : "active",
  "scope" : {
    "coding" : [{
      "system" : "http://terminology.hl7.org/CodeSystem/consentscope",
      "code" : "patient-privacy",
      "display" : "Privacy Consent"
    }]
  },
  "category" : [{
    "coding" : [{
      "system" : "http://terminology.hl7.org/CodeSystem/v3-ActCode",
      "code" : "IDSCL",
      "display" : "information disclosure"
    }]
  }],
  "patient" : {
    "reference" : "Patient/PatientExample"
  },
  "dateTime" : "2024-03-19T09:00:00Z",
  "policy" : [{
    "authority" : "https://eur-lex.europa.eu/eli/reg/2016/679/oj",
    "uri" : "urn:eu:gdpr:2016:679"
  },
  {
    "authority" : "https://www.hhs.gov/hipaa/index.html",
    "uri" : "urn:us:hipaa:privacy"
  },
  {
    "authority" : "http://www.planalto.gov.br/ccivil_03/_ato2015-2018/2018/lei/L13709compilado.htm",
    "uri" : "urn:br:lgpd:2018"
  }],
  "provision" : {
    "type" : "permit",
    "period" : {
      "start" : "2024-03-19",
      "end" : "2025-03-19"
    },
    "action" : [{
      "coding" : [{
        "system" : "http://terminology.hl7.org/CodeSystem/consentaction",
        "code" : "access",
        "display" : "Access"
      }]
    }],
    "securityLabel" : [{
      "system" : "http://terminology.hl7.org/CodeSystem/v3-Confidentiality",
      "code" : "N",
      "display" : "normal"
    }]
  }
}