{
  "resourceType" : "Device",
  "id" : "WithingsScaleDevice",
  "text" : {
    "status" : "generated",
    "div" : "<div xmlns=\"http://www.w3.org/1999/xhtml\"><p class=\"res-header-id\"><b>Narrativa gerada: Device WithingsScaleDevice</b></p><a name=\"WithingsScaleDevice\"> </a><a name=\"hcWithingsScaleDevice\"> </a><p><b>manufacturer</b>: Withings</p><h3>DeviceNames</h3><table class=\"grid\"><tr><td style=\"display: none\">-</td><td><b>Name</b></td><td><b>Type</b></td></tr><tr><td style=\"display: none\">*</td><td>Withings Body+</td><td>User Friendly name</td></tr></table><p><b>modelNumber</b>: Body+</p></div>"
  },
  "manufacturer" : "Withings",
  "deviceName" : [{
    "name" : "Withings Body+",
    "type" : "user-friendly-name"
  }],
  "modelNumber" : "Body+"
}