{
  "resourceType" : "Device",
  "id" : "DeviceSleepMonitor",
  "text" : {
    "status" : "generated",
    "div" : "<div xmlns=\"http://www.w3.org/1999/xhtml\"><p class=\"res-header-id\"><b>Narrativa gerada: Device DeviceSleepMonitor</b></p><a name=\"DeviceSleepMonitor\"> </a><a name=\"hcDeviceSleepMonitor\"> </a><p><b>manufacturer</b>: HealthTech Devices</p><h3>DeviceNames</h3><table class=\"grid\"><tr><td style=\"display: none\">-</td><td><b>Name</b></td><td><b>Type</b></td></tr><tr><td style=\"display: none\">*</td><td>Sleep Quality Monitor</td><td>User Friendly name</td></tr></table><p><b>modelNumber</b>: SQM-2024</p><p><b>type</b>: <span title=\"Códigos:{http://snomed.info/sct 706172001}\">Sleep monitor</span></p></div>"
  },
  "manufacturer" : "HealthTech Devices",
  "deviceName" : [{
    "name" : "Sleep Quality Monitor",
    "type" : "user-friendly-name"
  }],
  "modelNumber" : "SQM-2024",
  "type" : {
    "coding" : [{
      "system" : "http://snomed.info/sct",
      "code" : "706172001",
      "display" : "Sleep monitor"
    }]
  }
}