{
  "resourceType" : "Device",
  "id" : "WahooPowerMeter",
  "text" : {
    "status" : "generated",
    "div" : "<div xmlns=\"http://www.w3.org/1999/xhtml\"><p class=\"res-header-id\"><b>Narrativa gerada: Device WahooPowerMeter</b></p><a name=\"WahooPowerMeter\"> </a><a name=\"hcWahooPowerMeter\"> </a><p><b>manufacturer</b>: Wahoo Fitness</p><h3>DeviceNames</h3><table class=\"grid\"><tr><td style=\"display: none\">-</td><td><b>Name</b></td><td><b>Type</b></td></tr><tr><td style=\"display: none\">*</td><td>Wahoo KICKR POWRLINK</td><td>User Friendly name</td></tr></table><p><b>modelNumber</b>: POWRLINK ZERO</p></div>"
  },
  "manufacturer" : "Wahoo Fitness",
  "deviceName" : [{
    "name" : "Wahoo KICKR POWRLINK",
    "type" : "user-friendly-name"
  }],
  "modelNumber" : "POWRLINK ZERO"
}