{
  "resourceType" : "Device",
  "id" : "DexcomG7Device",
  "text" : {
    "status" : "generated",
    "div" : "<div xmlns=\"http://www.w3.org/1999/xhtml\"><p class=\"res-header-id\"><b>Narrativa gerada: Device DexcomG7Device</b></p><a name=\"DexcomG7Device\"> </a><a name=\"hcDexcomG7Device\"> </a><p><b>manufacturer</b>: Dexcom, Inc.</p><h3>DeviceNames</h3><table class=\"grid\"><tr><td style=\"display: none\">-</td><td><b>Name</b></td><td><b>Type</b></td></tr><tr><td style=\"display: none\">*</td><td>Dexcom G7</td><td>User Friendly name</td></tr></table><p><b>modelNumber</b>: G7</p><p><b>type</b>: <span title=\"Códigos:{http://snomed.info/sct 5159002}\">Physiologic monitoring system (physical object)</span></p></div>"
  },
  "manufacturer" : "Dexcom, Inc.",
  "deviceName" : [{
    "name" : "Dexcom G7",
    "type" : "user-friendly-name"
  }],
  "modelNumber" : "G7",
  "type" : {
    "coding" : [{
      "system" : "http://snomed.info/sct",
      "code" : "5159002",
      "display" : "Physiologic monitoring system (physical object)"
    }]
  }
}