{
  "resourceType" : "Device",
  "id" : "EnvironmentalDeviceExample",
  "text" : {
    "status" : "generated",
    "div" : "<div xmlns=\"http://www.w3.org/1999/xhtml\"><p class=\"res-header-id\"><b>Generated Narrative: Device EnvironmentalDeviceExample</b></p><a name=\"EnvironmentalDeviceExample\"> </a><a name=\"hcEnvironmentalDeviceExample\"> </a><a name=\"EnvironmentalDeviceExample-en-US\"> </a><p><b>identifier</b>: <code>http://example.org/devices</code>/iPhone-ENV-001</p><p><b>status</b>: Active</p><p><b>manufacturer</b>: Apple Inc.</p><p><b>modelNumber</b>: iPhone 15 Pro</p><p><b>type</b>: <span title=\"Codes:{http://snomed.info/sct 706689003}\">Environmental monitoring device</span></p></div>"
  },
  "identifier" : [{
    "system" : "http://example.org/devices",
    "value" : "iPhone-ENV-001"
  }],
  "status" : "active",
  "manufacturer" : "Apple Inc.",
  "modelNumber" : "iPhone 15 Pro",
  "type" : {
    "coding" : [{
      "system" : "http://snomed.info/sct",
      "code" : "706689003",
      "display" : "Environmental monitoring device"
    }]
  }
}