{
  "resourceType" : "Device",
  "id" : "BioimpedanceAnalyzer",
  "text" : {
    "status" : "generated",
    "div" : "<div xmlns=\"http://www.w3.org/1999/xhtml\"><p class=\"res-header-id\"><b>Narrativa gerada: Device BioimpedanceAnalyzer</b></p><a name=\"BioimpedanceAnalyzer\"> </a><a name=\"hcBioimpedanceAnalyzer\"> </a><p><b>manufacturer</b>: MedTech Solutions</p><h3>DeviceNames</h3><table class=\"grid\"><tr><td style=\"display: none\">-</td><td><b>Name</b></td><td><b>Type</b></td></tr><tr><td style=\"display: none\">*</td><td>Professional Body Composition Analyzer</td><td>User Friendly name</td></tr></table><p><b>modelNumber</b>: BCA-Pro</p><p><b>type</b>: <span title=\"Códigos:{http://snomed.info/sct 706767009}\">Patient data recorder</span></p></div>"
  },
  "manufacturer" : "MedTech Solutions",
  "deviceName" : [{
    "name" : "Professional Body Composition Analyzer",
    "type" : "user-friendly-name"
  }],
  "modelNumber" : "BCA-Pro",
  "type" : {
    "coding" : [{
      "system" : "http://snomed.info/sct",
      "code" : "706767009",
      "display" : "Patient data recorder"
    }]
  }
}