{
  "resourceType" : "Device",
  "id" : "DeviceHeartRateMonitor",
  "text" : {
    "status" : "generated",
    "div" : "<div xmlns=\"http://www.w3.org/1999/xhtml\"><p class=\"res-header-id\"><b>Generated Narrative: Device DeviceHeartRateMonitor</b></p><a name=\"DeviceHeartRateMonitor\"> </a><a name=\"hcDeviceHeartRateMonitor\"> </a><a name=\"DeviceHeartRateMonitor-en-US\"> </a><p><b>manufacturer</b>: HealthTech Devices</p><h3>DeviceNames</h3><table class=\"grid\"><tr><td style=\"display: none\">-</td><td><b>Name</b></td><td><b>Type</b></td></tr><tr><td style=\"display: none\">*</td><td>Continuous Heart Rate Monitor</td><td>User Friendly name</td></tr></table><p><b>modelNumber</b>: HRM-2024</p><p><b>type</b>: <span title=\"Codes:{http://snomed.info/sct 720737000}\">Pulse rate monitoring device</span></p></div>"
  },
  "manufacturer" : "HealthTech Devices",
  "deviceName" : [{
    "name" : "Continuous Heart Rate Monitor",
    "type" : "user-friendly-name"
  }],
  "modelNumber" : "HRM-2024",
  "type" : {
    "coding" : [{
      "system" : "http://snomed.info/sct",
      "code" : "720737000",
      "display" : "Pulse rate monitoring device"
    }]
  }
}