{
  "resourceType" : "MessageDefinition",
  "id" : "StartSessionMessage",
  "meta" : {
    "profile" : ["https://github.com/RicardoLSantos/shorthand/StructureDefinition/mindfulness-message-definition"]
  },
  "text" : {
    "status" : "generated",
    "div" : "<div xmlns=\"http://www.w3.org/1999/xhtml\"><p class=\"res-header-id\"><b>Generated Narrative: MessageDefinition StartSessionMessage</b></p><a name=\"StartSessionMessage\"> </a><a name=\"hcStartSessionMessage\"> </a><a name=\"StartSessionMessage-en-US\"> </a><p><b>url</b>: <a href=\"MessageDefinition-StartSessionMessage.html\">MessageDefinition: url = http://example.org/fhir/MessageDefinition/start-session; version = 0.1.0; status = active; date = 2024-03-19; publisher = Ricardo Lourenço dos Santos; contact = Ricardo Lourenço dos Santos (https://linktr.ee/ricardolsantos); jurisdiction = ; copyright = ; event[x] = Session Start (mindfulness-message-events#session-start); category = notification</a></p><p><b>version</b>: 0.1.0</p><p><b>status</b>: Active</p><p><b>date</b>: 2024-03-19</p><p><b>publisher</b>: Ricardo Lourenço dos Santos</p><p><b>contact</b>: Ricardo Lourenço dos Santos: <a href=\"https://linktr.ee/ricardolsantos\">https://linktr.ee/ricardolsantos</a></p><p><b>event</b>: mindfulness-message-events session-start: Session Start</p><p><b>category</b>: Notification</p><h3>Focus</h3><table class=\"grid\"><tr><td style=\"display: none\">-</td><td><b>Code</b></td><td><b>Profile</b></td><td><b>Min</b></td></tr><tr><td style=\"display: none\">*</td><td>Observation</td><td><code>http://example.org/fhir/StructureDefinition/mindfulness-session</code></td><td>1</td></tr></table></div>"
  },
  "url" : "http://example.org/fhir/MessageDefinition/start-session",
  "version" : "0.1.0",
  "status" : "active",
  "date" : "2024-03-19",
  "publisher" : "Ricardo Lourenço dos Santos",
  "contact" : [{
    "name" : "Ricardo Lourenço dos Santos",
    "telecom" : [{
      "system" : "url",
      "value" : "https://linktr.ee/ricardolsantos"
    }]
  }],
  "eventCoding" : {
    "system" : "http://example.org/fhir/CodeSystem/mindfulness-message-events",
    "code" : "session-start",
    "display" : "Session Start"
  },
  "category" : "notification",
  "focus" : [{
    "code" : "Observation",
    "profile" : "http://example.org/fhir/StructureDefinition/mindfulness-session",
    "min" : 1
  }]
}