{
  "resourceType" : "Observation",
  "id" : "EnvironmentalObservationExample",
  "meta" : {
    "profile" : ["https://2rdoc.pt/ig/ios-lifestyle-medicine/StructureDefinition/environmental-observation"]
  },
  "text" : {
    "status" : "extensions",
    "div" : "<div xmlns=\"http://www.w3.org/1999/xhtml\"><p class=\"res-header-id\"><b>Narrativa gerada: Observation EnvironmentalObservationExample</b></p><a name=\"EnvironmentalObservationExample\"> </a><a name=\"hcEnvironmentalObservationExample\"> </a><div style=\"display: inline-block; background-color: #d9e0e7; padding: 6px; margin: 4px; border: 1px solid #8da1b4; border-radius: 5px; line-height: 60%\"><p style=\"margin-bottom: 0px\"/><p style=\"margin-bottom: 0px\">Perfil: <a href=\"StructureDefinition-environmental-observation.html\">Environmental Observation Profile</a></p></div><p><b>Environmental Context Extension</b>: <span title=\"Códigos:{https://2rdoc.pt/ig/ios-lifestyle-medicine/CodeSystem/environmental-context indoor}\">Indoor</span></p><p><b>status</b>: Final</p><p><b>category</b>: <span title=\"Códigos:{http://terminology.hl7.org/CodeSystem/observation-category survey}\">Survey</span></p><p><b>code</b>: <span title=\"Códigos:{http://loinc.org 60832-3}\">Room temperature</span></p><p><b>subject</b>: <a href=\"Patient-PatientExample.html\">John Doe  Male, DoB: 1970-01-01 ( urn:oid:2.16.858.1.1.1#12345)</a></p><p><b>effective</b>: 2024-03-19 14:00:00+0000</p><p><b>performer</b>: <a href=\"Practitioner-PractitionerExample.html\">Practitioner Jane Smith </a></p><p><b>value</b>: 22 degrees Celsius<span style=\"background: LightGoldenRodYellow\"> (Detalhes: UCUM códigoCel = 'Cel')</span></p><p><b>note</b>: </p><blockquote><div><p>Environmental context observation</p>\n</div></blockquote><p><b>device</b>: <a href=\"Device-EnvironmentalDeviceExample.html\">Device: identifier = urn:oid:2.16.840.1.113883.3.4.5.4#iPhone-ENV-001; status = active; manufacturer = Apple Inc.; modelNumber = iPhone 15 Pro; type = Environmental sensor device</a></p></div>"
  },
  "extension" : [{
    "url" : "https://2rdoc.pt/ig/ios-lifestyle-medicine/StructureDefinition/environmental-context",
    "valueCodeableConcept" : {
      "coding" : [{
        "system" : "https://2rdoc.pt/ig/ios-lifestyle-medicine/CodeSystem/environmental-context",
        "code" : "indoor",
        "display" : "Indoor"
      }]
    }
  }],
  "status" : "final",
  "category" : [{
    "coding" : [{
      "system" : "http://terminology.hl7.org/CodeSystem/observation-category",
      "code" : "survey"
    }]
  }],
  "code" : {
    "coding" : [{
      "system" : "http://loinc.org",
      "code" : "60832-3",
      "display" : "Room temperature"
    }]
  },
  "subject" : {
    "reference" : "Patient/PatientExample"
  },
  "effectiveDateTime" : "2024-03-19T14:00:00Z",
  "performer" : [{
    "reference" : "Practitioner/PractitionerExample"
  }],
  "valueQuantity" : {
    "value" : 22,
    "unit" : "degrees Celsius",
    "system" : "http://unitsofmeasure.org",
    "code" : "Cel"
  },
  "note" : [{
    "text" : "Environmental context observation"
  }],
  "device" : {
    "reference" : "Device/EnvironmentalDeviceExample"
  }
}