{
  "resourceType" : "Observation",
  "id" : "HeightExample",
  "meta" : {
    "profile" : ["https://github.com/RicardoLSantos/shorthand/StructureDefinition/height-observation"]
  },
  "text" : {
    "status" : "generated",
    "div" : "<div xmlns=\"http://www.w3.org/1999/xhtml\"><p class=\"res-header-id\"><b>Generated Narrative: Observation HeightExample</b></p><a name=\"HeightExample\"> </a><a name=\"hcHeightExample\"> </a><a name=\"HeightExample-en-US\"> </a><p><b>status</b>: Final</p><p><b>category</b>: <span title=\"Codes:{http://terminology.hl7.org/CodeSystem/observation-category vital-signs}\">Vital Signs</span></p><p><b>code</b>: <span title=\"Codes:{http://loinc.org 8302-2}\">Body height</span></p><p><b>subject</b>: <a href=\"Patient-PatientExample.html\">Example Patient Male, DoB: 1990-01-01 ( urn:oid:2.16.840.1.113883.2.4.6.3#123456789\u00a0(use:\u00a0usual,\u00a0))</a></p><p><b>effective</b>: 2024-03-19 08:00:00+0000</p><p><b>value</b>: 175 centimeter<span style=\"background: LightGoldenRodYellow\"> (Details: UCUM  codecm = 'cm')</span></p></div>"
  },
  "status" : "final",
  "category" : [{
    "coding" : [{
      "system" : "http://terminology.hl7.org/CodeSystem/observation-category",
      "code" : "vital-signs"
    }]
  }],
  "code" : {
    "coding" : [{
      "system" : "http://loinc.org",
      "code" : "8302-2",
      "display" : "Body height"
    }]
  },
  "subject" : {
    "reference" : "Patient/PatientExample"
  },
  "effectiveDateTime" : "2024-03-19T08:00:00Z",
  "valueQuantity" : {
    "value" : 175,
    "unit" : "centimeter",
    "system" : "http://unitsofmeasure.org",
    "code" : "cm"
  }
}