{
  "resourceType" : "Observation",
  "id" : "AlcoholUseExample",
  "meta" : {
    "profile" : ["https://2rdoc.pt/ig/ios-lifestyle-medicine/StructureDefinition/alcohol-use-observation"]
  },
  "text" : {
    "status" : "generated",
    "div" : "<div xmlns=\"http://www.w3.org/1999/xhtml\"><p class=\"res-header-id\"><b>Narrativa gerada: Observation AlcoholUseExample</b></p><a name=\"AlcoholUseExample\"> </a><a name=\"hcAlcoholUseExample\"> </a><div style=\"display: inline-block; background-color: #d9e0e7; padding: 6px; margin: 4px; border: 1px solid #8da1b4; border-radius: 5px; line-height: 60%\"><p style=\"margin-bottom: 0px\"/><p style=\"margin-bottom: 0px\">Perfil: <a href=\"StructureDefinition-alcohol-use-observation.html\">Alcohol Use Observation Profile</a></p></div><p><b>status</b>: Final</p><p><b>category</b>: <span title=\"Códigos:{http://terminology.hl7.org/CodeSystem/observation-category social-history}\">Social History</span></p><p><b>code</b>: <span title=\"Códigos:{http://loinc.org 11331-6}\">History of Alcohol use</span></p><p><b>subject</b>: <a href=\"Patient-PatientExample.html\">John Doe  Male, DoB: 1970-01-01 ( urn:oid:2.16.858.1.1.1#12345)</a></p><p><b>effective</b>: 2025-11-30 10:00:00+0000</p><p><b>value</b>: <span title=\"Códigos:{http://snomed.info/sct 43783005}\">Moderate drinker (finding)</span></p><p><b>interpretation</b>: <span title=\"Códigos:{http://terminology.hl7.org/CodeSystem/v3-ObservationInterpretation N}\">Normal</span></p><p><b>note</b>: </p><blockquote><div><p>Moderate alcohol consumption. Per ACLM guidelines, recommend harm reduction strategies.</p>\n</div></blockquote><h3>Components</h3><table class=\"grid\"><tr><td style=\"display: none\">-</td><td><b>Code</b></td><td><b>Value[x]</b></td></tr><tr><td style=\"display: none\">*</td><td><span title=\"Códigos:{http://loinc.org 68519-8}\">How many standard drinks containing alcohol do you have on a typical day</span></td><td>8 per week<span style=\"background: LightGoldenRodYellow\"> (Detalhes: UCUM código/wk = '/wk')</span></td></tr></table></div>"
  },
  "status" : "final",
  "category" : [{
    "coding" : [{
      "system" : "http://terminology.hl7.org/CodeSystem/observation-category",
      "code" : "social-history"
    }]
  }],
  "code" : {
    "coding" : [{
      "system" : "http://loinc.org",
      "code" : "11331-6",
      "display" : "History of Alcohol use"
    }]
  },
  "subject" : {
    "reference" : "Patient/PatientExample"
  },
  "effectiveDateTime" : "2025-11-30T10:00:00Z",
  "valueCodeableConcept" : {
    "coding" : [{
      "system" : "http://snomed.info/sct",
      "code" : "43783005",
      "display" : "Moderate drinker (finding)"
    }]
  },
  "interpretation" : [{
    "coding" : [{
      "system" : "http://terminology.hl7.org/CodeSystem/v3-ObservationInterpretation",
      "version" : "3.0.0",
      "code" : "N",
      "display" : "Normal"
    }]
  }],
  "note" : [{
    "text" : "Moderate alcohol consumption. Per ACLM guidelines, recommend harm reduction strategies."
  }],
  "component" : [{
    "code" : {
      "coding" : [{
        "system" : "http://loinc.org",
        "code" : "68519-8",
        "display" : "How many standard drinks containing alcohol do you have on a typical day"
      }]
    },
    "valueQuantity" : {
      "value" : 8,
      "unit" : "per week",
      "system" : "http://unitsofmeasure.org",
      "code" : "/wk"
    }
  }]
}