{
  "resourceType" : "Observation",
  "id" : "AlcoholUseModerateExample",
  "meta" : {
    "profile" : ["https://2rdoc.pt/ig/ios-lifestyle-medicine/StructureDefinition/alcohol-use-observation"]
  },
  "text" : {
    "status" : "extensions",
    "div" : "<div xmlns=\"http://www.w3.org/1999/xhtml\"><p class=\"res-header-id\"><b>Narrativa gerada: Observation AlcoholUseModerateExample</b></p><a name=\"AlcoholUseModerateExample\"> </a><a name=\"hcAlcoholUseModerateExample\"> </a><div style=\"display: inline-block; background-color: #d9e0e7; padding: 6px; margin: 4px; border: 1px solid #8da1b4; border-radius: 5px; line-height: 60%\"><p style=\"margin-bottom: 0px\"/><p style=\"margin-bottom: 0px\">Perfil: <a href=\"StructureDefinition-alcohol-use-observation.html\">Alcohol Use Observation Profile</a></p></div><p><b>Drinking Context</b>: <span title=\"Códigos:{https://2rdoc.pt/ig/ios-lifestyle-medicine/CodeSystem/drinking-context-cs restaurant}\">Restaurant/dining</span></p><p><b>status</b>: Final</p><p><b>category</b>: <span title=\"Códigos:{http://terminology.hl7.org/CodeSystem/observation-category social-history}\">Social History</span></p><p><b>code</b>: <span title=\"Códigos:{http://loinc.org 11331-6}\">History of Alcohol use</span></p><p><b>subject</b>: <a href=\"Patient-PatientExample.html\">John Doe  Male, DoB: 1970-01-01 ( urn:oid:2.16.858.1.1.1#12345)</a></p><p><b>effective</b>: 2025-11-25 10:00:00+0000</p><p><b>value</b>: <span title=\"Códigos:{http://snomed.info/sct 43783005}\">Moderate drinker (finding)</span></p><blockquote><p><b>component</b></p><p><b>code</b>: <span title=\"Códigos:{http://loinc.org 68519-8}\">How many standard drinks containing alcohol do you have on a typical day</span></p><p><b>value</b>: 7 per week<span style=\"background: LightGoldenRodYellow\"> (Detalhes: UCUM código/wk = '/wk')</span></p></blockquote><blockquote><p><b>component</b></p><p><b>code</b>: <span title=\"Códigos:{http://loinc.org 68518-0}\">How often do you have a drink containing alcohol</span></p><p><b>value</b>: <span title=\"Códigos:{https://2rdoc.pt/ig/ios-lifestyle-medicine/CodeSystem/alcohol-drinking-frequency-cs 2-3-per-week}\">2-3 times per week</span></p></blockquote><blockquote><p><b>component</b></p><p><b>code</b>: <span title=\"Códigos:{http://loinc.org 75626-2}\">Total score [AUDIT-C]</span></p><p><b>value</b>: 4</p></blockquote><blockquote><p><b>component</b></p><p><b>code</b>: <span title=\"Códigos:{https://2rdoc.pt/ig/ios-lifestyle-medicine/CodeSystem/lifestyle-observation-cs alcohol-type}\">Type of alcoholic beverage</span></p><p><b>value</b>: <span title=\"Códigos:{https://2rdoc.pt/ig/ios-lifestyle-medicine/CodeSystem/alcohol-beverage-type-cs wine}\">Wine</span></p></blockquote></div>"
  },
  "extension" : [{
    "url" : "https://2rdoc.pt/ig/ios-lifestyle-medicine/StructureDefinition/drinking-context",
    "valueCodeableConcept" : {
      "coding" : [{
        "system" : "https://2rdoc.pt/ig/ios-lifestyle-medicine/CodeSystem/drinking-context-cs",
        "code" : "restaurant",
        "display" : "Restaurant/dining"
      }]
    }
  }],
  "status" : "final",
  "category" : [{
    "coding" : [{
      "system" : "http://terminology.hl7.org/CodeSystem/observation-category",
      "code" : "social-history",
      "display" : "Social History"
    }]
  }],
  "code" : {
    "coding" : [{
      "system" : "http://loinc.org",
      "code" : "11331-6",
      "display" : "History of Alcohol use"
    }]
  },
  "subject" : {
    "reference" : "Patient/PatientExample"
  },
  "effectiveDateTime" : "2025-11-25T10:00:00Z",
  "valueCodeableConcept" : {
    "coding" : [{
      "system" : "http://snomed.info/sct",
      "code" : "43783005",
      "display" : "Moderate drinker (finding)"
    }]
  },
  "component" : [{
    "code" : {
      "coding" : [{
        "system" : "http://loinc.org",
        "code" : "68519-8",
        "display" : "How many standard drinks containing alcohol do you have on a typical day"
      }]
    },
    "valueQuantity" : {
      "value" : 7,
      "unit" : "per week",
      "system" : "http://unitsofmeasure.org",
      "code" : "/wk"
    }
  },
  {
    "code" : {
      "coding" : [{
        "system" : "http://loinc.org",
        "code" : "68518-0",
        "display" : "How often do you have a drink containing alcohol"
      }]
    },
    "valueCodeableConcept" : {
      "coding" : [{
        "system" : "https://2rdoc.pt/ig/ios-lifestyle-medicine/CodeSystem/alcohol-drinking-frequency-cs",
        "code" : "2-3-per-week",
        "display" : "2-3 times per week"
      }]
    }
  },
  {
    "code" : {
      "coding" : [{
        "system" : "http://loinc.org",
        "code" : "75626-2",
        "display" : "Total score [AUDIT-C]"
      }]
    },
    "valueInteger" : 4
  },
  {
    "code" : {
      "coding" : [{
        "system" : "https://2rdoc.pt/ig/ios-lifestyle-medicine/CodeSystem/lifestyle-observation-cs",
        "code" : "alcohol-type",
        "display" : "Type of alcoholic beverage"
      }]
    },
    "valueCodeableConcept" : {
      "coding" : [{
        "system" : "https://2rdoc.pt/ig/ios-lifestyle-medicine/CodeSystem/alcohol-beverage-type-cs",
        "code" : "wine",
        "display" : "Wine"
      }]
    }
  }]
}