{
  "resourceType" : "Observation",
  "id" : "SocialInteractionExample",
  "meta" : {
    "profile" : ["https://2rdoc.pt/ig/ios-lifestyle-medicine/StructureDefinition/social-interaction"]
  },
  "text" : {
    "status" : "extensions",
    "div" : "<div xmlns=\"http://www.w3.org/1999/xhtml\"><p class=\"res-header-id\"><b>Narrativa gerada: Observation SocialInteractionExample</b></p><a name=\"SocialInteractionExample\"> </a><a name=\"hcSocialInteractionExample\"> </a><div style=\"display: inline-block; background-color: #d9e0e7; padding: 6px; margin: 4px; border: 1px solid #8da1b4; border-radius: 5px; line-height: 60%\"><p style=\"margin-bottom: 0px\"/><p style=\"margin-bottom: 0px\">Perfil: <a href=\"StructureDefinition-social-interaction.html\">Social Interaction Profile</a></p></div><p><b>Social Context Extension</b>: <span title=\"Códigos:{https://2rdoc.pt/ig/ios-lifestyle-medicine/CodeSystem/social-context-cs home}\">Home</span></p><p><b>Social Support Extension</b>: <span title=\"Códigos:{https://2rdoc.pt/ig/ios-lifestyle-medicine/CodeSystem/social-support-cs strong}\">Strong Support</span></p><p><b>Social Activity Extension</b>: <span title=\"Códigos:{https://2rdoc.pt/ig/ios-lifestyle-medicine/CodeSystem/social-activity-cs meal}\">Shared Meal</span></p><p><b>status</b>: Final</p><p><b>category</b>: <span title=\"Códigos:{http://terminology.hl7.org/CodeSystem/observation-category social-history}\">Social History</span></p><p><b>code</b>: <span title=\"Códigos:{http://loinc.org 96766-1}\">Social interaction pattern</span></p><p><b>subject</b>: <a href=\"Patient-PatientExample.html\">John Doe  Male, DoB: 1970-01-01 ( urn:oid:2.16.858.1.1.1#12345)</a></p><p><b>effective</b>: 2024-01-03 14:00:00+0000</p><p><b>value</b>: <span title=\"Códigos:{https://2rdoc.pt/ig/ios-lifestyle-medicine/CodeSystem/social-interaction-type-cs family}\">Family Interaction</span></p><blockquote><p><b>component</b></p><p><b>code</b>: <span title=\"Códigos:{http://loinc.org 89597-9}\">Social interaction duration</span></p><p><b>value</b>: 120 minutes<span style=\"background: LightGoldenRodYellow\"> (Detalhes: UCUM códigomin = 'min')</span></p></blockquote><blockquote><p><b>component</b></p><p><b>code</b>: <span title=\"Códigos:{http://loinc.org 89598-7}\">Social interaction quality</span></p><p><b>value</b>: <span title=\"Códigos:{https://2rdoc.pt/ig/ios-lifestyle-medicine/CodeSystem/social-interaction-quality-cs meaningful}\">Meaningful</span></p></blockquote><blockquote><p><b>component</b></p><p><b>code</b>: <span title=\"Códigos:{http://loinc.org 89599-5}\">Social interaction medium</span></p><p><b>value</b>: <span title=\"Códigos:{https://2rdoc.pt/ig/ios-lifestyle-medicine/CodeSystem/social-interaction-medium-cs inPerson}\">In Person</span></p></blockquote><blockquote><p><b>component</b></p><p><b>code</b>: <span title=\"Códigos:{http://loinc.org 89600-1}\">Social interaction participants</span></p><p><b>value</b>: 4</p></blockquote></div>"
  },
  "extension" : [{
    "url" : "https://2rdoc.pt/ig/ios-lifestyle-medicine/StructureDefinition/social-context",
    "valueCodeableConcept" : {
      "coding" : [{
        "system" : "https://2rdoc.pt/ig/ios-lifestyle-medicine/CodeSystem/social-context-cs",
        "code" : "home"
      }]
    }
  },
  {
    "url" : "https://2rdoc.pt/ig/ios-lifestyle-medicine/StructureDefinition/social-support",
    "valueCodeableConcept" : {
      "coding" : [{
        "system" : "https://2rdoc.pt/ig/ios-lifestyle-medicine/CodeSystem/social-support-cs",
        "code" : "strong"
      }]
    }
  },
  {
    "url" : "https://2rdoc.pt/ig/ios-lifestyle-medicine/StructureDefinition/social-activity",
    "valueCodeableConcept" : {
      "coding" : [{
        "system" : "https://2rdoc.pt/ig/ios-lifestyle-medicine/CodeSystem/social-activity-cs",
        "code" : "meal"
      }]
    }
  }],
  "status" : "final",
  "category" : [{
    "coding" : [{
      "system" : "http://terminology.hl7.org/CodeSystem/observation-category",
      "code" : "social-history"
    }]
  }],
  "code" : {
    "coding" : [{
      "system" : "http://loinc.org",
      "code" : "96766-1",
      "display" : "Social interaction pattern"
    }]
  },
  "subject" : {
    "reference" : "Patient/PatientExample"
  },
  "effectiveDateTime" : "2024-01-03T14:00:00Z",
  "valueCodeableConcept" : {
    "coding" : [{
      "system" : "https://2rdoc.pt/ig/ios-lifestyle-medicine/CodeSystem/social-interaction-type-cs",
      "code" : "family"
    }]
  },
  "component" : [{
    "code" : {
      "coding" : [{
        "system" : "http://loinc.org",
        "code" : "89597-9",
        "display" : "Social interaction duration"
      }]
    },
    "valueQuantity" : {
      "value" : 120,
      "unit" : "minutes",
      "system" : "http://unitsofmeasure.org",
      "code" : "min"
    }
  },
  {
    "code" : {
      "coding" : [{
        "system" : "http://loinc.org",
        "code" : "89598-7",
        "display" : "Social interaction quality"
      }]
    },
    "valueCodeableConcept" : {
      "coding" : [{
        "system" : "https://2rdoc.pt/ig/ios-lifestyle-medicine/CodeSystem/social-interaction-quality-cs",
        "code" : "meaningful"
      }]
    }
  },
  {
    "code" : {
      "coding" : [{
        "system" : "http://loinc.org",
        "code" : "89599-5",
        "display" : "Social interaction medium"
      }]
    },
    "valueCodeableConcept" : {
      "coding" : [{
        "system" : "https://2rdoc.pt/ig/ios-lifestyle-medicine/CodeSystem/social-interaction-medium-cs",
        "code" : "inPerson"
      }]
    }
  },
  {
    "code" : {
      "coding" : [{
        "system" : "http://loinc.org",
        "code" : "89600-1",
        "display" : "Social interaction participants"
      }]
    },
    "valueInteger" : 4
  }]
}