{
  "resourceType" : "Observation",
  "id" : "BloodPressureExample",
  "meta" : {
    "profile" : ["https://2rdoc.pt/ig/ios-lifestyle-medicine/StructureDefinition/blood-pressure-observation"]
  },
  "text" : {
    "status" : "extensions",
    "div" : "<div xmlns=\"http://www.w3.org/1999/xhtml\"><p class=\"res-header-id\"><b>Narrativa gerada: Observation BloodPressureExample</b></p><a name=\"BloodPressureExample\"> </a><a name=\"hcBloodPressureExample\"> </a><div style=\"display: inline-block; background-color: #d9e0e7; padding: 6px; margin: 4px; border: 1px solid #8da1b4; border-radius: 5px; line-height: 60%\"><p style=\"margin-bottom: 0px\"/><p style=\"margin-bottom: 0px\">Perfil: <a href=\"StructureDefinition-blood-pressure-observation.html\">Blood Pressure Observation Profile</a></p></div><p><b>Measurement Context Extension</b>: <span title=\"Códigos:{http://snomed.info/sct 307818003}\">Weight monitoring</span></p><p><b>status</b>: Final</p><p><b>category</b>: <span title=\"Códigos:{http://terminology.hl7.org/CodeSystem/observation-category vital-signs}\">Vital Signs</span></p><p><b>code</b>: <span title=\"Códigos:{http://loinc.org 85354-9}\">Blood pressure panel with all children optional</span></p><p><b>subject</b>: <a href=\"Patient-PatientExample.html\">John Doe  Male, DoB: 1970-01-01 ( urn:oid:2.16.858.1.1.1#12345)</a></p><p><b>effective</b>: 2024-03-19 15:30:00+0000</p><p><b>performer</b>: <a href=\"Practitioner-PractitionerExample.html\">Practitioner Jane Smith </a></p><p><b>device</b>: <a href=\"Device-DeviceBloodPressureMonitor.html\">Device: manufacturer = HealthTech Devices; modelNumber = BPM-2024; type = Non-invasive blood pressure monitor</a></p><blockquote><p><b>component</b></p><p><b>code</b>: <span title=\"Códigos:{http://loinc.org 8480-6}\">Systolic blood pressure</span></p><p><b>value</b>: 120 millimeter of mercury<span style=\"background: LightGoldenRodYellow\"> (Detalhes: UCUM códigomm[Hg] = 'mm[Hg]')</span></p></blockquote><blockquote><p><b>component</b></p><p><b>code</b>: <span title=\"Códigos:{http://loinc.org 8462-4}\">Diastolic blood pressure</span></p><p><b>value</b>: 80 millimeter of mercury<span style=\"background: LightGoldenRodYellow\"> (Detalhes: UCUM códigomm[Hg] = 'mm[Hg]')</span></p></blockquote></div>"
  },
  "extension" : [{
    "url" : "https://2rdoc.pt/ig/ios-lifestyle-medicine/StructureDefinition/measurement-context",
    "valueCodeableConcept" : {
      "coding" : [{
        "system" : "http://snomed.info/sct",
        "code" : "307818003",
        "display" : "Weight monitoring"
      }]
    }
  }],
  "status" : "final",
  "category" : [{
    "coding" : [{
      "system" : "http://terminology.hl7.org/CodeSystem/observation-category",
      "code" : "vital-signs"
    }]
  }],
  "code" : {
    "coding" : [{
      "system" : "http://loinc.org",
      "code" : "85354-9",
      "display" : "Blood pressure panel with all children optional"
    }]
  },
  "subject" : {
    "reference" : "Patient/PatientExample"
  },
  "effectiveDateTime" : "2024-03-19T15:30:00Z",
  "performer" : [{
    "reference" : "Practitioner/PractitionerExample"
  }],
  "device" : {
    "reference" : "Device/DeviceBloodPressureMonitor"
  },
  "component" : [{
    "code" : {
      "coding" : [{
        "system" : "http://loinc.org",
        "code" : "8480-6",
        "display" : "Systolic blood pressure"
      }]
    },
    "valueQuantity" : {
      "value" : 120,
      "unit" : "millimeter of mercury",
      "system" : "http://unitsofmeasure.org",
      "code" : "mm[Hg]"
    }
  },
  {
    "code" : {
      "coding" : [{
        "system" : "http://loinc.org",
        "code" : "8462-4",
        "display" : "Diastolic blood pressure"
      }]
    },
    "valueQuantity" : {
      "value" : 80,
      "unit" : "millimeter of mercury",
      "system" : "http://unitsofmeasure.org",
      "code" : "mm[Hg]"
    }
  }]
}