{
  "resourceType" : "Observation",
  "id" : "MindfulnessObservationExample",
  "meta" : {
    "profile" : ["https://2rdoc.pt/ig/ios-lifestyle-medicine/StructureDefinition/mindfulness-observation"]
  },
  "text" : {
    "status" : "generated",
    "div" : "<div xmlns=\"http://www.w3.org/1999/xhtml\"><p class=\"res-header-id\"><b>Narrativa gerada: Observation MindfulnessObservationExample</b></p><a name=\"MindfulnessObservationExample\"> </a><a name=\"hcMindfulnessObservationExample\"> </a><div style=\"display: inline-block; background-color: #d9e0e7; padding: 6px; margin: 4px; border: 1px solid #8da1b4; border-radius: 5px; line-height: 60%\"><p style=\"margin-bottom: 0px\"/><p style=\"margin-bottom: 0px\">Perfil: <a href=\"StructureDefinition-mindfulness-observation.html\">Mindfulness Session Observation</a></p></div><p><b>status</b>: Final</p><p><b>code</b>: <span title=\"Códigos:{http://snomed.info/sct 711020003}\">Meditation</span></p><p><b>subject</b>: <a href=\"Patient-PatientExample.html\">John Doe  Male, DoB: 1970-01-01 ( urn:oid:2.16.858.1.1.1#12345)</a></p><p><b>effective</b>: 2024-03-19 09:30:00+0000</p><p><b>performer</b>: <a href=\"Practitioner-PractitionerExample.html\">Practitioner Jane Smith </a></p><blockquote><p><b>component</b></p><p><b>code</b>: <span title=\"Códigos:{http://snomed.info/sct 118682006}\">Duration</span></p><p><b>value</b>: 20 min<span style=\"background: LightGoldenRodYellow\"> (Detalhes: UCUM códigomin = 'min')</span></p></blockquote><blockquote><p><b>component</b></p><p><b>code</b>: <span title=\"Códigos:{http://snomed.info/sct 725854004}\">Assessment of stress level</span></p><p><b>value</b>: 4</p></blockquote><blockquote><p><b>component</b></p><p><b>code</b>: <span title=\"Códigos:{http://snomed.info/sct 373931001}\">Mood finding</span></p><p><b>value</b>: <span title=\"Códigos:{http://snomed.info/sct 130991005}\">Neutral mood</span></p></blockquote><blockquote><p><b>component</b></p><p><b>code</b>: <span title=\"Códigos:{http://snomed.info/sct 276241001}\">Relaxation technique</span></p><p><b>value</b>: Deep breathing exercises helped reduce tension</p></blockquote><blockquote><p><b>component</b></p><p><b>code</b>: <span title=\"Códigos:{http://snomed.info/sct 711020003}\">Meditation</span></p><p><b>value</b>: <span title=\"Códigos:{http://snomed.info/sct 711020003}\">Meditation</span></p></blockquote></div>"
  },
  "status" : "final",
  "code" : {
    "coding" : [{
      "system" : "http://snomed.info/sct",
      "code" : "711020003",
      "display" : "Meditation"
    }]
  },
  "subject" : {
    "reference" : "Patient/PatientExample"
  },
  "effectiveDateTime" : "2024-03-19T09:30:00Z",
  "performer" : [{
    "reference" : "Practitioner/PractitionerExample"
  }],
  "component" : [{
    "code" : {
      "coding" : [{
        "system" : "http://snomed.info/sct",
        "code" : "118682006",
        "display" : "Duration"
      }]
    },
    "valueQuantity" : {
      "value" : 20,
      "system" : "http://unitsofmeasure.org",
      "code" : "min"
    }
  },
  {
    "code" : {
      "coding" : [{
        "system" : "http://snomed.info/sct",
        "code" : "725854004",
        "display" : "Assessment of stress level"
      }]
    },
    "valueInteger" : 4
  },
  {
    "code" : {
      "coding" : [{
        "system" : "http://snomed.info/sct",
        "code" : "373931001",
        "display" : "Mood finding"
      }]
    },
    "valueCodeableConcept" : {
      "coding" : [{
        "system" : "http://snomed.info/sct",
        "code" : "130991005",
        "display" : "Neutral mood"
      }]
    }
  },
  {
    "code" : {
      "coding" : [{
        "system" : "http://snomed.info/sct",
        "code" : "276241001",
        "display" : "Relaxation technique"
      }]
    },
    "valueString" : "Deep breathing exercises helped reduce tension"
  },
  {
    "code" : {
      "coding" : [{
        "system" : "http://snomed.info/sct",
        "code" : "711020003",
        "display" : "Meditation"
      }]
    },
    "valueCodeableConcept" : {
      "coding" : [{
        "system" : "http://snomed.info/sct",
        "code" : "711020003",
        "display" : "Meditation"
      }]
    }
  }]
}