{
  "resourceType" : "Observation",
  "id" : "StrengthTrainingExample",
  "meta" : {
    "profile" : ["https://2rdoc.pt/ig/ios-lifestyle-medicine/StructureDefinition/strength-training-observation"]
  },
  "text" : {
    "status" : "generated",
    "div" : "<div xmlns=\"http://www.w3.org/1999/xhtml\"><p class=\"res-header-id\"><b>Narrativa gerada: Observation StrengthTrainingExample</b></p><a name=\"StrengthTrainingExample\"> </a><a name=\"hcStrengthTrainingExample\"> </a><div style=\"display: inline-block; background-color: #d9e0e7; padding: 6px; margin: 4px; border: 1px solid #8da1b4; border-radius: 5px; line-height: 60%\"><p style=\"margin-bottom: 0px\"/><p style=\"margin-bottom: 0px\">Perfil: <a href=\"StructureDefinition-strength-training-observation.html\">Strength Training Observation Profile</a></p></div><p><b>status</b>: Final</p><p><b>category</b>: <span title=\"Códigos:{http://terminology.hl7.org/CodeSystem/observation-category activity}\">Activity</span></p><p><b>code</b>: <span title=\"Códigos:{http://loinc.org 73985-4}\">Exercise activity</span></p><p><b>subject</b>: <a href=\"Patient-PatientExample.html\">John Doe  Male, DoB: 1970-01-01 ( urn:oid:2.16.858.1.1.1#12345)</a></p><p><b>effective</b>: 2025-11-30 17:00:00+0000</p><p><b>note</b>: </p><blockquote><div><p>Full body strength session: bench press, squat, deadlift, rows, overhead press, pull-ups.</p>\n</div></blockquote><p><b>device</b>: <a href=\"Device-AppleWatchDevice.html\">Device: status = active; manufacturer = Apple Inc.; serialNumber = DNPXYZ123456; modelNumber = A2978; type = </a></p><blockquote><p><b>component</b></p><p><b>code</b>: <span title=\"Códigos:{https://2rdoc.pt/ig/ios-lifestyle-medicine/CodeSystem/strength-training-cs volume-load}\">Volume Load</span></p><p><b>value</b>: 8500 kilograms<span style=\"background: LightGoldenRodYellow\"> (Detalhes: UCUM códigokg = 'kg')</span></p></blockquote><blockquote><p><b>component</b></p><p><b>code</b>: <span title=\"Códigos:{https://2rdoc.pt/ig/ios-lifestyle-medicine/CodeSystem/strength-training-cs total-sets}\">Total Sets</span></p><p><b>value</b>: 18</p></blockquote><blockquote><p><b>component</b></p><p><b>code</b>: <span title=\"Códigos:{https://2rdoc.pt/ig/ios-lifestyle-medicine/CodeSystem/strength-training-cs total-reps}\">Total Repetitions</span></p><p><b>value</b>: 85</p></blockquote><blockquote><p><b>component</b></p><p><b>code</b>: <span title=\"Códigos:{http://loinc.org 55411-3}\">Exercise duration</span></p><p><b>value</b>: 55 minutes<span style=\"background: LightGoldenRodYellow\"> (Detalhes: UCUM códigomin = 'min')</span></p></blockquote><blockquote><p><b>component</b></p><p><b>code</b>: <span title=\"Códigos:{https://2rdoc.pt/ig/ios-lifestyle-medicine/CodeSystem/strength-training-cs session-rpe}\">Session RPE</span></p><p><b>value</b>: 7</p></blockquote></div>"
  },
  "status" : "final",
  "category" : [{
    "coding" : [{
      "system" : "http://terminology.hl7.org/CodeSystem/observation-category",
      "code" : "activity",
      "display" : "Activity"
    }]
  }],
  "code" : {
    "coding" : [{
      "system" : "http://loinc.org",
      "code" : "73985-4",
      "display" : "Exercise activity"
    }]
  },
  "subject" : {
    "reference" : "Patient/PatientExample"
  },
  "effectiveDateTime" : "2025-11-30T17:00:00Z",
  "note" : [{
    "text" : "Full body strength session: bench press, squat, deadlift, rows, overhead press, pull-ups."
  }],
  "device" : {
    "reference" : "Device/AppleWatchDevice"
  },
  "component" : [{
    "code" : {
      "coding" : [{
        "system" : "https://2rdoc.pt/ig/ios-lifestyle-medicine/CodeSystem/strength-training-cs",
        "code" : "volume-load",
        "display" : "Volume Load"
      }]
    },
    "valueQuantity" : {
      "value" : 8500,
      "unit" : "kilograms",
      "system" : "http://unitsofmeasure.org",
      "code" : "kg"
    }
  },
  {
    "code" : {
      "coding" : [{
        "system" : "https://2rdoc.pt/ig/ios-lifestyle-medicine/CodeSystem/strength-training-cs",
        "code" : "total-sets",
        "display" : "Total Sets"
      }]
    },
    "valueInteger" : 18
  },
  {
    "code" : {
      "coding" : [{
        "system" : "https://2rdoc.pt/ig/ios-lifestyle-medicine/CodeSystem/strength-training-cs",
        "code" : "total-reps",
        "display" : "Total Repetitions"
      }]
    },
    "valueInteger" : 85
  },
  {
    "code" : {
      "coding" : [{
        "system" : "http://loinc.org",
        "code" : "55411-3",
        "display" : "Exercise duration"
      }]
    },
    "valueQuantity" : {
      "value" : 55,
      "unit" : "minutes",
      "system" : "http://unitsofmeasure.org",
      "code" : "min"
    }
  },
  {
    "code" : {
      "coding" : [{
        "system" : "https://2rdoc.pt/ig/ios-lifestyle-medicine/CodeSystem/strength-training-cs",
        "code" : "session-rpe",
        "display" : "Session RPE"
      }]
    },
    "valueInteger" : 7
  }]
}