{
  "resourceType" : "Observation",
  "id" : "InflammatoryPanelExample",
  "text" : {
    "status" : "generated",
    "div" : "<div xmlns=\"http://www.w3.org/1999/xhtml\"><p class=\"res-header-id\"><b>Narrativa gerada: Observation InflammatoryPanelExample</b></p><a name=\"InflammatoryPanelExample\"> </a><a name=\"hcInflammatoryPanelExample\"> </a><p><b>status</b>: Final</p><p><b>category</b>: <span title=\"Códigos:{http://terminology.hl7.org/CodeSystem/observation-category laboratory}\">Laboratory</span></p><p><b>code</b>: <span title=\"Códigos:{http://loinc.org 82335-1}\">Lifestyle Medicine Inflammatory Panel</span></p><p><b>subject</b>: <a href=\"Patient-example.html\">Patient Example  Unknown, DoB: 1970-01-01 ( http://example.org/patients#example-patient)</a></p><p><b>effective</b>: 2025-11-27 08:00:00+0000</p><p><b>note</b>: </p><blockquote><div><p>Baseline inflammatory panel for lifestyle medicine program enrollment. Combines LOINC cytokines panel (82335-1) with CRP per AHA/CDC guidelines. Results will be correlated with wearable HRV data for personalized intervention planning based on RS1 systematic review findings on HRV-inflammation inverse correlation.</p>\n</div></blockquote><p><b>hasMember</b>: </p><ul><li><a href=\"Observation-CRPExample-Normal.html\">CRP measurement</a></li><li><a href=\"Observation-IL6Example-Elevated.html\">IL-6 measurement</a></li><li><a href=\"Observation-TNFAlphaExample-Normal.html\">TNF-α measurement</a></li></ul></div>"
  },
  "status" : "final",
  "category" : [{
    "coding" : [{
      "system" : "http://terminology.hl7.org/CodeSystem/observation-category",
      "code" : "laboratory",
      "display" : "Laboratory"
    }]
  }],
  "code" : {
    "coding" : [{
      "system" : "http://loinc.org",
      "code" : "82335-1",
      "display" : "Cytokines panel - Serum or Plasma"
    }],
    "text" : "Lifestyle Medicine Inflammatory Panel"
  },
  "subject" : {
    "reference" : "Patient/example"
  },
  "effectiveDateTime" : "2025-11-27T08:00:00Z",
  "note" : [{
    "text" : "Baseline inflammatory panel for lifestyle medicine program enrollment. Combines LOINC cytokines panel (82335-1) with CRP per AHA/CDC guidelines. Results will be correlated with wearable HRV data for personalized intervention planning based on RS1 systematic review findings on HRV-inflammation inverse correlation."
  }],
  "hasMember" : [{
    "reference" : "Observation/CRPExample-Normal",
    "display" : "CRP measurement"
  },
  {
    "reference" : "Observation/IL6Example-Elevated",
    "display" : "IL-6 measurement"
  },
  {
    "reference" : "Observation/TNFAlphaExample-Normal",
    "display" : "TNF-α measurement"
  }]
}