{
  "resourceType" : "Observation",
  "id" : "HRVObservationExample",
  "text" : {
    "status" : "generated",
    "div" : "<div xmlns=\"http://www.w3.org/1999/xhtml\"><p class=\"res-header-id\"><b>Narrativa gerada: Observation HRVObservationExample</b></p><a name=\"HRVObservationExample\"> </a><a name=\"hcHRVObservationExample\"> </a><p><b>status</b>: Final</p><p><b>category</b>: <span title=\"Códigos:{http://terminology.hl7.org/CodeSystem/observation-category vital-signs}\">Vital Signs</span></p><p><b>code</b>: <span title=\"Códigos:{http://loinc.org 80404-7}\">Heart Rate Variability - SDNN</span></p><p><b>subject</b>: <a href=\"Patient-PatientExample.html\">John Doe  Male, DoB: 1970-01-01 ( urn:oid:2.16.858.1.1.1#12345)</a></p><p><b>effective</b>: 2025-01-15 08:30:00+0000</p><p><b>value</b>: 42.5 ms<span style=\"background: LightGoldenRodYellow\"> (Detalhes: UCUM códigoms = 'ms')</span></p><p><b>interpretation</b>: <span title=\"Códigos:{http://terminology.hl7.org/CodeSystem/v3-ObservationInterpretation N}\">Normal</span></p><p><b>note</b>: </p><blockquote><div><p>HRV measurement captured during morning rest period</p>\n</div></blockquote><p><b>device</b>: <a href=\"Device-AppleWatchDevice.html\">Device: status = active; manufacturer = Apple Inc.; serialNumber = DNPXYZ123456; modelNumber = A2978; type = </a></p><h3>Components</h3><table class=\"grid\"><tr><td style=\"display: none\">-</td><td><b>Code</b></td><td><b>Value[x]</b></td></tr><tr><td style=\"display: none\">*</td><td><span title=\"Códigos:{https://fmup.up.pt/ios-lifestyle-medicine/CodeSystem/hrv-metrics-cs rmssd}\">Root Mean Square of Successive Differences</span></td><td>38.2 ms<span style=\"background: LightGoldenRodYellow\"> (Detalhes: UCUM códigoms = 'ms')</span></td></tr></table></div>"
  },
  "status" : "final",
  "category" : [{
    "coding" : [{
      "system" : "http://terminology.hl7.org/CodeSystem/observation-category",
      "code" : "vital-signs",
      "display" : "Vital Signs"
    }]
  }],
  "code" : {
    "coding" : [{
      "system" : "http://loinc.org",
      "code" : "80404-7",
      "display" : "R-R interval.standard deviation (Heart rate variability)"
    }],
    "text" : "Heart Rate Variability - SDNN"
  },
  "subject" : {
    "reference" : "Patient/PatientExample"
  },
  "effectiveDateTime" : "2025-01-15T08:30:00Z",
  "valueQuantity" : {
    "value" : 42.5,
    "unit" : "ms",
    "system" : "http://unitsofmeasure.org",
    "code" : "ms"
  },
  "interpretation" : [{
    "coding" : [{
      "system" : "http://terminology.hl7.org/CodeSystem/v3-ObservationInterpretation",
      "version" : "3.0.0",
      "code" : "N",
      "display" : "Normal"
    }]
  }],
  "note" : [{
    "text" : "HRV measurement captured during morning rest period"
  }],
  "device" : {
    "reference" : "Device/AppleWatchDevice"
  },
  "component" : [{
    "code" : {
      "coding" : [{
        "system" : "https://fmup.up.pt/ios-lifestyle-medicine/CodeSystem/hrv-metrics-cs",
        "code" : "rmssd",
        "display" : "RMSSD"
      }],
      "text" : "Root Mean Square of Successive Differences"
    },
    "valueQuantity" : {
      "value" : 38.2,
      "unit" : "ms",
      "system" : "http://unitsofmeasure.org",
      "code" : "ms"
    }
  }]
}