{
  "resourceType" : "Observation",
  "id" : "WeightExample",
  "meta" : {
    "profile" : ["https://github.com/RicardoLSantos/shorthand/StructureDefinition/weight-observation"]
  },
  "text" : {
    "status" : "generated",
    "div" : "<div xmlns=\"http://www.w3.org/1999/xhtml\"><p class=\"res-header-id\"><b>Generated Narrative: Observation WeightExample</b></p><a name=\"WeightExample\"> </a><a name=\"hcWeightExample\"> </a><a name=\"WeightExample-en-US\"> </a><p><b>status</b>: Final</p><p><b>category</b>: <span title=\"Codes:{http://terminology.hl7.org/CodeSystem/observation-category vital-signs}\">Vital Signs</span></p><p><b>code</b>: <span title=\"Codes:{http://loinc.org 29463-7}\">Body weight</span></p><p><b>subject</b>: <a href=\"Patient-PatientExample.html\">John Doe  Male, DoB: 1970-01-01 ( urn:oid:2.16.858.1.1.1#12345)</a></p><p><b>effective</b>: 2024-03-19 08:00:00+0000</p><p><b>performer</b>: <a href=\"Practitioner-PractitionerExample.html\">Practitioner Jane Smith </a></p><p><b>value</b>: 70.5 kilogram<span style=\"background: LightGoldenRodYellow\"> (Details: UCUM  codekg = 'kg')</span></p><p><b>device</b>: <a href=\"Device-SmartScale.html\">Device: manufacturer = HealthTech Devices; modelNumber = SBA-2024; type = Digital scale device</a></p></div>"
  },
  "status" : "final",
  "category" : [{
    "coding" : [{
      "system" : "http://terminology.hl7.org/CodeSystem/observation-category",
      "code" : "vital-signs"
    }]
  }],
  "code" : {
    "coding" : [{
      "system" : "http://loinc.org",
      "code" : "29463-7",
      "display" : "Body weight"
    }]
  },
  "subject" : {
    "reference" : "Patient/PatientExample"
  },
  "effectiveDateTime" : "2024-03-19T08:00:00Z",
  "performer" : [{
    "reference" : "Practitioner/PractitionerExample"
  }],
  "valueQuantity" : {
    "value" : 70.5,
    "unit" : "kilogram",
    "system" : "http://unitsofmeasure.org",
    "code" : "kg"
  },
  "device" : {
    "reference" : "Device/SmartScale"
  }
}