{
  "resourceType" : "Observation",
  "id" : "BMIExample",
  "meta" : {
    "profile" : ["https://2rdoc.pt/ig/ios-lifestyle-medicine/StructureDefinition/bmi-observation"]
  },
  "text" : {
    "status" : "generated",
    "div" : "<div xmlns=\"http://www.w3.org/1999/xhtml\"><p class=\"res-header-id\"><b>Narrativa gerada: Observation BMIExample</b></p><a name=\"BMIExample\"> </a><a name=\"hcBMIExample\"> </a><div style=\"display: inline-block; background-color: #d9e0e7; padding: 6px; margin: 4px; border: 1px solid #8da1b4; border-radius: 5px; line-height: 60%\"><p style=\"margin-bottom: 0px\"/><p style=\"margin-bottom: 0px\">Perfil: <a href=\"StructureDefinition-bmi-observation.html\">BMI Measurement Profile</a></p></div><p><b>status</b>: Final</p><p><b>category</b>: <span title=\"Códigos:{http://terminology.hl7.org/CodeSystem/observation-category vital-signs}\">Vital Signs</span></p><p><b>code</b>: <span title=\"Códigos:{http://loinc.org 39156-5}\">Body mass index (BMI)</span></p><p><b>subject</b>: <a href=\"Patient-PatientExample.html\">John Doe  Male, DoB: 1970-01-01 ( urn:oid:2.16.858.1.1.1#12345)</a></p><p><b>effective</b>: 2024-03-19 08:00:00+0000</p><p><b>performer</b>: <a href=\"Practitioner-PractitionerExample.html\">Practitioner Jane Smith </a></p><p><b>value</b>: 23 kilogram per square meter<span style=\"background: LightGoldenRodYellow\"> (Detalhes: UCUM códigokg/m2 = 'kg/m2')</span></p><p><b>derivedFrom</b>: </p><ul><li><a href=\"Observation-WeightExample.html\">Observation Body weight</a></li><li><a href=\"Observation-HeightExample.html\">Observation Body height</a></li></ul></div>"
  },
  "status" : "final",
  "category" : [{
    "coding" : [{
      "system" : "http://terminology.hl7.org/CodeSystem/observation-category",
      "code" : "vital-signs"
    }]
  }],
  "code" : {
    "coding" : [{
      "system" : "http://loinc.org",
      "code" : "39156-5",
      "display" : "Body mass index (BMI)"
    }]
  },
  "subject" : {
    "reference" : "Patient/PatientExample"
  },
  "effectiveDateTime" : "2024-03-19T08:00:00Z",
  "performer" : [{
    "reference" : "Practitioner/PractitionerExample"
  }],
  "valueQuantity" : {
    "value" : 23,
    "unit" : "kilogram per square meter",
    "system" : "http://unitsofmeasure.org",
    "code" : "kg/m2"
  },
  "derivedFrom" : [{
    "reference" : "Observation/WeightExample"
  },
  {
    "reference" : "Observation/HeightExample"
  }]
}