{
  "resourceType" : "Observation",
  "id" : "AlcoholUseNonDrinkerExample",
  "meta" : {
    "profile" : ["https://2rdoc.pt/ig/ios-lifestyle-medicine/StructureDefinition/alcohol-use-observation"]
  },
  "text" : {
    "status" : "generated",
    "div" : "<div xmlns=\"http://www.w3.org/1999/xhtml\"><p class=\"res-header-id\"><b>Narrativa gerada: Observation AlcoholUseNonDrinkerExample</b></p><a name=\"AlcoholUseNonDrinkerExample\"> </a><a name=\"hcAlcoholUseNonDrinkerExample\"> </a><div style=\"display: inline-block; background-color: #d9e0e7; padding: 6px; margin: 4px; border: 1px solid #8da1b4; border-radius: 5px; line-height: 60%\"><p style=\"margin-bottom: 0px\"/><p style=\"margin-bottom: 0px\">Perfil: <a href=\"StructureDefinition-alcohol-use-observation.html\">Alcohol Use Observation Profile</a></p></div><p><b>status</b>: Final</p><p><b>category</b>: <span title=\"Códigos:{http://terminology.hl7.org/CodeSystem/observation-category social-history}\">Social History</span></p><p><b>code</b>: <span title=\"Códigos:{http://loinc.org 11331-6}\">History of Alcohol use</span></p><p><b>subject</b>: <a href=\"Patient-PatientExample.html\">John Doe  Male, DoB: 1970-01-01 ( urn:oid:2.16.858.1.1.1#12345)</a></p><p><b>effective</b>: 2025-11-25 10:00:00+0000</p><p><b>value</b>: <span title=\"Códigos:{http://snomed.info/sct 105542008}\">Non-drinker of alcohol (finding)</span></p><blockquote><p><b>component</b></p><p><b>code</b>: <span title=\"Códigos:{http://loinc.org 68518-0}\">How often do you have a drink containing alcohol</span></p><p><b>value</b>: <span title=\"Códigos:{https://2rdoc.pt/ig/ios-lifestyle-medicine/CodeSystem/alcohol-drinking-frequency-cs never}\">Never</span></p></blockquote><blockquote><p><b>component</b></p><p><b>code</b>: <span title=\"Códigos:{http://loinc.org 75626-2}\">Total score [AUDIT-C]</span></p><p><b>value</b>: 0</p></blockquote></div>"
  },
  "status" : "final",
  "category" : [{
    "coding" : [{
      "system" : "http://terminology.hl7.org/CodeSystem/observation-category",
      "code" : "social-history",
      "display" : "Social History"
    }]
  }],
  "code" : {
    "coding" : [{
      "system" : "http://loinc.org",
      "code" : "11331-6",
      "display" : "History of Alcohol use"
    }]
  },
  "subject" : {
    "reference" : "Patient/PatientExample"
  },
  "effectiveDateTime" : "2025-11-25T10:00:00Z",
  "valueCodeableConcept" : {
    "coding" : [{
      "system" : "http://snomed.info/sct",
      "code" : "105542008",
      "display" : "Non-drinker of alcohol (finding)"
    }]
  },
  "component" : [{
    "code" : {
      "coding" : [{
        "system" : "http://loinc.org",
        "code" : "68518-0",
        "display" : "How often do you have a drink containing alcohol"
      }]
    },
    "valueCodeableConcept" : {
      "coding" : [{
        "system" : "https://2rdoc.pt/ig/ios-lifestyle-medicine/CodeSystem/alcohol-drinking-frequency-cs",
        "code" : "never",
        "display" : "Never"
      }]
    }
  },
  {
    "code" : {
      "coding" : [{
        "system" : "http://loinc.org",
        "code" : "75626-2",
        "display" : "Total score [AUDIT-C]"
      }]
    },
    "valueInteger" : 0
  }]
}