{
  "resourceType" : "Observation",
  "id" : "AdvancedVitalSignsExample",
  "meta" : {
    "profile" : ["https://2rdoc.pt/ig/ios-lifestyle-medicine/StructureDefinition/advanced-vital-signs"]
  },
  "text" : {
    "status" : "extensions",
    "div" : "<div xmlns=\"http://www.w3.org/1999/xhtml\"><p class=\"res-header-id\"><b>Narrativa gerada: Observation AdvancedVitalSignsExample</b></p><a name=\"AdvancedVitalSignsExample\"> </a><a name=\"hcAdvancedVitalSignsExample\"> </a><div style=\"display: inline-block; background-color: #d9e0e7; padding: 6px; margin: 4px; border: 1px solid #8da1b4; border-radius: 5px; line-height: 60%\"><p style=\"margin-bottom: 0px\"/><p style=\"margin-bottom: 0px\">Perfil: <a href=\"StructureDefinition-advanced-vital-signs.html\">Advanced Vital Signs Profile</a></p></div><p><b>Measurement Quality Extension</b>: <span title=\"Códigos:{https://2rdoc.pt/ig/ios-lifestyle-medicine/CodeSystem/measurement-quality-cs excellent}\">Excellent Quality</span></p><p><b>Advanced Vital Signs Context Extension</b>: <span title=\"Códigos:{https://2rdoc.pt/ig/ios-lifestyle-medicine/CodeSystem/advanced-vital-signs-context-cs resting}\">Resting state</span></p><p><b>status</b>: Final</p><p><b>category</b>: <span title=\"Códigos:{http://terminology.hl7.org/CodeSystem/observation-category vital-signs}\">Vital Signs</span></p><p><b>code</b>: <span title=\"Códigos:{http://loinc.org 8716-3}\">Vital signs note</span></p><p><b>subject</b>: <a href=\"Patient-PatientExample.html\">John Doe  Male, DoB: 1970-01-01 ( urn:oid:2.16.858.1.1.1#12345)</a></p><p><b>effective</b>: 2024-03-19 15:30:00+0000</p><p><b>performer</b>: <a href=\"Practitioner-PractitionerExample.html\">Practitioner Jane Smith </a></p><p><b>note</b>: </p><blockquote><div><p>Comprehensive cardiovascular assessment during routine checkup</p>\n</div></blockquote><p><b>device</b>: <a href=\"Device-DeviceHeartRateMonitor.html\">Device: manufacturer = HealthTech Devices; modelNumber = HRM-2024; type = Heart rate</a></p><blockquote><p><b>component</b></p><p><b>code</b>: <span title=\"Códigos:{https://2rdoc.pt/ig/ios-lifestyle-medicine/CodeSystem/lifestyle-observation-cs hrv-frequency}\">Heart rate variability frequency band</span></p><p><b>value</b>: 42 millisecond<span style=\"background: LightGoldenRodYellow\"> (Detalhes: UCUM códigoms = 'ms')</span></p></blockquote><blockquote><p><b>component</b></p><p><b>code</b>: <span title=\"Códigos:{http://loinc.org 8478-0}\">Mean blood pressure</span></p><p><b>value</b>: 93 millimeter of mercury<span style=\"background: LightGoldenRodYellow\"> (Detalhes: UCUM códigomm[Hg] = 'mm[Hg]')</span></p></blockquote><blockquote><p><b>component</b></p><p><b>code</b>: <span title=\"Códigos:{https://2rdoc.pt/ig/ios-lifestyle-medicine/CodeSystem/lifestyle-observation-cs autonomic-balance}\">Autonomic balance index</span></p><p><b>value</b>: 1.2 ratio<span style=\"background: LightGoldenRodYellow\"> (Detalhes: UCUM código1 = '1')</span></p></blockquote></div>"
  },
  "extension" : [{
    "url" : "https://2rdoc.pt/ig/ios-lifestyle-medicine/StructureDefinition/measurement-quality",
    "valueCodeableConcept" : {
      "coding" : [{
        "system" : "https://2rdoc.pt/ig/ios-lifestyle-medicine/CodeSystem/measurement-quality-cs",
        "code" : "excellent",
        "display" : "Excellent Quality"
      }]
    }
  },
  {
    "url" : "https://2rdoc.pt/ig/ios-lifestyle-medicine/StructureDefinition/advanced-vital-signs-context",
    "valueCodeableConcept" : {
      "coding" : [{
        "system" : "https://2rdoc.pt/ig/ios-lifestyle-medicine/CodeSystem/advanced-vital-signs-context-cs",
        "code" : "resting",
        "display" : "Resting state"
      }]
    }
  }],
  "status" : "final",
  "category" : [{
    "coding" : [{
      "system" : "http://terminology.hl7.org/CodeSystem/observation-category",
      "code" : "vital-signs"
    }]
  }],
  "code" : {
    "coding" : [{
      "system" : "http://loinc.org",
      "code" : "8716-3",
      "display" : "Vital signs note"
    }]
  },
  "subject" : {
    "reference" : "Patient/PatientExample"
  },
  "effectiveDateTime" : "2024-03-19T15:30:00Z",
  "performer" : [{
    "reference" : "Practitioner/PractitionerExample"
  }],
  "note" : [{
    "text" : "Comprehensive cardiovascular assessment during routine checkup"
  }],
  "device" : {
    "reference" : "Device/DeviceHeartRateMonitor"
  },
  "component" : [{
    "code" : {
      "coding" : [{
        "system" : "https://2rdoc.pt/ig/ios-lifestyle-medicine/CodeSystem/lifestyle-observation-cs",
        "code" : "hrv-frequency",
        "display" : "Heart rate variability frequency band"
      }]
    },
    "valueQuantity" : {
      "value" : 42,
      "unit" : "millisecond",
      "system" : "http://unitsofmeasure.org",
      "code" : "ms"
    }
  },
  {
    "code" : {
      "coding" : [{
        "system" : "http://loinc.org",
        "code" : "8478-0",
        "display" : "Mean blood pressure"
      }]
    },
    "valueQuantity" : {
      "value" : 93,
      "unit" : "millimeter of mercury",
      "system" : "http://unitsofmeasure.org",
      "code" : "mm[Hg]"
    }
  },
  {
    "code" : {
      "coding" : [{
        "system" : "https://2rdoc.pt/ig/ios-lifestyle-medicine/CodeSystem/lifestyle-observation-cs",
        "code" : "autonomic-balance",
        "display" : "Autonomic balance index"
      }]
    },
    "valueQuantity" : {
      "value" : 1.2,
      "unit" : "ratio",
      "system" : "http://unitsofmeasure.org",
      "code" : "1"
    }
  }]
}