{
  "resourceType" : "Observation",
  "id" : "UVExposureExample",
  "meta" : {
    "profile" : ["https://2rdoc.pt/ig/ios-lifestyle-medicine/StructureDefinition/uv-exposure-observation"],
    "security" : [{
      "system" : "http://terminology.hl7.org/CodeSystem/v3-Confidentiality",
      "code" : "N"
    }]
  },
  "text" : {
    "status" : "generated",
    "div" : "<div xmlns=\"http://www.w3.org/1999/xhtml\"><p class=\"res-header-id\"><b>Narrativa gerada: Observation UVExposureExample</b></p><a name=\"UVExposureExample\"> </a><a name=\"hcUVExposureExample\"> </a><div style=\"display: inline-block; background-color: #d9e0e7; padding: 6px; margin: 4px; border: 1px solid #8da1b4; border-radius: 5px; line-height: 60%\"><p style=\"margin-bottom: 0px\"/><p style=\"margin-bottom: 0px\">Perfil: <a href=\"StructureDefinition-uv-exposure-observation.html\">UV Exposure Observation Profile</a></p><p style=\"margin-bottom: 0px\">Etiqueta de segurança: normal (Pormenores: Confidentiality código N = 'normal')</p></div><p><b>status</b>: Final</p><p><b>category</b>: <span title=\"Códigos:{http://terminology.hl7.org/CodeSystem/observation-category survey}\">Survey</span></p><p><b>code</b>: <span title=\"Códigos:{https://2rdoc.pt/ig/ios-lifestyle-medicine/CodeSystem/lifestyle-observation-cs uv-duration}\">UV exposure duration</span></p><p><b>subject</b>: <a href=\"Patient-PatientExample.html\">John Doe  Male, DoB: 1970-01-01 ( urn:oid:2.16.858.1.1.1#12345)</a></p><p><b>effective</b>: 2024-03-19 12:00:00+0000</p><p><b>performer</b>: <a href=\"Practitioner-PractitionerExample.html\">Practitioner Jane Smith </a></p><p><b>note</b>: </p><blockquote><div><p>Measurement taken during outdoor activity</p>\n</div></blockquote><p><b>method</b>: <span title=\"Códigos:{http://snomed.info/sct 258104002}\">Measured</span></p><p><b>device</b>: <a href=\"Device-iphone-example.html\">Device: status = active; manufacturer = Apple Inc.; modelNumber = iPhone 15 Pro; type = Application programme software; note = iPhone 15 Pro running iOS 17.0 - Apple Inc. - iOS Health App data collection device</a></p><blockquote><p><b>component</b></p><p><b>code</b>: <span title=\"Códigos:{https://2rdoc.pt/ig/ios-lifestyle-medicine/CodeSystem/lifestyle-observation-cs uv-index}\">UV index</span></p><p><b>value</b>: 8 index<span style=\"background: LightGoldenRodYellow\"> (Detalhes: UCUM código1 = '1')</span></p><p><b>interpretation</b>: <span title=\"Códigos:{http://terminology.hl7.org/CodeSystem/v3-ObservationInterpretation H}\">High</span></p></blockquote><blockquote><p><b>component</b></p><p><b>code</b>: <span title=\"Códigos:{https://2rdoc.pt/ig/ios-lifestyle-medicine/CodeSystem/lifestyle-observation-cs uv-duration}\">UV exposure duration</span></p><p><b>value</b>: 45 min<span style=\"background: LightGoldenRodYellow\"> (Detalhes: UCUM códigomin = 'min')</span></p></blockquote><blockquote><p><b>component</b></p><p><b>code</b>: <span title=\"Códigos:{https://2rdoc.pt/ig/ios-lifestyle-medicine/CodeSystem/lifestyle-observation-cs exposure-time}\">Time of environmental exposure</span></p><p><b>value</b>: 2024-03-19 12:00:00+0000</p></blockquote><blockquote><p><b>component</b></p><p><b>code</b>: <span title=\"Códigos:{https://2rdoc.pt/ig/ios-lifestyle-medicine/CodeSystem/lifestyle-observation-cs uv-intensity}\">UV intensity</span></p><p><b>value</b>: 0.3 W/m2<span style=\"background: LightGoldenRodYellow\"> (Detalhes: UCUM códigoW/m2 = 'W/m2')</span></p></blockquote></div>"
  },
  "status" : "final",
  "category" : [{
    "coding" : [{
      "system" : "http://terminology.hl7.org/CodeSystem/observation-category",
      "code" : "survey"
    }]
  }],
  "code" : {
    "coding" : [{
      "system" : "https://2rdoc.pt/ig/ios-lifestyle-medicine/CodeSystem/lifestyle-observation-cs",
      "code" : "uv-duration",
      "display" : "UV exposure duration"
    }]
  },
  "subject" : {
    "reference" : "Patient/PatientExample"
  },
  "effectiveDateTime" : "2024-03-19T12:00:00Z",
  "performer" : [{
    "reference" : "Practitioner/PractitionerExample"
  }],
  "note" : [{
    "text" : "Measurement taken during outdoor activity"
  }],
  "method" : {
    "coding" : [{
      "system" : "http://snomed.info/sct",
      "code" : "258104002",
      "display" : "Measured"
    }]
  },
  "device" : {
    "reference" : "Device/iphone-example"
  },
  "component" : [{
    "code" : {
      "coding" : [{
        "system" : "https://2rdoc.pt/ig/ios-lifestyle-medicine/CodeSystem/lifestyle-observation-cs",
        "code" : "uv-index",
        "display" : "UV index"
      }]
    },
    "valueQuantity" : {
      "value" : 8,
      "unit" : "index",
      "system" : "http://unitsofmeasure.org",
      "code" : "1"
    },
    "interpretation" : [{
      "coding" : [{
        "system" : "http://terminology.hl7.org/CodeSystem/v3-ObservationInterpretation",
        "code" : "H",
        "display" : "High"
      }]
    }]
  },
  {
    "code" : {
      "coding" : [{
        "system" : "https://2rdoc.pt/ig/ios-lifestyle-medicine/CodeSystem/lifestyle-observation-cs",
        "code" : "uv-duration",
        "display" : "UV exposure duration"
      }]
    },
    "valueQuantity" : {
      "value" : 45,
      "system" : "http://unitsofmeasure.org",
      "code" : "min"
    }
  },
  {
    "code" : {
      "coding" : [{
        "system" : "https://2rdoc.pt/ig/ios-lifestyle-medicine/CodeSystem/lifestyle-observation-cs",
        "code" : "exposure-time",
        "display" : "Time of environmental exposure"
      }]
    },
    "valueDateTime" : "2024-03-19T12:00:00Z"
  },
  {
    "code" : {
      "coding" : [{
        "system" : "https://2rdoc.pt/ig/ios-lifestyle-medicine/CodeSystem/lifestyle-observation-cs",
        "code" : "uv-intensity",
        "display" : "UV intensity"
      }]
    },
    "valueQuantity" : {
      "value" : 0.3,
      "system" : "http://unitsofmeasure.org",
      "code" : "W/m2"
    }
  }]
}