{
  "resourceType" : "Observation",
  "id" : "RecoveryReadinessExample",
  "meta" : {
    "profile" : ["https://2rdoc.pt/ig/ios-lifestyle-medicine/StructureDefinition/recovery-readiness-observation"]
  },
  "text" : {
    "status" : "generated",
    "div" : "<div xmlns=\"http://www.w3.org/1999/xhtml\"><p class=\"res-header-id\"><b>Narrativa gerada: Observation RecoveryReadinessExample</b></p><a name=\"RecoveryReadinessExample\"> </a><a name=\"hcRecoveryReadinessExample\"> </a><div style=\"display: inline-block; background-color: #d9e0e7; padding: 6px; margin: 4px; border: 1px solid #8da1b4; border-radius: 5px; line-height: 60%\"><p style=\"margin-bottom: 0px\"/><p style=\"margin-bottom: 0px\">Perfil: <a href=\"StructureDefinition-recovery-readiness-observation.html\">Recovery Readiness Observation Profile</a></p></div><p><b>status</b>: Final</p><p><b>category</b>: <span title=\"Códigos:{http://terminology.hl7.org/CodeSystem/observation-category exam}\">Exam</span></p><p><b>code</b>: <span title=\"Códigos:{https://2rdoc.pt/ig/ios-lifestyle-medicine/CodeSystem/recovery-metrics-cs readiness}\">Recovery Readiness Assessment</span></p><p><b>subject</b>: <a href=\"Patient-PatientExample.html\">John Doe  Male, DoB: 1970-01-01 ( urn:oid:2.16.858.1.1.1#12345)</a></p><p><b>effective</b>: 2025-11-30 06:30:00+0000</p><p><b>value</b>: 82 score<span style=\"background: LightGoldenRodYellow\"> (Detalhes: UCUM código{score} = '{score}')</span></p><p><b>interpretation</b>: <span title=\"Códigos:{https://2rdoc.pt/ig/ios-lifestyle-medicine/CodeSystem/readiness-category-cs good}\">Good (70-84)</span></p><p><b>note</b>: </p><blockquote><div><p>Good recovery. Ready for moderate training. Sleep quality was optimal.</p>\n</div></blockquote><p><b>device</b>: <a href=\"Device-OuraRingDevice.html\">Device: manufacturer = Oura Health Oy; modelNumber = Gen 3</a></p><blockquote><p><b>component</b></p><p><b>code</b>: <span title=\"Códigos:{https://2rdoc.pt/ig/ios-lifestyle-medicine/CodeSystem/recovery-metrics-cs category}\">Readiness Category</span></p><p><b>value</b>: <span title=\"Códigos:{https://2rdoc.pt/ig/ios-lifestyle-medicine/CodeSystem/readiness-category-cs good}\">Good (70-84)</span></p></blockquote><blockquote><p><b>component</b></p><p><b>code</b>: <span title=\"Códigos:{https://2rdoc.pt/ig/ios-lifestyle-medicine/CodeSystem/recovery-metrics-cs trend}\">Trend Direction</span></p><p><b>value</b>: <span title=\"Códigos:{https://2rdoc.pt/ig/ios-lifestyle-medicine/CodeSystem/trend-direction-cs stable}\">Stable</span></p></blockquote><blockquote><p><b>component</b></p><p><b>code</b>: <span title=\"Códigos:{https://2rdoc.pt/ig/ios-lifestyle-medicine/CodeSystem/recovery-metrics-cs sleep-contrib}\">Sleep Contribution</span></p><p><b>value</b>: 85 {score}<span style=\"background: LightGoldenRodYellow\"> (Detalhes: UCUM código{score} = '{score}')</span></p></blockquote><blockquote><p><b>component</b></p><p><b>code</b>: <span title=\"Códigos:{https://2rdoc.pt/ig/ios-lifestyle-medicine/CodeSystem/recovery-metrics-cs hrv-contrib}\">HRV Contribution</span></p><p><b>value</b>: 78 {score}<span style=\"background: LightGoldenRodYellow\"> (Detalhes: UCUM código{score} = '{score}')</span></p></blockquote><blockquote><p><b>component</b></p><p><b>code</b>: <span title=\"Códigos:{https://2rdoc.pt/ig/ios-lifestyle-medicine/CodeSystem/recovery-metrics-cs activity-bal}\">Activity Balance</span></p><p><b>value</b>: <span title=\"Códigos:{https://2rdoc.pt/ig/ios-lifestyle-medicine/CodeSystem/activity-balance-cs balanced}\">Well Balanced</span></p></blockquote><blockquote><p><b>component</b></p><p><b>code</b>: <span title=\"Códigos:{https://2rdoc.pt/ig/ios-lifestyle-medicine/CodeSystem/recovery-metrics-cs rec-activity}\">Recommended Activity</span></p><p><b>value</b>: <span title=\"Códigos:{https://2rdoc.pt/ig/ios-lifestyle-medicine/CodeSystem/recommended-activity-cs moderate}\">Moderate Training</span></p></blockquote></div>"
  },
  "status" : "final",
  "category" : [{
    "coding" : [{
      "system" : "http://terminology.hl7.org/CodeSystem/observation-category",
      "code" : "exam",
      "display" : "Exam"
    }]
  }],
  "code" : {
    "coding" : [{
      "system" : "https://2rdoc.pt/ig/ios-lifestyle-medicine/CodeSystem/recovery-metrics-cs",
      "code" : "readiness",
      "display" : "Recovery Readiness Assessment"
    }]
  },
  "subject" : {
    "reference" : "Patient/PatientExample"
  },
  "effectiveDateTime" : "2025-11-30T06:30:00Z",
  "valueQuantity" : {
    "value" : 82,
    "unit" : "score",
    "system" : "http://unitsofmeasure.org",
    "code" : "{score}"
  },
  "interpretation" : [{
    "coding" : [{
      "system" : "https://2rdoc.pt/ig/ios-lifestyle-medicine/CodeSystem/readiness-category-cs",
      "code" : "good",
      "display" : "Good (70-84)"
    }]
  }],
  "note" : [{
    "text" : "Good recovery. Ready for moderate training. Sleep quality was optimal."
  }],
  "device" : {
    "reference" : "Device/OuraRingDevice"
  },
  "component" : [{
    "code" : {
      "coding" : [{
        "system" : "https://2rdoc.pt/ig/ios-lifestyle-medicine/CodeSystem/recovery-metrics-cs",
        "code" : "category",
        "display" : "Readiness Category"
      }]
    },
    "valueCodeableConcept" : {
      "coding" : [{
        "system" : "https://2rdoc.pt/ig/ios-lifestyle-medicine/CodeSystem/readiness-category-cs",
        "code" : "good",
        "display" : "Good (70-84)"
      }]
    }
  },
  {
    "code" : {
      "coding" : [{
        "system" : "https://2rdoc.pt/ig/ios-lifestyle-medicine/CodeSystem/recovery-metrics-cs",
        "code" : "trend",
        "display" : "Trend Direction"
      }]
    },
    "valueCodeableConcept" : {
      "coding" : [{
        "system" : "https://2rdoc.pt/ig/ios-lifestyle-medicine/CodeSystem/trend-direction-cs",
        "code" : "stable",
        "display" : "Stable"
      }]
    }
  },
  {
    "code" : {
      "coding" : [{
        "system" : "https://2rdoc.pt/ig/ios-lifestyle-medicine/CodeSystem/recovery-metrics-cs",
        "code" : "sleep-contrib",
        "display" : "Sleep Contribution"
      }]
    },
    "valueQuantity" : {
      "value" : 85,
      "system" : "http://unitsofmeasure.org",
      "code" : "{score}"
    }
  },
  {
    "code" : {
      "coding" : [{
        "system" : "https://2rdoc.pt/ig/ios-lifestyle-medicine/CodeSystem/recovery-metrics-cs",
        "code" : "hrv-contrib",
        "display" : "HRV Contribution"
      }]
    },
    "valueQuantity" : {
      "value" : 78,
      "system" : "http://unitsofmeasure.org",
      "code" : "{score}"
    }
  },
  {
    "code" : {
      "coding" : [{
        "system" : "https://2rdoc.pt/ig/ios-lifestyle-medicine/CodeSystem/recovery-metrics-cs",
        "code" : "activity-bal",
        "display" : "Activity Balance"
      }]
    },
    "valueCodeableConcept" : {
      "coding" : [{
        "system" : "https://2rdoc.pt/ig/ios-lifestyle-medicine/CodeSystem/activity-balance-cs",
        "code" : "balanced",
        "display" : "Well Balanced"
      }]
    }
  },
  {
    "code" : {
      "coding" : [{
        "system" : "https://2rdoc.pt/ig/ios-lifestyle-medicine/CodeSystem/recovery-metrics-cs",
        "code" : "rec-activity",
        "display" : "Recommended Activity"
      }]
    },
    "valueCodeableConcept" : {
      "coding" : [{
        "system" : "https://2rdoc.pt/ig/ios-lifestyle-medicine/CodeSystem/recommended-activity-cs",
        "code" : "moderate",
        "display" : "Moderate Training"
      }]
    }
  }]
}