{
  "resourceType" : "Observation",
  "id" : "OxygenSaturationExample",
  "meta" : {
    "profile" : ["https://2rdoc.pt/ig/ios-lifestyle-medicine/StructureDefinition/oxygen-saturation-observation"]
  },
  "text" : {
    "status" : "generated",
    "div" : "<div xmlns=\"http://www.w3.org/1999/xhtml\"><p class=\"res-header-id\"><b>Narrativa gerada: Observation OxygenSaturationExample</b></p><a name=\"OxygenSaturationExample\"> </a><a name=\"hcOxygenSaturationExample\"> </a><div style=\"display: inline-block; background-color: #d9e0e7; padding: 6px; margin: 4px; border: 1px solid #8da1b4; border-radius: 5px; line-height: 60%\"><p style=\"margin-bottom: 0px\"/><p style=\"margin-bottom: 0px\">Perfil: <a href=\"StructureDefinition-oxygen-saturation-observation.html\">Oxygen Saturation Observation Profile</a></p></div><p><b>status</b>: Final</p><p><b>category</b>: <span title=\"Códigos:{http://terminology.hl7.org/CodeSystem/observation-category vital-signs}\">Vital Signs</span></p><p><b>code</b>: <span title=\"Códigos:{http://loinc.org 2708-6}\">Oxygen saturation in Arterial blood</span></p><p><b>subject</b>: <a href=\"Patient-PatientExample.html\">John Doe  Male, DoB: 1970-01-01 ( urn:oid:2.16.858.1.1.1#12345)</a></p><p><b>effective</b>: 2024-03-19 15:30:00+0000</p><p><b>performer</b>: <a href=\"Practitioner-PractitionerExample.html\">Practitioner Jane Smith </a></p><p><b>value</b>: 98 percent<span style=\"background: LightGoldenRodYellow\"> (Detalhes: UCUM código% = '%')</span></p><p><b>interpretation</b>: <span title=\"Códigos:{http://terminology.hl7.org/CodeSystem/v3-ObservationInterpretation N}\">Normal</span></p><p><b>device</b>: <a href=\"Device-DevicePulseOximeter.html\">Device: manufacturer = HealthTech Devices; modelNumber = POX-2024; type = Pulse oximeter</a></p></div>"
  },
  "status" : "final",
  "category" : [{
    "coding" : [{
      "system" : "http://terminology.hl7.org/CodeSystem/observation-category",
      "code" : "vital-signs"
    }]
  }],
  "code" : {
    "coding" : [{
      "system" : "http://loinc.org",
      "code" : "2708-6",
      "display" : "Oxygen saturation in Arterial blood"
    }]
  },
  "subject" : {
    "reference" : "Patient/PatientExample"
  },
  "effectiveDateTime" : "2024-03-19T15:30:00Z",
  "performer" : [{
    "reference" : "Practitioner/PractitionerExample"
  }],
  "valueQuantity" : {
    "value" : 98,
    "unit" : "percent",
    "system" : "http://unitsofmeasure.org",
    "code" : "%"
  },
  "interpretation" : [{
    "coding" : [{
      "system" : "http://terminology.hl7.org/CodeSystem/v3-ObservationInterpretation",
      "version" : "3.0.0",
      "code" : "N",
      "display" : "Normal"
    }]
  }],
  "device" : {
    "reference" : "Device/DevicePulseOximeter"
  }
}