{
  "resourceType" : "OperationDefinition",
  "id" : "StartSessionOperation",
  "meta" : {
    "profile" : ["https://github.com/RicardoLSantos/shorthand/StructureDefinition/mindfulness-operation"]
  },
  "text" : {
    "status" : "generated",
    "div" : "<div xmlns=\"http://www.w3.org/1999/xhtml\"><p class=\"res-header-id\"><b>Generated Narrative: OperationDefinition StartSessionOperation</b></p><a name=\"StartSessionOperation\"> </a><a name=\"hcStartSessionOperation\"> </a><a name=\"StartSessionOperation-en-US\"> </a><p>URL: [base]/Observation/$start</p><h3>Parameters</h3><table class=\"grid\"><tr><td><b>Use</b></td><td><b>Name</b></td><td><b>Scope</b></td><td><b>Cardinality</b></td><td><b>Type</b></td><td><b>Binding</b></td><td><b>Documentation</b></td></tr><tr><td>IN</td><td>duration</td><td/><td>1..1</td><td><a href=\"http://hl7.org/fhir/R4/datatypes.html#integer\">integer</a></td><td/><td><div><p>Duration in minutes</p>\n</div></td></tr></table></div>"
  },
  "url" : "https://github.com/RicardoLSantos/shorthand/OperationDefinition/StartSessionOperation",
  "version" : "0.1.0",
  "name" : "start-session",
  "status" : "active",
  "kind" : "operation",
  "date" : "2025-01-24T12:30:11+00:00",
  "publisher" : "Ricardo Lourenço dos Santos",
  "contact" : [{
    "name" : "Ricardo Lourenço dos Santos",
    "telecom" : [{
      "system" : "url",
      "value" : "https://linktr.ee/ricardolsantos"
    }]
  }],
  "code" : "start",
  "resource" : ["Observation"],
  "system" : false,
  "type" : true,
  "instance" : false,
  "parameter" : [{
    "name" : "duration",
    "use" : "in",
    "min" : 1,
    "max" : "1",
    "documentation" : "Duration in minutes",
    "type" : "integer"
  }]
}