{
  "resourceType" : "Patient",
  "id" : "PatientExample",
  "text" : {
    "status" : "generated",
    "div" : "<div xmlns=\"http://www.w3.org/1999/xhtml\"><p class=\"res-header-id\"><b>Narrativa gerada: Patient PatientExample</b></p><a name=\"PatientExample\"> </a><a name=\"hcPatientExample\"> </a><p style=\"border: 1px #661aff solid; background-color: #e6e6ff; padding: 10px;\">John Doe  Male, DoB: 1970-01-01 ( urn:oid:2.16.858.1.1.1#12345)</p><hr/></div>"
  },
  "identifier" : [{
    "system" : "urn:oid:2.16.858.1.1.1",
    "value" : "12345"
  }],
  "name" : [{
    "family" : "Doe",
    "given" : ["John"]
  }],
  "gender" : "male",
  "birthDate" : "1970-01-01"
}