{
  "resourceType" : "Practitioner",
  "id" : "osa-practitioner-kyle-anydoc",
  "text" : {
    "status" : "generated",
    "div" : "<div xmlns=\"http://www.w3.org/1999/xhtml\"><p class=\"res-header-id\"><b>Narrativa gerada: Practitioner osa-practitioner-kyle-anydoc</b></p><a name=\"osa-practitioner-kyle-anydoc\"> </a><a name=\"hcosa-practitioner-kyle-anydoc\"> </a><p><b>identifier</b>: <code>http://example.org/practitioners</code>/kyle-anydoc</p><p><b>name</b>: Kyle Anydoc </p></div>"
  },
  "identifier" : [{
    "system" : "http://example.org/practitioners",
    "value" : "kyle-anydoc"
  }],
  "name" : [{
    "family" : "Anydoc",
    "given" : ["Kyle"],
    "prefix" : ["Dr."]
  }]
}