{
  "resourceType" : "Practitioner",
  "id" : "PractitionerExample",
  "text" : {
    "status" : "generated",
    "div" : "<div xmlns=\"http://www.w3.org/1999/xhtml\"><p class=\"res-header-id\"><b>Narrativa gerada: Practitioner PractitionerExample</b></p><a name=\"PractitionerExample\"> </a><a name=\"hcPractitionerExample\"> </a><p><b>identifier</b>: <code>https://2rdoc.pt/ig/ios-lifestyle-medicine/CodeSystem/practitioner-identifier-cs</code>/9941339108</p><p><b>name</b>: Jane Smith </p></div>"
  },
  "identifier" : [{
    "system" : "https://2rdoc.pt/ig/ios-lifestyle-medicine/CodeSystem/practitioner-identifier-cs",
    "value" : "9941339108"
  }],
  "name" : [{
    "family" : "Smith",
    "given" : ["Jane"]
  }]
}