{
  "resourceType" : "SearchParameter",
  "id" : "MindfulnessType",
  "text" : {
    "status" : "generated",
    "div" : "<div xmlns=\"http://www.w3.org/1999/xhtml\"><p class=\"res-header-id\"><b>Generated Narrative: SearchParameter MindfulnessType</b></p><a name=\"MindfulnessType\"> </a><a name=\"hcMindfulnessType\"> </a><a name=\"MindfulnessType-en-US\"> </a><h2>MindfulnessType</h2><p>Parameter <code>mindfulness-type</code>:<code>token</code></p><div><p>Search for mindfulness observations by practice type</p>\n</div><table class=\"grid\"><tr><td>Resource</td><td><a href=\"http://hl7.org/fhir/R4/observation.html\">Observation</a></td></tr><tr><td>Expression</td><td><code>Observation.component.where(code.coding.where(system='http://snomed.info/sct' and code='711020003')).value.as(CodeableConcept)</code></td></tr><tr><td>Processing Mode</td><td>Normal</td></tr><tr><td>Multiples</td><td><ul><li>multipleAnd: It's up to the server whether the parameter may repeat in order to specify multiple values that must all be true</li><li>multipleOr: It's up to the server whether the parameter can have multiple values (separated by comma) where at least one must be true</li></ul></td></tr></table></div>"
  },
  "url" : "https://github.com/RicardoLSantos/shorthand/SearchParameter/MindfulnessType",
  "version" : "0.1.0",
  "name" : "MindfulnessType",
  "status" : "active",
  "date" : "2025-01-04T22:47:01+00:00",
  "publisher" : "Ricardo Lourenço dos Santos",
  "contact" : [{
    "name" : "Ricardo Lourenço dos Santos",
    "telecom" : [{
      "system" : "url",
      "value" : "https://linktr.ee/ricardolsantos"
    }]
  }],
  "description" : "Search for mindfulness observations by practice type",
  "code" : "mindfulness-type",
  "base" : ["Observation"],
  "type" : "token",
  "expression" : "Observation.component.where(code.coding.where(system='http://snomed.info/sct' and code='711020003')).value.as(CodeableConcept)",
  "xpathUsage" : "normal"
}