{
  "resourceType" : "ValueSet",
  "id" : "environmental-context",
  "text" : {
    "status" : "generated",
    "div" : "<div xmlns=\"http://www.w3.org/1999/xhtml\"><p class=\"res-header-id\"><b>Generated Narrative: ValueSet environmental-context</b></p><a name=\"environmental-context\"> </a><a name=\"hcenvironmental-context\"> </a><a name=\"environmental-context-en-US\"> </a><ul><li>Include all codes defined in <code>http://example.org/fhir/CodeSystem/environmental-context</code></li></ul></div>"
  },
  "url" : "http://example.org/fhir/ValueSet/environmental-context",
  "version" : "0.1.0",
  "name" : "EnvironmentalContextValueSet",
  "title" : "Environmental Context Value Set",
  "status" : "active",
  "experimental" : false,
  "date" : "2025-01-14T13:24:18+00:00",
  "publisher" : "Ricardo Lourenço dos Santos",
  "contact" : [{
    "name" : "Ricardo Lourenço dos Santos",
    "telecom" : [{
      "system" : "url",
      "value" : "https://linktr.ee/ricardolsantos"
    }]
  }],
  "description" : "Valid contexts for environmental measurements",
  "compose" : {
    "include" : [{
      "system" : "http://example.org/fhir/CodeSystem/environmental-context"
    }]
  }
}