{
  "resourceType" : "ValueSet",
  "id" : "cervical-mucus-valueset",
  "text" : {
    "status" : "generated",
    "div" : "<div xmlns=\"http://www.w3.org/1999/xhtml\"><p class=\"res-header-id\"><b>Generated Narrative: ValueSet cervical-mucus-valueset</b></p><a name=\"cervical-mucus-valueset\"> </a><a name=\"hccervical-mucus-valueset\"> </a><a name=\"cervical-mucus-valueset-en-US\"> </a><ul><li>Include all codes defined in <a href=\"CodeSystem-cervical-mucus-cs.html\"><code>http://example.org/fhir/CodeSystem/cervical-mucus-cs</code></a></li></ul></div>"
  },
  "url" : "http://example.org/fhir/ValueSet/cervical-mucus-vs",
  "version" : "0.1.0",
  "name" : "CervicalMucusValueSet",
  "title" : "Cervical Mucus Value Set",
  "status" : "active",
  "date" : "2025-01-04T22:09:55+00:00",
  "publisher" : "Ricardo Lourenço dos Santos",
  "contact" : [{
    "name" : "Ricardo Lourenço dos Santos",
    "telecom" : [{
      "system" : "url",
      "value" : "https://linktr.ee/ricardolsantos"
    }]
  }],
  "description" : "Value set for cervical mucus observations",
  "compose" : {
    "include" : [{
      "system" : "http://example.org/fhir/CodeSystem/cervical-mucus-cs"
    }]
  }
}