{
  "resourceType" : "ValueSet",
  "id" : "mobility-decline-outcomes",
  "text" : {
    "status" : "generated",
    "div" : "<div xmlns=\"http://www.w3.org/1999/xhtml\"><p class=\"res-header-id\"><b>Generated Narrative: ValueSet mobility-decline-outcomes</b></p><a name=\"mobility-decline-outcomes\"> </a><a name=\"hcmobility-decline-outcomes\"> </a><a name=\"mobility-decline-outcomes-en-US\"> </a><ul><li>Include all codes defined in <code>http://example.org/fhir/CodeSystem/mobility-decline-outcomes</code></li></ul></div>"
  },
  "url" : "http://example.org/fhir/ValueSet/mobility-decline-outcomes",
  "version" : "0.1.0",
  "name" : "MobilityDeclineOutcomesValueSet",
  "title" : "Mobility Decline Outcomes Value Set",
  "status" : "active",
  "date" : "2025-01-04T22:09:55+00:00",
  "publisher" : "Ricardo Lourenço dos Santos",
  "contact" : [{
    "name" : "Ricardo Lourenço dos Santos",
    "telecom" : [{
      "system" : "url",
      "value" : "https://linktr.ee/ricardolsantos"
    }]
  }],
  "description" : "Value set for mobility decline assessment outcomes",
  "compose" : {
    "include" : [{
      "system" : "http://example.org/fhir/CodeSystem/mobility-decline-outcomes"
    }]
  }
}