{
  "resourceType" : "ValueSet",
  "id" : "environment-type-vs",
  "text" : {
    "status" : "generated",
    "div" : "<div xmlns=\"http://www.w3.org/1999/xhtml\"><p class=\"res-header-id\"><b>Generated Narrative: ValueSet environment-type-vs</b></p><a name=\"environment-type-vs\"> </a><a name=\"hcenvironment-type-vs\"> </a><a name=\"environment-type-vs-en-US\"> </a><ul><li>Include all codes defined in <a href=\"CodeSystem-environment-type-cs.html\"><code>https://github.com/RicardoLSantos/shorthand/CodeSystem/environment-type-cs</code></a></li></ul></div>"
  },
  "url" : "https://github.com/RicardoLSantos/shorthand/ValueSet/environment-type-vs",
  "version" : "0.1.0",
  "name" : "EnvironmentTypeVS",
  "title" : "Practice Environment Types Value Set",
  "status" : "draft",
  "experimental" : false,
  "date" : "2025-01-04T22:47:01+00:00",
  "publisher" : "Ricardo Lourenço dos Santos",
  "contact" : [{
    "name" : "Ricardo Lourenço dos Santos",
    "telecom" : [{
      "system" : "url",
      "value" : "https://linktr.ee/ricardolsantos"
    }]
  }],
  "description" : "Value set of practice environment types",
  "compose" : {
    "include" : [{
      "system" : "https://github.com/RicardoLSantos/shorthand/CodeSystem/environment-type-cs"
    }]
  }
}