{
  "resourceType" : "ValueSet",
  "id" : "symptom-progression-vs",
  "text" : {
    "status" : "generated",
    "div" : "<div xmlns=\"http://www.w3.org/1999/xhtml\"><p class=\"res-header-id\"><b>Generated Narrative: ValueSet symptom-progression-vs</b></p><a name=\"symptom-progression-vs\"> </a><a name=\"hcsymptom-progression-vs\"> </a><a name=\"symptom-progression-vs-en-US\"> </a><ul><li>Include these codes as defined in <a href=\"http://www.snomed.org/\"><code>http://snomed.info/sct</code></a><table class=\"none\"><tr><td style=\"white-space:nowrap\"><b>Code</b></td><td><b>Display</b></td></tr><tr><td><a href=\"http://snomed.info/id/385633008\">385633008</a></td><td>Improving</td></tr><tr><td><a href=\"http://snomed.info/id/58158008\">58158008</a></td><td>Stable</td></tr><tr><td><a href=\"http://snomed.info/id/230993007\">230993007</a></td><td>Worsening</td></tr><tr><td><a href=\"http://snomed.info/id/255314001\">255314001</a></td><td>Fluctuating</td></tr></table></li></ul></div>"
  },
  "url" : "https://github.com/RicardoLSantos/shorthand/ValueSet/symptom-progression-vs",
  "version" : "0.1.0",
  "name" : "SymptomProgressionVS",
  "title" : "Symptom Progression Value Set",
  "status" : "draft",
  "date" : "2025-01-04T21:28:42+00:00",
  "publisher" : "Ricardo Lourenço dos Santos",
  "contact" : [{
    "name" : "Ricardo Lourenço dos Santos",
    "telecom" : [{
      "system" : "url",
      "value" : "https://linktr.ee/ricardolsantos"
    }]
  }],
  "description" : "Progression patterns for symptoms",
  "compose" : {
    "include" : [{
      "system" : "http://snomed.info/sct",
      "concept" : [{
        "code" : "385633008",
        "display" : "Improving"
      },
      {
        "code" : "58158008",
        "display" : "Stable"
      },
      {
        "code" : "230993007",
        "display" : "Worsening"
      },
      {
        "code" : "255314001",
        "display" : "Fluctuating"
      }]
    }]
  }
}