{
  "resourceType" : "ValueSet",
  "id" : "sleep-quality-extended-vs",
  "text" : {
    "status" : "generated",
    "div" : "<div xmlns=\"http://www.w3.org/1999/xhtml\"><p class=\"res-header-id\"><b>Generated Narrative: ValueSet sleep-quality-extended-vs</b></p><a name=\"sleep-quality-extended-vs\"> </a><a name=\"hcsleep-quality-extended-vs\"> </a><a name=\"sleep-quality-extended-vs-en-US\"> </a><ul><li>Include these codes as defined in <a href=\"http://www.snomed.org/\"><code>http://snomed.info/sct</code></a><table class=\"none\"><tr><td style=\"white-space:nowrap\"><b>Code</b></td><td><b>Display</b></td></tr><tr><td><a href=\"http://snomed.info/id/248220008\">248220008</a></td><td>Very good quality sleep</td></tr><tr><td><a href=\"http://snomed.info/id/248221007\">248221007</a></td><td>Good quality sleep</td></tr><tr><td><a href=\"http://snomed.info/id/248222000\">248222000</a></td><td>Poor quality sleep</td></tr><tr><td><a href=\"http://snomed.info/id/248223005\">248223005</a></td><td>Very poor quality sleep</td></tr></table></li></ul></div>"
  },
  "url" : "https://github.com/RicardoLSantos/shorthand/ValueSet/sleep-quality-extended-vs",
  "version" : "0.1.0",
  "name" : "SleepQualityExtendedVS",
  "title" : "Sleep Quality Value Set",
  "status" : "draft",
  "date" : "2025-01-04T22:09:55+00:00",
  "publisher" : "Ricardo Lourenço dos Santos",
  "contact" : [{
    "name" : "Ricardo Lourenço dos Santos",
    "telecom" : [{
      "system" : "url",
      "value" : "https://linktr.ee/ricardolsantos"
    }]
  }],
  "compose" : {
    "include" : [{
      "system" : "http://snomed.info/sct",
      "concept" : [{
        "code" : "248220008",
        "display" : "Very good quality sleep"
      },
      {
        "code" : "248221007",
        "display" : "Good quality sleep"
      },
      {
        "code" : "248222000",
        "display" : "Poor quality sleep"
      },
      {
        "code" : "248223005",
        "display" : "Very poor quality sleep"
      }]
    }]
  }
}