{
  "resourceType" : "ValueSet",
  "id" : "measurement-context-vital-signs",
  "text" : {
    "status" : "generated",
    "div" : "<div xmlns=\"http://www.w3.org/1999/xhtml\"><p class=\"res-header-id\"><b>Generated Narrative: ValueSet measurement-context-vital-signs</b></p><a name=\"measurement-context-vital-signs\"> </a><a name=\"hcmeasurement-context-vital-signs\"> </a><a name=\"measurement-context-vital-signs-en-US\"> </a><ul><li>Include these codes as defined in <a href=\"http://www.snomed.org/\"><code>http://snomed.info/sct</code></a><table class=\"none\"><tr><td style=\"white-space:nowrap\"><b>Code</b></td><td><b>Display</b></td></tr><tr><td><a href=\"http://snomed.info/id/255214003\">255214003</a></td><td>At rest</td></tr><tr><td><a href=\"http://snomed.info/id/309604004\">309604004</a></td><td>During exercise</td></tr><tr><td><a href=\"http://snomed.info/id/309605003\">309605003</a></td><td>Post exercise</td></tr><tr><td><a href=\"http://snomed.info/id/248626006\">248626006</a></td><td>During sleep</td></tr></table></li></ul></div>"
  },
  "url" : "https://github.com/RicardoLSantos/shorthand/ValueSet/measurement-context-vital-signs",
  "version" : "0.1.0",
  "name" : "MeasurementContextVitalSigns",
  "title" : "Measurement Context Value Set",
  "status" : "draft",
  "date" : "2025-01-04T22:27:27+00:00",
  "publisher" : "Ricardo Lourenço dos Santos",
  "contact" : [{
    "name" : "Ricardo Lourenço dos Santos",
    "telecom" : [{
      "system" : "url",
      "value" : "https://linktr.ee/ricardolsantos"
    }]
  }],
  "compose" : {
    "include" : [{
      "system" : "http://snomed.info/sct",
      "concept" : [{
        "code" : "255214003",
        "display" : "At rest"
      },
      {
        "code" : "309604004",
        "display" : "During exercise"
      },
      {
        "code" : "309605003",
        "display" : "Post exercise"
      },
      {
        "code" : "248626006",
        "display" : "During sleep"
      }]
    }]
  }
}