{
  "resourceType" : "ValueSet",
  "id" : "advanced-vital-signs-context-vs",
  "text" : {
    "status" : "generated",
    "div" : "<div xmlns=\"http://www.w3.org/1999/xhtml\"><p class=\"res-header-id\"><b>Generated Narrative: ValueSet advanced-vital-signs-context-vs</b></p><a name=\"advanced-vital-signs-context-vs\"> </a><a name=\"hcadvanced-vital-signs-context-vs\"> </a><a name=\"advanced-vital-signs-context-vs-en-US\"> </a><ul><li>Include all codes defined in <a href=\"CodeSystem-advanced-vital-signs-context-cs.html\"><code>https://github.com/RicardoLSantos/shorthand/CodeSystem/advanced-vital-signs-context-cs</code></a></li></ul></div>"
  },
  "url" : "https://github.com/RicardoLSantos/shorthand/ValueSet/advanced-vital-signs-context-vs",
  "version" : "0.1.0",
  "name" : "AdvancedVitalSignsContextVS",
  "title" : "Advanced Vital Signs Context Value Set",
  "status" : "draft",
  "experimental" : true,
  "date" : "2025-01-04T21:28:42+00:00",
  "publisher" : "Ricardo Lourenço dos Santos",
  "contact" : [{
    "name" : "Ricardo Lourenço dos Santos",
    "telecom" : [{
      "system" : "url",
      "value" : "https://linktr.ee/ricardolsantos"
    }]
  }],
  "description" : "Context codes for advanced vital sign measurements",
  "compose" : {
    "include" : [{
      "system" : "https://github.com/RicardoLSantos/shorthand/CodeSystem/advanced-vital-signs-context-cs"
    }]
  }
}