{
  "resourceType" : "ValueSet",
  "id" : "mood",
  "text" : {
    "status" : "generated",
    "div" : "<div xmlns=\"http://www.w3.org/1999/xhtml\"><p class=\"res-header-id\"><b>Generated Narrative: ValueSet mood</b></p><a name=\"mood\"> </a><a name=\"hcmood\"> </a><a name=\"mood-en-US\"> </a><p>This value set includes codes based on the following rules:</p><ul/></div>"
  },
  "url" : "http://example.org/fhir/ValueSet/mood",
  "version" : "0.1.0",
  "name" : "MoodValueSet",
  "title" : "Mood Value Set",
  "status" : "active",
  "experimental" : false,
  "date" : "2025-01-03T09:54:59+00:00",
  "publisher" : "Ricardo Lourenço dos Santos",
  "contact" : [{
    "name" : "Ricardo Lourenço dos Santos",
    "telecom" : [{
      "system" : "url",
      "value" : "https://linktr.ee/ricardolsantos"
    }]
  }],
  "description" : "Value set for mood states"
}