{
  "resourceType" : "ValueSet",
  "id" : "duration-units-vs",
  "text" : {
    "status" : "generated",
    "div" : "<div xmlns=\"http://www.w3.org/1999/xhtml\"><p class=\"res-header-id\"><b>Generated Narrative: ValueSet duration-units-vs</b></p><a name=\"duration-units-vs\"> </a><a name=\"hcduration-units-vs\"> </a><a name=\"duration-units-vs-en-US\"> </a><ul><li>Include these codes as defined in <a href=\"http://unitsofmeasure.org\"><code>http://unitsofmeasure.org</code></a><table class=\"none\"><tr><td style=\"white-space:nowrap\"><b>Code</b></td><td><b>Display</b></td></tr><tr><td>min</td><td>Minutes</td></tr><tr><td>h</td><td>Hours</td></tr><tr><td>d</td><td>Days</td></tr><tr><td>wk</td><td>Weeks</td></tr><tr><td>mo</td><td>Months</td></tr></table></li></ul></div>"
  },
  "url" : "https://github.com/RicardoLSantos/shorthand/ValueSet/duration-units-vs",
  "version" : "0.1.0",
  "name" : "DurationUnitsVS",
  "title" : "Duration Units Value Set",
  "status" : "draft",
  "date" : "2024-12-27T22:28:35+00:00",
  "publisher" : "Ricardo Lourenço dos Santos",
  "contact" : [{
    "name" : "Ricardo Lourenço dos Santos",
    "telecom" : [{
      "system" : "url",
      "value" : "https://linktr.ee/ricardolsantos"
    }]
  }],
  "description" : "Time units for symptom duration",
  "compose" : {
    "include" : [{
      "system" : "http://unitsofmeasure.org",
      "concept" : [{
        "code" : "min",
        "display" : "Minutes"
      },
      {
        "code" : "h",
        "display" : "Hours"
      },
      {
        "code" : "d",
        "display" : "Days"
      },
      {
        "code" : "wk",
        "display" : "Weeks"
      },
      {
        "code" : "mo",
        "display" : "Months"
      }]
    }]
  }
}