{
  "resourceType" : "ValueSet",
  "id" : "social-interaction-quality-vs",
  "text" : {
    "status" : "generated",
    "div" : "<div xmlns=\"http://www.w3.org/1999/xhtml\"><p class=\"res-header-id\"><b>Generated Narrative: ValueSet social-interaction-quality-vs</b></p><a name=\"social-interaction-quality-vs\"> </a><a name=\"hcsocial-interaction-quality-vs\"> </a><a name=\"social-interaction-quality-vs-en-US\"> </a><ul><li>Include all codes defined in <a href=\"CodeSystem-social-interaction-quality-cs.html\"><code>https://github.com/RicardoLSantos/shorthand/CodeSystem/social-interaction-quality-cs</code></a></li></ul></div>"
  },
  "url" : "https://github.com/RicardoLSantos/shorthand/ValueSet/social-interaction-quality-vs",
  "version" : "0.1.0",
  "name" : "SocialInteractionQualityVS",
  "title" : "Social Interaction Quality Value Set",
  "status" : "draft",
  "date" : "2025-01-04T21:28:42+00:00",
  "publisher" : "Ricardo Lourenço dos Santos",
  "contact" : [{
    "name" : "Ricardo Lourenço dos Santos",
    "telecom" : [{
      "system" : "url",
      "value" : "https://linktr.ee/ricardolsantos"
    }]
  }],
  "description" : "Quality measures for social interactions",
  "compose" : {
    "include" : [{
      "system" : "https://github.com/RicardoLSantos/shorthand/CodeSystem/social-interaction-quality-cs"
    }]
  }
}