{
  "resourceType" : "ValueSet",
  "id" : "social-context-vs",
  "text" : {
    "status" : "generated",
    "div" : "<div xmlns=\"http://www.w3.org/1999/xhtml\"><p class=\"res-header-id\"><b>Generated Narrative: ValueSet social-context-vs</b></p><a name=\"social-context-vs\"> </a><a name=\"hcsocial-context-vs\"> </a><a name=\"social-context-vs-en-US\"> </a><ul><li>Include all codes defined in <a href=\"CodeSystem-social-context-cs.html\"><code>https://github.com/RicardoLSantos/shorthand/CodeSystem/social-context-cs</code></a></li></ul></div>"
  },
  "url" : "https://github.com/RicardoLSantos/shorthand/ValueSet/social-context-vs",
  "version" : "0.1.0",
  "name" : "SocialContextVS",
  "title" : "Social Context Value Set",
  "status" : "draft",
  "date" : "2025-01-04T22:47:01+00:00",
  "publisher" : "Ricardo Lourenço dos Santos",
  "contact" : [{
    "name" : "Ricardo Lourenço dos Santos",
    "telecom" : [{
      "system" : "url",
      "value" : "https://linktr.ee/ricardolsantos"
    }]
  }],
  "description" : "Value set for social interaction contexts",
  "compose" : {
    "include" : [{
      "system" : "https://github.com/RicardoLSantos/shorthand/CodeSystem/social-context-cs"
    }]
  }
}