{
  "resourceType" : "ValueSet",
  "id" : "risk-level",
  "text" : {
    "status" : "generated",
    "div" : "<div xmlns=\"http://www.w3.org/1999/xhtml\"><p class=\"res-header-id\"><b>Generated Narrative: ValueSet risk-level</b></p><a name=\"risk-level\"> </a><a name=\"hcrisk-level\"> </a><a name=\"risk-level-en-US\"> </a><ul><li>Include all codes defined in <code>http://example.org/fhir/CodeSystem/risk-level</code></li></ul></div>"
  },
  "url" : "http://example.org/fhir/ValueSet/risk-level",
  "version" : "0.1.0",
  "name" : "RiskLevelValueSet",
  "title" : "Risk Level Value Set",
  "status" : "active",
  "date" : "2025-01-04T22:09:55+00:00",
  "publisher" : "Ricardo Lourenço dos Santos",
  "contact" : [{
    "name" : "Ricardo Lourenço dos Santos",
    "telecom" : [{
      "system" : "url",
      "value" : "https://linktr.ee/ricardolsantos"
    }]
  }],
  "description" : "Value set for general risk levels",
  "compose" : {
    "include" : [{
      "system" : "http://example.org/fhir/CodeSystem/risk-level"
    }]
  }
}