{
  "resourceType" : "ValueSet",
  "id" : "balance-status",
  "text" : {
    "status" : "generated",
    "div" : "<div xmlns=\"http://www.w3.org/1999/xhtml\"><p class=\"res-header-id\"><b>Generated Narrative: ValueSet balance-status</b></p><a name=\"balance-status\"> </a><a name=\"hcbalance-status\"> </a><a name=\"balance-status-en-US\"> </a><ul><li>Include all codes defined in <a href=\"CodeSystem-balance-status.html\"><code>http://example.org/fhir/CodeSystem/balance-status</code></a></li></ul></div>"
  },
  "url" : "http://example.org/fhir/ValueSet/balance-status",
  "version" : "0.1.0",
  "name" : "BalanceStatusValueSet",
  "title" : "Balance Status Value Set",
  "status" : "active",
  "date" : "2025-01-04T22:09:55+00:00",
  "publisher" : "Ricardo Lourenço dos Santos",
  "contact" : [{
    "name" : "Ricardo Lourenço dos Santos",
    "telecom" : [{
      "system" : "url",
      "value" : "https://linktr.ee/ricardolsantos"
    }]
  }],
  "description" : "Value set for walking steadiness balance status",
  "compose" : {
    "include" : [{
      "system" : "http://example.org/fhir/CodeSystem/balance-status"
    }]
  }
}