{
  "resourceType" : "ValueSet",
  "id" : "mobility-alert-level-vs",
  "text" : {
    "status" : "generated",
    "div" : "<div xmlns=\"http://www.w3.org/1999/xhtml\"><p class=\"res-header-id\"><b>Generated Narrative: ValueSet mobility-alert-level-vs</b></p><a name=\"mobility-alert-level-vs\"> </a><a name=\"hcmobility-alert-level-vs\"> </a><a name=\"mobility-alert-level-vs-en-US\"> </a><ul><li>Include all codes defined in <a href=\"CodeSystem-mobility-alert-level-cs.html\"><code>https://github.com/RicardoLSantos/shorthand/CodeSystem/mobility-alert-level-cs</code></a></li></ul></div>"
  },
  "url" : "https://github.com/RicardoLSantos/shorthand/ValueSet/mobility-alert-level-vs",
  "version" : "0.1.0",
  "name" : "MobilityAlertLevelVS",
  "title" : "Mobility Alert Level Value Set",
  "status" : "active",
  "experimental" : false,
  "date" : "2025-01-03T09:54:59+00:00",
  "publisher" : "Ricardo Lourenço dos Santos",
  "contact" : [{
    "name" : "Ricardo Lourenço dos Santos",
    "telecom" : [{
      "system" : "url",
      "value" : "https://linktr.ee/ricardolsantos"
    }]
  }],
  "description" : "Value set for mobility measurement alert levels used to categorize the severity of mobility changes or concerns",
  "purpose" : "To provide standardized alert levels for mobility measurements",
  "compose" : {
    "include" : [{
      "system" : "https://github.com/RicardoLSantos/shorthand/CodeSystem/mobility-alert-level-cs"
    }]
  }
}